organism,outcome,representation,estimator,test_sequence,r2,rmse,naive_rmse,beats_naive,fold_pass
Drosophila,future_radial_velocity,mask_ablation,naive_train_mean,01,-0.014328476616699337,0.004809393858165502,0.004809393858165502,False,False
Drosophila,future_radial_velocity,mask_ablation,ridge,01,-1.7568525139205583e+25,20015603421.054836,0.004809393858165502,False,False
Drosophila,future_radial_velocity,mask_ablation,random_forest,01,-0.2662821928910599,0.0053736117528793105,0.004809393858165502,False,False
Drosophila,future_radial_velocity,mask_ablation,extra_trees,01,-0.2652676169521162,0.005371458587607768,0.004809393858165502,False,False
Drosophila,future_radial_velocity,mask_ablation,naive_train_mean,02,-0.014620958599730782,0.004761732954612779,0.004761732954612779,False,False
Drosophila,future_radial_velocity,mask_ablation,ridge,02,-1.4398977753027342,0.007384123246926037,0.004761732954612779,False,False
Drosophila,future_radial_velocity,mask_ablation,random_forest,02,-0.5152000986556735,0.005818996771711892,0.004761732954612779,False,False
Drosophila,future_radial_velocity,mask_ablation,extra_trees,02,-0.5108958071661671,0.005810725761373564,0.004761732954612779,False,False
Drosophila,future_radial_velocity,full_primary,naive_train_mean,01,-0.014328476616699337,0.004809393858165502,0.004809393858165502,False,False
Drosophila,future_radial_velocity,full_primary,ridge,01,-2.0503168253235383e+25,21622779677.20443,0.004809393858165502,False,False
Drosophila,future_radial_velocity,full_primary,random_forest,01,-0.18621585838963228,0.0052009526295058,0.004809393858165502,False,False
Drosophila,future_radial_velocity,full_primary,extra_trees,01,-0.19690104504429784,0.005224324666678299,0.004809393858165502,False,False
Drosophila,future_radial_velocity,full_primary,naive_train_mean,02,-0.014620958599730782,0.004761732954612779,0.004761732954612779,False,False
Drosophila,future_radial_velocity,full_primary,ridge,02,-1.621765568501477,0.007654380532423928,0.004761732954612779,False,False
Drosophila,future_radial_velocity,full_primary,random_forest,02,-0.4549260583350878,0.005702083627735821,0.004761732954612779,False,False
Drosophila,future_radial_velocity,full_primary,extra_trees,02,-0.42034338772149393,0.005633908614528662,0.004761732954612779,False,False
Drosophila,future_speed,mask_ablation,naive_train_mean,01,-4.015780463345341,0.00837693895047628,0.00837693895047628,False,False
Drosophila,future_speed,mask_ablation,ridge,01,-1.6270287086060796e+25,15087375476.047432,0.00837693895047628,False,False
Drosophila,future_speed,mask_ablation,random_forest,01,-4.599019598530894,0.008850587183201275,0.00837693895047628,False,False
Drosophila,future_speed,mask_ablation,extra_trees,01,-4.478403816363035,0.008754737145368695,0.00837693895047628,False,False
Drosophila,future_speed,mask_ablation,naive_train_mean,02,-15.37225779656649,0.00773546685470963,0.00773546685470963,False,False
Drosophila,future_speed,mask_ablation,ridge,02,-17.10130315988131,0.008133681521415068,0.00773546685470963,False,False
Drosophila,future_speed,mask_ablation,random_forest,02,-17.23068426677515,0.0081626979673963,0.00773546685470963,False,False
Drosophila,future_speed,mask_ablation,extra_trees,02,-17.773953446141284,0.008283428171624172,0.00773546685470963,False,False
Drosophila,future_speed,full_primary,naive_train_mean,01,-4.015780463345341,0.00837693895047628,0.00837693895047628,False,False
Drosophila,future_speed,full_primary,ridge,01,-6.240102102292603e+24,9343550528.462872,0.00837693895047628,False,False
Drosophila,future_speed,full_primary,random_forest,01,-4.866447634730438,0.009059488746227718,0.00837693895047628,False,False
Drosophila,future_speed,full_primary,extra_trees,01,-4.718231804719721,0.008944312595629781,0.00837693895047628,False,False
Drosophila,future_speed,full_primary,naive_train_mean,02,-15.37225779656649,0.00773546685470963,0.00773546685470963,False,False
Drosophila,future_speed,full_primary,ridge,02,-13.529997276210544,0.007287272483266018,0.00773546685470963,True,False
Drosophila,future_speed,full_primary,random_forest,02,-15.663489211286247,0.0078039632343732835,0.00773546685470963,False,False
Drosophila,future_speed,full_primary,extra_trees,02,-16.970785666947013,0.008104304955064045,0.00773546685470963,False,False
Tribolium,future_radial_velocity,mask_ablation,naive_train_mean,01,-0.06175334706120461,0.0016242795254091961,0.0016242795254091961,False,False
Tribolium,future_radial_velocity,mask_ablation,ridge,01,-0.3783968788331382,0.001850700281722841,0.0016242795254091961,False,False
Tribolium,future_radial_velocity,mask_ablation,random_forest,01,-0.3529042369266546,0.0018335066058053847,0.0016242795254091961,False,False
Tribolium,future_radial_velocity,mask_ablation,extra_trees,01,-0.34627877114192396,0.0018290115557764467,0.0016242795254091961,False,False
Tribolium,future_radial_velocity,mask_ablation,naive_train_mean,02,-0.09396467788744034,0.0013365910123929621,0.0013365910123929621,False,False
Tribolium,future_radial_velocity,mask_ablation,ridge,02,-0.4948491556531074,0.0015624120216906421,0.0013365910123929621,False,False
Tribolium,future_radial_velocity,mask_ablation,random_forest,02,0.06579376843223206,0.0012351459156667798,0.0013365910123929621,True,True
Tribolium,future_radial_velocity,mask_ablation,extra_trees,02,0.018980205093606983,0.0012657145482724052,0.0013365910123929621,True,True
Tribolium,future_radial_velocity,full_primary,naive_train_mean,01,-0.06175334706120461,0.0016242795254091961,0.0016242795254091961,False,False
Tribolium,future_radial_velocity,full_primary,ridge,01,-0.2708870015882787,0.0017770613423446378,0.0016242795254091961,False,False
Tribolium,future_radial_velocity,full_primary,random_forest,01,-0.17973461379599076,0.0017121472456469219,0.0016242795254091961,False,False
Tribolium,future_radial_velocity,full_primary,extra_trees,01,-0.07770179500388652,0.001636433093599837,0.0016242795254091961,False,False
Tribolium,future_radial_velocity,full_primary,naive_train_mean,02,-0.09396467788744034,0.0013365910123929621,0.0013365910123929621,False,False
Tribolium,future_radial_velocity,full_primary,ridge,02,-0.5436829624147204,0.0015877274090344735,0.0013365910123929621,False,False
Tribolium,future_radial_velocity,full_primary,random_forest,02,0.2953748386217002,0.0010726942688642097,0.0013365910123929621,True,True
Tribolium,future_radial_velocity,full_primary,extra_trees,02,0.2992773267750365,0.0010697196454890884,0.0013365910123929621,True,True
Tribolium,future_speed,mask_ablation,naive_train_mean,01,-0.11478436086564536,0.0009238392664411055,0.0009238392664411055,False,False
Tribolium,future_speed,mask_ablation,ridge,01,-1.5807780666909803,0.0014056471396680398,0.0009238392664411055,False,False
Tribolium,future_speed,mask_ablation,random_forest,01,-0.3715152393778316,0.001024710773850976,0.0009238392664411055,False,False
Tribolium,future_speed,mask_ablation,extra_trees,01,-0.02855576797155246,0.0008873907668197392,0.0009238392664411055,True,False
Tribolium,future_speed,mask_ablation,naive_train_mean,02,-0.06850619481982201,0.0011707547901457704,0.0011707547901457704,False,False
Tribolium,future_speed,mask_ablation,ridge,02,-0.008548734112233447,0.0011374331082464407,0.0011707547901457704,True,False
Tribolium,future_speed,mask_ablation,random_forest,02,-0.19135440125680891,0.0012362260986175874,0.0011707547901457704,False,False
Tribolium,future_speed,mask_ablation,extra_trees,02,-0.10006154228838104,0.0011879164934482222,0.0011707547901457704,False,False
Tribolium,future_speed,full_primary,naive_train_mean,01,-0.11478436086564536,0.0009238392664411055,0.0009238392664411055,False,False
Tribolium,future_speed,full_primary,ridge,01,-2.5891811090820207,0.0016576722613590483,0.0009238392664411055,False,False
Tribolium,future_speed,full_primary,random_forest,01,-0.16627833383938917,0.0009449353310073622,0.0009238392664411055,False,False
Tribolium,future_speed,full_primary,extra_trees,01,-0.08730580184293979,0.0009123822682250398,0.0009238392664411055,True,False
Tribolium,future_speed,full_primary,naive_train_mean,02,-0.06850619481982201,0.0011707547901457704,0.0011707547901457704,False,False
Tribolium,future_speed,full_primary,ridge,02,-0.18893769375508707,0.0012349715963740784,0.0011707547901457704,False,False
Tribolium,future_speed,full_primary,random_forest,02,-0.0013010927017900187,0.0011333388236956295,0.0011707547901457704,True,False
Tribolium,future_speed,full_primary,extra_trees,02,-0.01405372122929105,0.0011405331237613937,0.0011707547901457704,True,False
