sequence,frame,label,mask_voxels,center_x,center_y,center_z,eig1,eig2,eig3,eigfrac1,eigfrac2,eigfrac3,axis_ratio21,axis_ratio31,bbox_major,bbox_mid,bbox_minor,bbox_ratio_minor_major,proxy_volume_phys,surface_area_phys,projected_area_px,perimeter_px,sphericity,intensity_mean,intensity_var,intensity_q25,intensity_median,intensity_q75,gradient_mean_inplane,gradient_q75_inplane,boundary_mean_intensity,outside_neighbor_mean_intensity,boundary_contrast_norm,intensity_polarity_norm,intensity_axis_asym_abs,roundness
01,24,1,75,277.2980000000001,196.91000000000003,75.11000000000011,2.7472666666666514,0.3296719999999954,0.3296719999999909,0.8064516129032281,0.09677419354838657,0.09677419354838525,0.3464101615142363,0.346410161514234,6.09,2.0300000000000002,2.0300000000000002,0.33333333333327864,25.096281,57.69259999999997,,,0.7185167970941759,1143.9466666666667,30169.730488888887,1048.5,1164.0,1267.5,111.37841740837366,143.68958920297774,1113.3333333333333,1060.3166666666666,0.04634540071798214,0.08940238736469401,0.0978699570871498,
01,24,2,75,273.2379999999999,200.56400000000005,81.1999999999998,2.7472666666666665,0.3296720000000001,0.3296719999999909,0.8064516129032279,0.09677419354838737,0.0967741935483847,0.3464101615142378,0.34641016151423304,6.09,2.0300000000000002,2.0300000000000002,0.33333333333327864,25.096281,57.69259999999996,,,0.718516797094176,1139.84,44298.05440000001,978.5,1226.0,1299.0,95.21887033814538,129.0144771689013,1131.0,1136.9166666666667,-0.0051907870110425485,0.12893402806907212,0.14286397924290567,
01,24,7,75,308.9659999999999,203.81200000000007,117.74000000000007,2.7472666666666523,0.32967200000000974,0.3296720000000094,0.8064516129032205,0.09677419354838983,0.09677419354838973,0.3464101615142438,0.34641016151424364,6.09,2.0300000000000002,2.0300000000000002,0.33333333333327864,25.096281,57.69259999999996,,,0.718516797094176,920.36,8683.537066666666,854.0,917.0,984.0,51.50535477183615,70.27586023624723,917.2916666666666,904.2166666666667,0.014206397496631662,0.018614398327732155,0.01607514238598342,
01,24,10,75,300.84599999999995,186.35399999999993,77.13999999999996,2.7472666666666505,0.32967200000000957,0.329671999999991,0.8064516129032246,0.09677419354839034,0.09677419354838489,0.3464101615142438,0.34641016151423404,6.09,2.0300000000000002,2.0300000000000002,0.33333333333327864,25.096281,57.69259999999997,,,0.7185167970941759,1407.8,49599.92,1256.5,1372.0,1525.0,167.2686928423385,215.09870059337146,1375.8958333333333,1258.65,0.08328301842117708,0.03569450731690636,0.028291449934368267,
01,24,13,75,281.764,191.63199999999995,71.05000000000003,2.747266666666671,0.3296720000000094,0.32967200000000063,0.8064516129032238,0.09677419354838945,0.09677419354838689,0.3464101615142425,0.34641016151423787,6.09,2.0300000000000002,2.0300000000000002,0.33333333333327864,25.096281,57.69259999999996,,,0.718516797094176,1062.3866666666668,32205.81048888889,975.0,1073.0,1159.5,108.29064150040692,132.8100848528512,1083.9791666666667,1088.7,-0.004443611240100872,0.059011107205081514,0.056119473455336286,
01,24,18,75,292.32000000000005,198.5339999999999,85.26000000000006,2.747266666666671,0.3296720000000002,0.3296719999999817,0.8064516129032303,0.09677419354838754,0.09677419354838211,0.3464101615142376,0.3464101615142279,6.09,2.0300000000000002,2.0300000000000002,0.33333333333327864,25.096281,57.69259999999997,,,0.7185167970941759,1113.04,47028.78506666666,936.0,1110.0,1251.0,102.6432993369057,145.76839418094815,1121.0,1077.3,0.03926184144325452,0.0974773889575409,0.10366859844808153,
01,24,23,75,210.71400000000014,197.31600000000012,52.78,2.74726666666667,0.3296719999999957,0.32967199999999547,0.8064516129032281,0.09677419354838598,0.09677419354838593,0.3464101615142353,0.3464101615142352,6.09,2.0300000000000002,2.0300000000000002,0.33333333333327864,25.096281,57.69259999999996,,,0.718516797094176,1189.2133333333334,63851.58115555557,995.0,1168.0,1338.5,128.02812703689887,171.5495876395396,1176.8333333333333,1141.8166666666666,0.029445235505824542,0.14285095409113316,0.1572967283894436,
01,24,28,75,321.9580000000001,186.35399999999993,85.26000000000006,2.747266666666671,0.3296720000000098,0.3296720000000094,0.8064516129032215,0.09677419354838931,0.09677419354838919,0.34641016151424264,0.3464101615142425,6.09,2.0300000000000002,2.0300000000000002,0.33333333333327864,25.096281,57.69259999999997,,,0.7185167970941759,1103.7866666666666,26042.834488888893,992.5,1043.0,1215.5,94.88980906398518,128.01461743489315,1115.9166666666667,1116.9,-0.0008908726323927459,0.06270614645417126,0.062950442449885,
01,24,33,75,263.49400000000014,213.96199999999996,103.53000000000013,2.7472666666666745,0.3296720000000094,0.3296720000000001,0.8064516129032241,0.09677419354838937,0.09677419354838664,0.34641016151424225,0.3464101615142373,6.09,2.0300000000000002,2.0300000000000002,0.33333333333327864,25.096281,57.69259999999997,,,0.7185167970941759,927.0533333333333,17858.557155555554,846.0,915.0,1027.0,56.46391623111205,78.1070687377386,920.5625,902.2,0.01980738253103015,0.02519534146427339,0.013105469434620279,
01,24,36,75,219.64600000000007,204.62400000000005,66.99000000000002,2.74726666666667,0.3296720000000094,0.3296719999999954,0.8064516129032249,0.09677419354838962,0.09677419354838551,0.34641016151424253,0.34641016151423515,6.09,2.0300000000000002,2.0300000000000002,0.33333333333327864,25.096281,57.69259999999997,,,0.7185167970941759,859.1066666666667,25111.961955555555,761.5,829.0,961.5,98.8180866022875,128.61010230607238,861.1875,827.6,0.039095843744664925,0.04204802361486421,0.026516212120983023,
01,24,37,75,266.74199999999996,194.06799999999993,69.02000000000005,2.747266666666671,0.3296720000000096,0.3296720000000094,0.8064516129032215,0.09677419354838926,0.09677419354838919,0.3464101615142426,0.3464101615142425,6.09,2.0300000000000002,2.0300000000000002,0.33333333333327864,25.096281,57.69259999999996,,,0.718516797094176,1249.6266666666668,54270.42062222223,1099.0,1270.0,1397.0,123.23574920556304,150.89355019852104,1241.25,1151.05,0.07218155822538996,0.11100614802844351,0.1220275667297997,
01,24,40,75,301.658,190.81999999999996,85.26000000000006,2.7472666666666714,0.3296720000000094,0.32967199999999586,0.8064516129032249,0.09677419354838958,0.0967741935483856,0.3464101615142424,0.3464101615142353,6.09,2.0300000000000002,2.0300000000000002,0.33333333333327864,25.096281,57.69259999999997,,,0.7185167970941759,1115.7733333333333,49665.00195555556,928.5,1150.0,1231.5,114.90776087780927,153.31558297913273,1126.8125,1088.45,0.03438198319849903,0.09176342344852766,0.10200962864141534,
01,24,45,75,259.43399999999986,200.56400000000005,79.16999999999994,2.74726666666667,0.32967200000000946,0.32967200000000063,0.8064516129032238,0.0967741935483895,0.09677419354838691,0.34641016151424253,0.3464101615142379,6.09,2.0300000000000002,2.0300000000000002,0.33333333333327864,25.096281,57.69259999999996,,,0.718516797094176,1126.72,25324.894933333333,1007.5,1105.0,1269.5,92.14080691475746,111.20827254969176,1110.0416666666667,1049.6833333333334,0.05356994935150996,0.047865240930540134,0.04798743573288595,
01,24,46,75,317.8979999999998,196.098,113.68000000000002,2.7472666666666705,0.3296720000000094,0.32967200000000935,0.8064516129032216,0.09677419354838922,0.0967741935483892,0.3464101615142425,0.3464101615142425,6.09,2.0300000000000002,2.0300000000000002,0.33333333333327864,25.096281,57.69259999999997,,,0.7185167970941759,1019.5333333333333,18980.915555555555,917.5,1045.0,1120.5,67.85862147064358,85.72732332792333,1004.9375,951.1833333333333,0.052724285620872294,0.10190005974798434,0.11290429083158264,
01,24,49,75,273.2379999999999,211.52600000000004,107.59,2.74726666666667,0.32967200000000024,0.3296719999999909,0.806451612903228,0.09677419354838732,0.09677419354838457,0.3464101615142377,0.3464101615142328,6.09,2.0300000000000002,2.0300000000000002,0.33333333333327864,25.096281,57.69259999999997,,,0.7185167970941759,997.2533333333333,25639.84248888889,851.0,1023.0,1139.5,67.20999671017856,85.52849712465365,996.3958333333334,969.0,0.02747128780383454,0.0871652149516084,0.09690670573696217,
01,24,52,75,283.79400000000015,197.31600000000012,85.26000000000006,2.747266666666671,0.3296719999999959,0.3296719999999909,0.8064516129032291,0.09677419354838614,0.09677419354838468,0.34641016151423537,0.34641016151423276,6.09,2.0300000000000002,2.0300000000000002,0.33333333333327864,25.096281,57.69259999999996,,,0.718516797094176,1098.84,60546.694399999986,930.5,1207.0,1280.5,99.7238036169906,132.6177227395309,1092.1458333333333,1031.45,0.05523627947047174,0.14277823222130825,0.1588053304172878,
01,24,57,75,223.70599999999996,200.96999999999994,66.99000000000002,2.7472666666666705,0.3296720000000094,0.3296719999999956,0.8064516129032249,0.0967741935483896,0.09677419354838555,0.3464101615142425,0.3464101615142352,6.09,2.0300000000000002,2.0300000000000002,0.33333333333327864,25.096281,57.69259999999997,,,0.7185167970941759,1092.6533333333334,35666.14648888889,947.0,1052.0,1243.5,87.87892283513541,121.96303895464003,1080.4583333333333,1001.3166666666667,0.07243071910578512,0.0343289409308994,0.03474760919578177,
01,24,58,75,277.2980000000001,211.9320000000001,138.03999999999994,2.74726666666667,0.3296720000000092,0.3296719999999909,0.8064516129032259,0.09677419354838969,0.09677419354838432,0.34641016151424237,0.3464101615142328,6.09,2.0300000000000002,2.0300000000000002,0.33333333333327864,25.096281,57.69259999999996,,,0.718516797094176,923.2933333333333,12151.460622222223,839.0,908.0,1013.0,53.728385245199,75.24207290235223,908.1041666666666,884.95,0.025077801204384187,0.051138509391819444,0.05636723475560146,
01,24,63,75,286.2300000000001,200.56400000000005,113.68000000000002,2.74726666666667,0.3296720000000094,0.3296720000000001,0.8064516129032238,0.0967741935483895,0.09677419354838676,0.34641016151424253,0.3464101615142376,6.09,2.0300000000000002,2.0300000000000002,0.33333333333327864,25.096281,57.69259999999998,,,0.7185167970941759,772.6,18155.173333333332,615.5,782.0,891.5,44.203203506180394,61.35813843464919,762.375,728.15,0.044298472689619436,0.08943855387541692,0.09908713361085435,
01,24,68,75,286.6360000000001,208.278,140.07000000000005,2.747266666666671,0.3296720000000094,0.3296720000000007,0.8064516129032236,0.09677419354838945,0.09677419354838689,0.3464101615142425,0.34641016151423787,6.09,2.0300000000000002,2.0300000000000002,0.33333333333327864,25.096281,57.69259999999997,,,0.7185167970941759,844.0533333333333,18255.11715555556,734.0,866.0,947.5,69.02178951252442,87.12697804365013,830.7916666666666,806.45,0.028839014912169714,0.10968662380039189,0.12115114976384735,
01,24,71,75,229.79600000000002,200.96999999999994,62.929999999999986,2.74726666666667,0.32967200000000013,0.32967199999999564,0.8064516129032271,0.09677419354838716,0.09677419354838585,0.34641016151423765,0.34641016151423526,6.09,2.0300000000000002,2.0300000000000002,0.33333333333327864,25.096281,57.69259999999997,,,0.7185167970941759,1238.0,19029.146666666667,1174.0,1242.0,1342.5,113.29930828303121,142.2349274667996,1205.375,1121.0333333333333,0.0681273559504577,0.03179545986977722,0.02834654527322145,
01,24,76,75,310.5899999999998,190.4140000000001,87.28999999999989,2.747266666666668,0.3296720000000094,0.3296720000000005,0.8064516129032235,0.09677419354838955,0.09677419354838694,0.34641016151424264,0.346410161514238,6.09,2.0300000000000002,2.0300000000000002,0.33333333333327864,25.096281,57.69259999999996,,,0.718516797094176,980.0133333333333,39727.39982222222,823.0,1005.0,1087.0,82.2819388715552,118.30696950844785,977.0833333333334,1008.1166666666667,-0.03166623583352601,0.13451470449200761,0.14775054454532782,
01,24,77,75,296.37999999999977,208.6839999999999,115.70999999999992,2.7472666666666696,0.3296719999999961,0.3296719999999818,0.8064516129032312,0.0967741935483865,0.0967741935483823,0.34641016151423554,0.34641016151422804,6.09,2.0300000000000002,2.0300000000000002,0.33333333333327864,25.096281,57.69259999999996,,,0.718516797094176,931.1333333333333,12343.875555555556,845.5,918.0,1023.0,67.34581483181928,91.12140578523989,924.3125,906.0666666666667,0.019595296054986677,0.04872125574741183,0.05110484077094582,
01,24,82,75,274.0499999999999,211.9320000000001,131.94999999999982,2.7472666666666674,0.3296720000000095,0.3296720000000094,0.8064516129032214,0.09677419354838934,0.09677419354838931,0.34641016151424275,0.3464101615142427,6.09,2.0300000000000002,2.0300000000000002,0.33333333333327864,25.096281,57.69259999999997,,,0.7185167970941759,871.16,16735.494400000003,786.0,870.0,924.0,58.130668476157204,76.71489822541182,873.3958333333334,853.25,0.023125296539479943,0.053080169582987065,0.055729012697828345,
01,24,87,75,293.53799999999995,205.84200000000004,148.1899999999997,2.7472666666666727,0.3296720000000097,0.3296720000000094,0.8064516129032216,0.09677419354838923,0.09677419354838915,0.3464101615142425,0.3464101615142423,6.09,2.0300000000000002,2.0300000000000002,0.33333333333327864,25.096281,57.69259999999996,,,0.718516797094176,819.8266666666667,11981.47662222222,721.0,807.0,916.0,49.44987308861057,67.64877717778657,813.6458333333334,788.3,0.03091608795355122,0.012058855213372662,0.00784799192216764,
01,24,90,75,221.67599999999996,218.42800000000008,131.94999999999982,2.7472666666666683,0.3296720000000094,0.3296719999999952,0.8064516129032249,0.09677419354838969,0.09677419354838551,0.3464101615142426,0.34641016151423515,6.09,2.0300000000000002,2.0300000000000002,0.33333333333327864,25.096281,57.69259999999996,,,0.718516797094176,905.8133333333334,21598.418488888892,788.0,856.0,1035.5,57.240595199590764,78.03890814431054,916.125,914.45,0.0018491668629297638,0.029047883565673272,0.02623062570475469,
01,24,95,75,317.0859999999999,189.19600000000005,89.32000000000015,2.747266666666673,0.3296720000000094,0.32967199999999586,0.806451612903225,0.09677419354838952,0.09677419354838554,0.3464101615142423,0.3464101615142352,6.09,2.0300000000000002,2.0300000000000002,0.33333333333327864,25.096281,57.69259999999997,,,0.7185167970941759,1163.96,29751.1584,1071.0,1218.0,1286.5,85.00822846201343,105.31015940932181,1179.9166666666667,1168.4833333333333,0.009822788870178858,0.07224327286026944,0.0798005524643411,
01,24,100,75,308.1540000000001,194.47399999999996,95.40999999999984,2.7472666666666683,0.32967199999999997,0.3296719999999817,0.8064516129032302,0.09677419354838757,0.0967741935483822,0.34641016151423765,0.34641016151422804,6.09,2.0300000000000002,2.0300000000000002,0.33333333333327864,25.096281,57.69259999999997,,,0.7185167970941759,909.96,21728.705066666662,803.0,909.0,1004.5,99.4663863011157,130.9273693669755,946.4791666666666,1025.7333333333333,-0.08709631925212825,0.04428591883999996,0.04802287684200797,
01,24,105,75,328.0480000000002,184.7299999999999,95.40999999999984,2.7472666666666683,0.3296720000000002,0.329671999999991,0.8064516129032279,0.09677419354838734,0.09677419354838464,0.34641016151423776,0.34641016151423293,6.09,2.0300000000000002,2.0300000000000002,0.33333333333327864,25.096281,57.69259999999997,,,0.7185167970941759,964.0133333333333,14782.066488888891,871.0,965.0,1030.5,74.93487823811067,94.74626973520022,974.125,959.3,0.015378418002517285,0.05201259993105123,0.05776379319010057,
01,24,110,75,325.61199999999985,194.06799999999993,105.56000000000012,2.74726666666667,0.32967200000000946,0.32967200000000946,0.8064516129032216,0.09677419354838925,0.09677419354838925,0.34641016151424253,0.34641016151424253,6.09,2.0300000000000002,2.0300000000000002,0.33333333333327864,25.096281,57.69259999999997,,,0.7185167970941759,1033.4666666666667,25771.688888888886,897.5,1011.0,1173.0,84.35571195188241,106.8029587826993,1015.7916666666666,970.1833333333333,0.044131402399690337,0.05532054336366257,0.05731066505664586,
01,24,111,75,336.168,183.91799999999992,93.37999999999998,2.747266666666669,0.3296720000000094,0.32967200000000046,0.8064516129032236,0.09677419354838951,0.09677419354838689,0.34641016151424253,0.34641016151423787,6.09,2.0300000000000002,2.0300000000000002,0.33333333333327864,25.096281,57.69259999999997,,,0.7185167970941759,1197.2933333333333,28748.660622222218,1084.0,1197.0,1306.0,88.67181946299151,112.09667908968298,1175.7708333333333,1115.25,0.05054804169404313,0.09327123906018993,0.10275652706725286,
01,24,114,75,199.34599999999995,198.12800000000004,52.78,2.74726666666667,0.32967200000001,0.32967199999999564,0.8064516129032246,0.09677419354838977,0.09677419354838555,0.3464101615142428,0.34641016151423526,6.09,2.0300000000000002,2.0300000000000002,0.33333333333327864,25.096281,57.69259999999996,,,0.718516797094176,1208.8933333333334,21171.16195555555,1121.0,1209.0,1294.5,120.07372263237336,164.79456478347214,1191.7708333333333,1107.8666666666666,0.06940576505233434,0.008781571366254239,6.754082914768236e-05,
01,24,117,75,334.54400000000015,192.03800000000004,111.65000000000002,2.74726666666667,0.3296720000000096,0.3296719999999909,0.8064516129032258,0.0967741935483898,0.0967741935483843,0.34641016151424264,0.3464101615142328,6.09,2.0300000000000002,2.0300000000000002,0.33333333333327864,25.096281,57.69259999999996,,,0.718516797094176,976.4133333333333,22899.229155555553,846.0,1005.0,1088.5,69.75406724989263,94.31808833318087,971.75,977.35,-0.005735276044298197,0.10608542573245702,0.1175725641582975,
01,24,120,75,320.33400000000023,204.2180000000001,127.8900000000001,2.74726666666667,0.3296720000000005,0.329671999999991,0.806451612903228,0.0967741935483874,0.0967741935483846,0.34641016151423787,0.3464101615142328,6.09,2.0300000000000002,2.0300000000000002,0.33333333333327864,25.096281,57.69259999999997,,,0.7185167970941759,852.08,15662.980266666667,758.5,887.0,945.5,53.5299859656881,70.84655550896684,854.125,859.05,-0.005779973711388542,0.10284152053949532,0.11399215245887372,
01,24,123,75,246.84800000000018,194.47399999999996,60.90000000000001,2.747266666666661,0.3296720000000002,0.32967200000000013,0.8064516129032254,0.0967741935483873,0.09677419354838727,0.3464101615142382,0.3464101615142382,6.09,2.0300000000000002,2.0300000000000002,0.33333333333327864,25.096281,57.69259999999996,,,0.718516797094176,1272.44,60023.979733333326,1081.0,1207.0,1421.5,138.32511034034718,191.1918894812299,1272.2708333333333,1220.0333333333333,0.04105301625223973,0.07612710049735759,0.0771553463351448,
01,24,128,75,233.0440000000001,207.87199999999996,75.11000000000011,2.7472666666666514,0.3296720000000095,0.3296720000000004,0.8064516129032226,0.09677419354839005,0.09677419354838737,0.34641016151424375,0.346410161514239,6.09,2.0300000000000002,2.0300000000000002,0.33333333333327864,25.096281,57.69259999999997,,,0.7185167970941759,1004.8,26672.186666666665,927.5,1001.0,1068.0,97.84967289432205,147.0369922144704,987.7291666666666,985.0333333333333,0.0026829551486199474,0.07789998672820765,0.08641147135340199,
01,24,133,75,251.314,196.098,64.95999999999994,2.747266666666669,0.3296720000000092,0.3296720000000004,0.8064516129032236,0.09677419354838944,0.09677419354838687,0.3464101615142425,0.34641016151423787,6.09,2.0300000000000002,2.0300000000000002,0.33333333333327864,25.096281,57.69259999999997,,,0.7185167970941759,1175.9066666666668,26691.871288888888,1094.5,1150.0,1314.5,136.63277203635732,186.86867958260348,1141.5208333333333,1090.2166666666667,0.043629454718628335,0.03284794463011067,0.026135519235775662,
01,24,138,75,241.57,203.81200000000007,79.16999999999994,2.74726666666667,0.32967200000000946,0.3296720000000004,0.8064516129032238,0.0967741935483895,0.09677419354838684,0.34641016151424253,0.34641016151423776,6.09,2.0300000000000002,2.0300000000000002,0.33333333333327864,25.096281,57.69259999999996,,,0.718516797094176,1091.9066666666668,16989.09795555556,996.0,1098.0,1195.0,81.46510735049779,112.42136286145282,1074.0208333333333,1012.7,0.05615940922911588,0.059255431318964914,0.06589361610089332,
01,24,141,75,377.17400000000026,175.392,115.70999999999992,2.7472666666666696,0.3296720000000094,0.3296719999999956,0.8064516129032249,0.09677419354838963,0.09677419354838558,0.34641016151424253,0.34641016151423526,6.09,2.0300000000000002,2.0300000000000002,0.33333333333327864,25.096281,57.69259999999997,,,0.7185167970941759,963.2,20886.186666666665,797.0,1026.0,1067.5,59.45822754758448,79.81553945579012,952.375,944.3666666666667,0.008314299557032098,0.10582273776832249,0.11776132165952635,
01,24,142,75,189.19600000000008,196.50400000000005,44.66000000000004,2.74726666666667,0.32967200000000085,0.32967199999999564,0.8064516129032269,0.09677419354838736,0.09677419354838582,0.346410161514238,0.34641016151423526,6.09,2.0300000000000002,2.0300000000000002,0.33333333333327864,25.096281,57.69259999999996,,,0.718516797094176,1317.12,67349.01226666667,1124.5,1284.0,1503.5,180.61560397777657,266.81445883952716,1264.1041666666667,1127.8833333333334,0.10342325174117258,0.06120927965268693,0.05948661618213732,
01,24,147,75,253.75000000000006,200.56400000000005,77.13999999999996,2.7472666666666505,0.3296720000000001,0.32967199999999564,0.806451612903226,0.0967741935483877,0.0967741935483864,0.34641016151423887,0.3464101615142365,6.09,2.0300000000000002,2.0300000000000002,0.33333333333327864,25.096281,57.69259999999996,,,0.718516797094176,960.8266666666667,18620.51662222222,877.0,943.0,1064.0,83.2740681624231,108.62990851860769,941.5625,891.5,0.052103570536482416,0.023763246108329323,0.016774766007881043,
01,24,152,75,365.806,181.88800000000012,119.77000000000002,2.7472666666666523,0.3296720000000094,0.32967200000000013,0.8064516129032228,0.09677419354839001,0.09677419354838727,0.34641016151424364,0.34641016151423876,6.09,2.0300000000000002,2.0300000000000002,0.33333333333327864,25.096281,57.69259999999997,,,0.7185167970941759,1072.2933333333333,20739.14062222222,1007.5,1081.0,1160.5,98.49929232315273,135.96395591917383,1058.7083333333333,1016.5666666666667,0.03930050235010305,0.03428278427738595,0.03763080472022057,
01,24,157,75,203.8120000000001,210.30800000000013,73.0799999999999,2.747266666666668,0.3296720000000096,0.3296720000000001,0.8064516129032235,0.0967741935483896,0.09677419354838682,0.34641016151424275,0.34641016151423776,6.09,2.0300000000000002,2.0300000000000002,0.33333333333327864,25.096281,57.69259999999996,,,0.718516797094176,1108.88,87888.77226666668,851.0,1123.0,1305.0,148.71013796552282,200.37064538990916,1091.7916666666667,1012.4833333333333,0.0715211143977106,0.15914193575512342,0.17579034136302643,
01,24,158,75,247.6600000000001,215.58599999999993,125.8599999999999,2.747266666666669,0.32967200000000974,0.3296720000000004,0.8064516129032235,0.09677419354838959,0.09677419354838686,0.34641016151424275,0.34641016151423787,6.09,2.0300000000000002,2.0300000000000002,0.33333333333327864,25.096281,57.69259999999996,,,0.718516797094176,899.9066666666666,17482.004622222223,794.5,908.0,993.0,76.28093952916147,96.54453318129636,882.9166666666666,838.15,0.049745899574770644,0.06153684320972754,0.06692337110050402,
01,24,161,75,357.68600000000004,178.23400000000012,103.53000000000013,2.7472666666666727,0.3296720000000094,0.32967200000000024,0.8064516129032239,0.09677419354838941,0.09677419354838672,0.3464101615142423,0.34641016151423754,6.09,2.0300000000000002,2.0300000000000002,0.33333333333327864,25.096281,57.69259999999996,,,0.718516797094176,1167.7733333333333,21819.028622222224,1072.0,1161.0,1288.5,73.32204515986393,94.21317599579447,1181.1875,1182.7333333333333,-0.0013237443339460973,0.040739879345003546,0.04263666593816658,
01,24,166,75,255.7800000000001,214.36800000000002,101.4999999999999,2.7472666666666705,0.3296720000000094,0.3296719999999959,0.8064516129032248,0.09677419354838959,0.09677419354838564,0.3464101615142425,0.34641016151423537,6.09,2.0300000000000002,2.0300000000000002,0.33333333333327864,25.096281,57.69259999999997,,,0.7185167970941759,1067.0533333333333,32712.103822222223,924.0,1057.0,1149.5,102.15567347603711,142.7213183386305,1066.9791666666667,1028.9166666666667,0.03567066313461367,0.04722629078827593,0.04637040273289034,
01,24,171,75,381.23399999999987,179.858,127.8900000000001,2.7472666666666705,0.32967200000000946,0.3296720000000001,0.8064516129032239,0.0967741935483895,0.09677419354838675,0.34641016151424253,0.3464101615142376,6.09,2.0300000000000002,2.0300000000000002,0.33333333333327864,25.096281,57.69259999999996,,,0.718516797094176,1028.1333333333334,12291.235555555557,953.5,1017.0,1102.5,78.35966254841918,104.14625543029265,1021.4583333333334,971.0833333333334,0.048996563351056885,0.0482408209609815,0.051858280444783446,
01,24,172,75,349.9720000000001,187.16599999999988,172.55,2.74726666666667,0.3296720000000094,0.32967199999999575,0.8064516129032248,0.0967741935483896,0.0967741935483856,0.34641016151424253,0.3464101615142353,6.09,2.0300000000000002,2.0300000000000002,0.33333333333327864,25.096281,57.69259999999996,,,0.718516797094176,927.3466666666667,16161.693155555551,822.5,897.0,1051.5,51.80693455336961,65.10137671739929,931.1458333333334,927.1166666666667,0.004344833287803222,0.008324488739537308,0.007888969279872657,
01,24,175,75,184.324,199.34599999999992,50.75000000000007,2.747266666666662,0.3296720000000094,0.3296719999999958,0.8064516129032243,0.09677419354838984,0.09677419354838585,0.34641016151424303,0.34641016151423587,6.09,2.0300000000000002,2.0300000000000002,0.33333333333327864,25.096281,57.69259999999997,,,0.7185167970941759,1357.8533333333332,40218.84515555555,1246.5,1365.0,1442.5,135.2512889332504,195.432253269867,1337.9791666666667,1253.2666666666667,0.06238707666021861,0.02095351727462073,0.010053974533205813,
01,24,180,75,347.9420000000002,190.4140000000001,166.4599999999999,2.747266666666669,0.32967200000000946,0.3296719999999998,0.8064516129032238,0.09677419354838954,0.0967741935483867,0.3464101615142426,0.34641016151423754,6.09,2.0300000000000002,2.0300000000000002,0.33333333333327864,25.096281,57.69259999999996,,,0.718516797094176,961.6666666666666,42109.34222222222,816.0,911.0,1085.5,99.1401052068947,133.65987205370473,953.3125,894.75,0.06089688041594448,0.043026691317401757,0.031041020795936167,
01,24,185,75,385.2940000000002,176.61000000000004,129.92000000000007,2.747266666666672,0.3296720000000095,0.32967200000000946,0.8064516129032216,0.09677419354838922,0.0967741935483892,0.3464101615142425,0.3464101615142424,6.09,2.0300000000000002,2.0300000000000002,0.33333333333327864,25.096281,57.69259999999997,,,0.7185167970941759,1035.9733333333334,15039.439288888894,936.5,1063.0,1132.0,60.60303855671614,78.82419575873267,1027.3541666666667,980.5166666666667,0.04521110581996967,0.058582871551339954,0.06521106763298624,
01,24,188,75,399.9100000000003,172.14400000000006,138.03999999999994,2.747266666666669,0.32967200000000946,0.32967199999999974,0.8064516129032239,0.09677419354838955,0.0967741935483867,0.3464101615142426,0.3464101615142375,6.09,2.0300000000000002,2.0300000000000002,0.33333333333327864,25.096281,57.69259999999997,,,0.7185167970941759,942.6533333333333,9569.426488888888,873.0,921.0,1019.5,62.258020372103914,84.81889527693858,931.7708333333334,908.1833333333333,0.025022454348717874,0.014920450927393148,0.004729279761920638,
01,24,189,75,209.496,220.05199999999996,99.47,2.7472666666666514,0.32967200000000013,0.32967200000000013,0.806451612903225,0.09677419354838757,0.09677419354838757,0.3464101615142388,0.3464101615142388,6.09,2.0300000000000002,2.0300000000000002,0.33333333333327864,25.096281,57.69259999999997,,,0.7185167970941759,977.9066666666666,21368.697955555555,903.0,967.0,1071.5,79.82805380914606,108.635533698942,947.4166666666666,923.1333333333333,0.02483195396970394,0.035469508128303455,0.03720507169680544,
01,24,194,75,253.34399999999988,214.77399999999997,123.82999999999997,2.74726666666667,0.3296720000000004,0.3296719999999956,0.806451612903227,0.09677419354838723,0.09677419354838582,0.34641016151423776,0.34641016151423526,6.09,2.0300000000000002,2.0300000000000002,0.33333333333327864,25.096281,57.69259999999997,,,0.7185167970941759,890.8266666666667,13867.47662222222,796.5,829.0,1002.5,49.2416856889045,72.99255380662822,889.0208333333334,865.7,0.026178867568700193,0.03242365038371634,0.032611224423831894,
01,24,201,75,390.9779999999999,175.392,127.8900000000001,2.747266666666671,0.3296719999999959,0.3296719999999909,0.8064516129032291,0.09677419354838614,0.09677419354838468,0.34641016151423537,0.34641016151423276,6.09,2.0300000000000002,2.0300000000000002,0.33333333333327864,25.096281,57.69259999999997,,,0.7185167970941759,1065.3866666666668,27027.677155555557,979.0,1069.0,1190.0,97.33580692496533,134.7537759633049,1046.7083333333333,984.05,0.05881276281537837,0.06394946337796585,0.06621568187329871,
01,24,206,75,397.8799999999997,176.61000000000004,156.31000000000012,2.7472666666666723,0.32967200000000957,0.3296719999999818,0.8064516129032281,0.09677419354838998,0.09677419354838183,0.3464101615142425,0.3464101615142279,6.09,2.0300000000000002,2.0300000000000002,0.33333333333327864,25.096281,57.69259999999997,,,0.7185167970941759,896.24,4533.5424,845.5,901.0,942.0,43.622213735241964,56.08698441873396,892.2291666666666,871.3333333333334,0.02331499747091542,0.019316195740065177,0.02140907530558068,
01,24,211,75,186.35399999999996,220.45800000000003,121.80000000000003,2.74726666666667,0.3296720000000094,0.3296719999999951,0.806451612903225,0.09677419354838963,0.09677419354838543,0.34641016151424253,0.346410161514235,6.09,2.0300000000000002,2.0300000000000002,0.33333333333327864,25.096281,57.69259999999997,,,0.7185167970941759,864.5333333333333,5832.88888888889,812.5,860.0,906.5,46.89227562015419,60.76591271508063,864.1458333333334,848.2666666666667,0.018367327267119104,0.020810138025075635,0.02158981165948877,
01,24,218,75,335.76200000000017,196.098,146.16000000000008,2.747266666666672,0.3296720000000091,0.329671999999991,0.806451612903226,0.09677419354838962,0.09677419354838429,0.34641016151424225,0.3464101615142327,6.09,2.0300000000000002,2.0300000000000002,0.33333333333327864,25.096281,57.69259999999996,,,0.718516797094176,770.3466666666667,16301.66648888889,639.0,801.0,859.0,36.247479644732785,45.488926470957736,774.8333333333334,782.7833333333333,-0.010320029077817676,0.13031067977239946,0.1451014027393204,
01,24,221,75,388.9479999999998,181.07600000000014,162.39999999999995,2.7472666666666696,0.3296720000000094,0.3296719999999955,0.8064516129032249,0.09677419354838963,0.09677419354838557,0.34641016151424253,0.34641016151423526,6.09,2.0300000000000002,2.0300000000000002,0.33333333333327864,25.096281,57.69259999999997,,,0.7185167970941759,856.56,24540.299733333326,758.0,876.0,984.5,69.605265570117,94.1811077016249,856.1458333333334,859.0166666666667,-0.003351584633106002,0.10828780662688788,0.11799050479495424,
01,24,224,75,405.5939999999998,170.11399999999995,138.03999999999994,2.7472666666666696,0.3296720000000001,0.3296719999999817,0.8064516129032303,0.09677419354838755,0.09677419354838215,0.34641016151423765,0.346410161514228,6.09,2.0300000000000002,2.0300000000000002,0.33333333333327864,25.096281,57.69259999999996,,,0.718516797094176,947.8,13790.746666666666,881.0,960.0,1032.0,64.42772693195774,80.3474919575257,942.3541666666666,909.75,0.03439983822184701,0.061155936937962625,0.06609159916509498,
01,24,227,75,249.69000000000005,205.43599999999995,150.22000000000008,2.7472666666666328,0.32967200000000035,0.32967199999999564,0.8064516129032249,0.09677419354838827,0.0967741935483869,0.3464101615142401,0.34641016151423765,6.09,2.0300000000000002,2.0300000000000002,0.33333333333327864,25.096281,57.69259999999996,,,0.718516797094176,1071.7333333333333,22647.875555555558,923.0,1133.0,1192.0,65.44656598008217,80.11968021046582,1057.6041666666667,993.8,0.059533621547648734,0.09585102439561256,0.10667378507840806,
01,24,232,75,293.944,198.94000000000003,170.51999999999987,2.7472666666666674,0.3296720000000094,0.3296719999999954,0.8064516129032248,0.0967741935483897,0.0967741935483856,0.3464101615142427,0.3464101615142353,6.09,2.0300000000000002,2.0300000000000002,0.33333333333327864,25.096281,57.69259999999997,,,0.7185167970941759,1102.56,12406.833066666664,1020.5,1112.0,1180.0,96.40008336113846,115.34466960423495,1077.0208333333333,999.4166666666666,0.07038543631790249,0.03167661435693564,0.035175942891031174,
01,24,235,75,292.32000000000005,202.1879999999999,158.34000000000026,2.747266666666667,0.3296720000000003,0.3296719999999817,0.8064516129032301,0.09677419354838768,0.09677419354838222,0.3464101615142379,0.34641016151422815,6.09,2.0300000000000002,2.0300000000000002,0.33333333333327864,25.096281,57.69259999999996,,,0.718516797094176,993.1466666666666,19214.765155555553,879.0,982.0,1093.5,71.28440045890007,93.60391371584907,988.0208333333334,947.2166666666667,0.041085740944607006,0.04640309456001208,0.046121544508558286,
01,24,240,75,372.3020000000002,181.48200000000006,172.55,2.747266666666671,0.32967200000000946,0.3296719999999959,0.8064516129032248,0.0967741935483896,0.09677419354838562,0.3464101615142425,0.34641016151423537,6.09,2.0300000000000002,2.0300000000000002,0.33333333333327864,25.096281,57.69259999999996,,,0.718516797094176,905.6266666666667,6433.167288888889,835.0,895.0,967.0,69.99046210458057,93.6151548843366,904.9375,859.6166666666667,0.05004361620682541,0.028755471562632685,0.03150127043251197,
01,24,243,75,275.6740000000002,204.2180000000001,154.27999999999977,2.7472666666666674,0.32967200000000946,0.3296720000000003,0.8064516129032235,0.09677419354838958,0.09677419354838689,0.3464101615142427,0.34641016151423787,6.09,2.0300000000000002,2.0300000000000002,0.33333333333327864,25.096281,57.69259999999997,,,0.7185167970941759,994.6266666666667,35384.10062222221,844.0,1000.0,1112.0,105.24451695999221,140.34485935908012,979.7083333333334,922.2333333333333,0.057785500757403074,0.01406615902044573,0.0112792703009164,
01,24,248,75,267.1479999999998,213.96199999999996,133.97999999999993,2.747266666666669,0.3296720000000094,0.32967200000000035,0.8064516129032236,0.09677419354838951,0.09677419354838686,0.34641016151424253,0.3464101615142378,6.09,2.0300000000000002,2.0300000000000002,0.33333333333327864,25.096281,57.69259999999996,,,0.718516797094176,936.6533333333333,18599.213155555553,810.0,965.0,1023.0,48.10099312498157,65.31836253170209,936.8333333333334,912.8833333333333,0.025569759000128138,0.07268297336379095,0.07969236298211739,
01,24,253,75,269.5840000000002,209.49600000000007,138.03999999999994,2.7472666666666696,0.32967200000000946,0.32967199999999997,0.8064516129032238,0.09677419354838952,0.09677419354838673,0.3464101615142426,0.3464101615142376,6.09,2.0300000000000002,2.0300000000000002,0.33333333333327864,25.096281,57.69259999999996,,,0.718516797094176,878.0133333333333,11289.293155555553,796.0,864.0,947.0,44.67511222062911,61.60448293904105,876.6458333333334,861.8166666666667,0.016889454981701076,0.046694580146335755,0.05043975173067163,
01,24,258,75,200.56400000000005,220.86399999999995,123.82999999999997,2.74726666666667,0.3296720000000004,0.32967199999999575,0.8064516129032269,0.09677419354838722,0.09677419354838586,0.34641016151423776,0.3464101615142353,6.09,2.0300000000000002,2.0300000000000002,0.33333333333327864,25.096281,57.69259999999997,,,0.7185167970941759,884.44,14370.219733333333,766.0,904.0,982.5,47.87470686130801,62.53052834974451,877.0625,850.6666666666666,0.029844685149171612,0.06961711202508607,0.07747319554905031,
01,24,261,75,285.82399999999996,204.2180000000001,150.22000000000008,2.7472666666666328,0.3296720000000094,0.3296720000000005,0.8064516129032215,0.09677419354839055,0.09677419354838794,0.34641016151424486,0.3464101615142402,6.09,2.0300000000000002,2.0300000000000002,0.33333333333327864,25.096281,57.69259999999997,,,0.7185167970941759,883.1066666666667,6969.908622222222,821.5,885.0,950.0,53.37957929405253,70.33153250208971,870.3125,845.0666666666667,0.02858752434586979,0.023110634548654845,0.023299239623098624,
01,24,266,75,297.5980000000002,201.37599999999998,158.34000000000026,2.7472666666666674,0.32967200000000946,0.3296719999999957,0.8064516129032248,0.09677419354838972,0.09677419354838568,0.3464101615142427,0.3464101615142355,6.09,2.0300000000000002,2.0300000000000002,0.33333333333327864,25.096281,57.69259999999997,,,0.7185167970941759,1032.08,11039.700266666665,949.0,1040.0,1120.0,72.44617984003976,98.66390413734209,1022.75,987.7,0.03396054569413216,0.0343703598153584,0.033622495048418584,
01,24,271,75,261.464,209.9020000000001,146.16000000000008,2.747266666666672,0.32967200000000974,0.3296719999999909,0.8064516129032259,0.09677419354838979,0.09677419354838426,0.3464101615142426,0.34641016151423265,6.09,2.0300000000000002,2.0300000000000002,0.33333333333327864,25.096281,57.69259999999998,,,0.7185167970941759,1011.0533333333333,19778.903822222223,911.5,1016.0,1102.5,101.89384401315027,135.23489152749835,978.8333333333334,914.7,0.06343219612549282,0.035161448048474535,0.03265814042055045,
01,24,274,75,334.54400000000015,198.5339999999999,154.27999999999977,2.7472666666666665,0.32967199999999985,0.3296719999999909,0.8064516129032279,0.09677419354838732,0.0967741935483847,0.3464101615142377,0.34641016151423304,6.09,2.0300000000000002,2.0300000000000002,0.33333333333327864,25.096281,57.69259999999996,,,0.718516797094176,1002.0266666666666,26929.83928888889,855.0,1035.0,1106.0,79.52998230613592,110.30817478883142,988.1666666666666,954.15,0.03394786565893118,0.09167193009800356,0.10068226814273157,
01,24,275,75,380.42200000000014,177.42200000000005,184.7299999999999,2.74726666666667,0.3296720000000094,0.3296719999999959,0.8064516129032248,0.0967741935483896,0.09677419354838565,0.34641016151424253,0.3464101615142354,6.09,2.0300000000000002,2.0300000000000002,0.33333333333327864,25.096281,57.69259999999998,,,0.7185167970941759,913.8533333333334,16211.591822222223,813.5,915.0,991.5,70.87535853911807,88.65504637401712,929.9166666666666,934.2166666666667,-0.004705350238550384,0.08719681243681524,0.09563656533770513,
01,24,278,75,224.51800000000003,209.49600000000007,142.09999999999994,2.7472666666666683,0.3296720000000001,0.32967199999999564,0.806451612903227,0.0967741935483872,0.0967741935483859,0.3464101615142377,0.34641016151423537,6.09,2.0300000000000002,2.0300000000000002,0.33333333333327864,25.096281,57.69259999999997,,,0.7185167970941759,904.9466666666667,15933.783822222225,799.0,897.0,1011.0,60.783119192386145,78.02957756855429,887.7916666666666,872.5166666666667,0.016879447775927817,0.045103782508135445,0.04534755435769287,
01,24,283,75,216.39799999999983,215.99199999999996,136.01000000000025,2.747266666666668,0.3296719999999997,0.3296719999999957,0.8064516129032271,0.09677419354838711,0.09677419354838594,0.34641016151423754,0.3464101615142354,6.09,2.0300000000000002,2.0300000000000002,0.33333333333327864,25.096281,57.69259999999997,,,0.7185167970941759,937.7866666666666,17031.954488888892,815.5,917.0,1032.5,65.91198073639518,78.3555918951656,925.0625,880.1833333333333,0.04785647766371883,0.038051726570269305,0.04050326400982625,
01,24,288,75,275.6740000000002,200.56400000000005,168.49000000000007,2.747266666666672,0.32967200000000946,0.32967200000000013,0.8064516129032239,0.09677419354838947,0.09677419354838672,0.3464101615142424,0.34641016151423754,6.09,2.0300000000000002,2.0300000000000002,0.33333333333327864,25.096281,57.69259999999996,,,0.718516797094176,1085.76,19942.5824,987.5,1106.0,1193.0,143.5965411780299,191.042521059156,1027.2083333333333,917.3666666666667,0.10116569653207569,0.0098121354166361,0.009836220968329892,
01,24,293,75,210.71400000000014,216.39799999999983,136.01000000000025,2.7472666666666674,0.32967199999999586,0.3296719999999957,0.8064516129032279,0.0967741935483861,0.09677419354838605,0.34641016151423554,0.3464101615142355,6.09,2.0300000000000002,2.0300000000000002,0.33333333333327864,25.096281,57.69259999999997,,,0.7185167970941759,923.3866666666667,24089.437155555555,795.5,856.0,1052.0,52.947690620975415,70.30462845315502,935.8333333333334,954.2666666666667,-0.019962745834175562,0.03733053834004,0.03536965002443464,
01,24,294,75,321.55200000000013,198.5339999999999,152.2500000000001,2.7472666666666328,0.3296720000000094,0.32967200000000046,0.8064516129032215,0.09677419354839055,0.09677419354838793,0.34641016151424486,0.34641016151424014,6.09,2.0300000000000002,2.0300000000000002,0.33333333333327864,25.096281,57.69259999999998,,,0.7185167970941759,806.9066666666666,13748.457955555554,698.5,798.0,907.0,58.45178993335948,78.42974307336416,793.3541666666666,812.95,-0.02428513004395394,0.08490444363901622,0.09189937640013783,
01,24,297,75,311.80800000000005,200.56400000000005,144.12999999999997,2.74726666666667,0.32967200000000013,0.3296719999999817,0.8064516129032303,0.09677419354838755,0.09677419354838215,0.34641016151423765,0.34641016151422793,6.09,2.0300000000000002,2.0300000000000002,0.33333333333327864,25.096281,57.69259999999997,,,0.7185167970941759,810.8666666666667,13696.72888888889,701.5,816.0,899.0,66.89924200510247,93.08916262000423,811.4583333333334,813.8666666666667,-0.002970073172736948,0.005915977551916065,0.002759024046417592,
01,24,300,75,340.228,192.85000000000008,162.39999999999995,2.747266666666669,0.3296720000000094,0.32967199999999597,0.8064516129032248,0.09677419354838963,0.09677419354838569,0.34641016151424253,0.3464101615142355,6.09,2.0300000000000002,2.0300000000000002,0.33333333333327864,25.096281,57.69259999999997,,,0.7185167970941759,922.96,16059.291733333335,841.0,914.0,966.5,67.96354086488219,85.60279020347137,926.5625,885.0333333333333,0.04499563000202246,0.03141497863294238,0.02652180754988151,
01,24,303,75,302.46999999999986,200.15799999999993,160.36999999999986,2.7472666666666674,0.32967200000000946,0.3296720000000094,0.8064516129032214,0.09677419354838933,0.09677419354838931,0.3464101615142427,0.3464101615142427,6.09,2.0300000000000002,2.0300000000000002,0.33333333333327864,25.096281,57.69259999999997,,,0.7185167970941759,919.3333333333334,11897.60888888889,874.0,940.0,989.0,57.56379923051438,72.80876922442076,921.625,908.75,0.014004713560551107,0.05350975972900062,0.059292217268945235,
01,24,306,75,230.60799999999992,216.39799999999983,123.82999999999997,2.74726666666667,0.32967199999999564,0.3296719999999955,0.8064516129032281,0.09677419354838597,0.09677419354838594,0.34641016151423526,0.3464101615142352,6.09,2.0300000000000002,2.0300000000000002,0.33333333333327864,25.096281,57.69259999999997,,,0.7185167970941759,974.1466666666666,32485.16515555556,835.0,972.0,1118.0,78.18452422193687,102.32019554771935,964.7708333333334,910.0333333333333,0.05619020407604606,0.11887779598952608,0.1284405524780038,
01,24,309,75,237.10399999999993,215.99199999999996,125.8599999999999,2.747266666666669,0.3296720000000004,0.32967200000000035,0.8064516129032258,0.09677419354838712,0.09677419354838711,0.34641016151423787,0.3464101615142378,6.09,2.0300000000000002,2.0300000000000002,0.33333333333327864,25.096281,57.69259999999997,,,0.7185167970941759,979.72,20352.97493333333,870.5,993.0,1062.0,87.38460627444101,114.62541548132505,961.375,881.0166666666667,0.08202173410089951,0.07490111077380748,0.08080625942784157,
01,24,316,75,237.91599999999983,207.05999999999997,150.22000000000008,2.7472666666666328,0.3296719999999957,0.32967199999999564,0.806451612903226,0.09677419354838705,0.09677419354838704,0.34641016151423765,0.34641016151423765,6.09,2.0300000000000002,2.0300000000000002,0.33333333333327864,25.096281,57.69259999999997,,,0.7185167970941759,1024.5333333333333,14848.808888888887,936.5,998.0,1088.0,87.55538428326238,117.21685034109495,992.6041666666666,933.65,0.05754245835502336,0.007697455835268028,0.005148263839855217,
01,24,321,75,369.0540000000001,178.64,186.76000000000033,2.747266666666668,0.3296720000000094,0.3296719999999999,0.8064516129032236,0.09677419354838956,0.09677419354838677,0.34641016151424264,0.34641016151423765,6.09,2.0300000000000002,2.0300000000000002,0.33333333333327864,25.096281,57.69259999999996,,,0.718516797094176,1070.3066666666666,11840.452622222221,986.5,1075.0,1138.5,80.17232541626493,102.67148378620732,1046.5208333333333,969.35,0.07210160950755531,0.022370539190695166,0.022901125558284066,
01,24,322,75,360.122,183.91799999999992,182.69999999999985,2.7472666666666674,0.3296720000000094,0.3296720000000006,0.8064516129032235,0.09677419354838956,0.09677419354838697,0.3464101615142427,0.34641016151423804,6.09,2.0300000000000002,2.0300000000000002,0.33333333333327864,25.096281,57.69259999999997,,,0.7185167970941759,975.3066666666666,27035.78595555556,855.5,947.0,1134.5,84.02504667975431,105.12031769326782,964.8541666666666,965.1833333333333,-0.00033750068354567234,0.05699537208369864,0.05841765812173322,
01,24,327,75,360.9339999999998,187.57199999999995,170.51999999999987,2.7472666666666665,0.3296720000000094,0.32967199999999536,0.8064516129032246,0.09677419354838973,0.0967741935483856,0.34641016151424275,0.34641016151423537,6.09,2.0300000000000002,2.0300000000000002,0.33333333333327864,25.096281,57.69259999999996,,,0.718516797094176,888.08,11090.206933333335,803.5,894.0,957.0,47.183716681666674,58.15378986673561,893.3333333333334,880.0666666666667,0.014938594120649757,0.06890725021069613,0.07658562876225826,
01,24,330,75,336.9800000000001,196.098,160.36999999999986,2.7472666666666665,0.32967200000000985,0.3296720000000094,0.8064516129032213,0.09677419354838945,0.09677419354838931,0.346410161514243,0.34641016151424275,6.09,2.0300000000000002,2.0300000000000002,0.33333333333327864,25.096281,57.69259999999997,,,0.7185167970941759,947.88,55857.97226666667,722.0,954.0,1118.5,136.2153184013502,208.4652946976899,900.6458333333334,809.2666666666667,0.09640372902336437,0.16007450188995911,0.17813593802578012,
01,24,333,75,176.61000000000004,97.03399999999989,34.50999999999999,2.74726666666667,0.3296720000000096,0.3296720000000005,0.8064516129032236,0.09677419354838954,0.09677419354838686,0.34641016151424264,0.34641016151423787,6.09,2.0300000000000002,2.0300000000000002,0.33333333333327864,25.096281,57.69259999999997,,,0.7185167970941759,878.6933333333334,7171.19928888889,822.5,893.0,935.0,72.78416667886637,97.69159469515776,863.0208333333334,813.15,0.056755675093320385,0.018070765153002686,0.013399305821868759,
01,24,338,75,277.2980000000001,80.38799999999995,60.90000000000001,2.747266666666661,0.3296720000000007,0.3296719999999909,0.8064516129032274,0.09677419354838768,0.09677419354838482,0.3464101615142385,0.3464101615142334,6.09,2.0300000000000002,2.0300000000000002,0.33333333333327864,25.096281,57.69259999999997,,,0.7185167970941759,983.4,7252.586666666667,934.5,980.0,1044.0,64.96067449200791,79.94582376322323,971.8125,933.05,0.0394168191986984,0.03414743135640099,0.03721311445715283,
01,24,339,75,286.2300000000001,75.51599999999999,64.95999999999994,2.74726666666667,0.3296720000000094,0.3296720000000004,0.8064516129032238,0.09677419354838948,0.09677419354838684,0.34641016151424253,0.34641016151423776,6.09,2.0300000000000002,2.0300000000000002,0.33333333333327864,25.096281,57.69259999999996,,,0.718516797094176,810.9733333333334,3397.0659555555553,775.0,806.0,859.0,48.61456920192528,69.13517535344874,803.1875,787.4333333333333,0.01942624500600106,0.022750894087327434,0.023539232768160476,
01,24,344,75,295.16199999999986,65.77199999999998,77.13999999999996,2.74726666666665,0.32967200000000946,0.3296720000000005,0.8064516129032225,0.09677419354839006,0.09677419354838744,0.3464101615142438,0.3464101615142391,6.09,2.0300000000000002,2.0300000000000002,0.33333333333327864,25.096281,57.69259999999997,,,0.7185167970941759,868.4,5366.666666666668,815.5,890.0,914.0,59.58768191706081,79.071470861895,863.6875,807.3166666666667,0.06491344234607695,0.039248713181293034,0.04294975105571865,
01,24,345,75,288.26,67.80199999999996,73.0799999999999,2.747266666666668,0.3296719999999981,0.3296719999999817,0.8064516129032306,0.09677419354838707,0.09677419354838226,0.3464101615142367,0.3464101615142281,6.09,2.0300000000000002,2.0300000000000002,0.33333333333327864,25.096281,57.69259999999996,,,0.718516797094176,875.7733333333333,8143.908622222221,824.5,875.0,929.5,65.22919828352327,81.98928468256355,879.5625,849.4333333333333,0.034402927698186765,0.03349172690158532,0.02392320189392826,
01,24,350,75,281.764,70.23800000000006,71.05000000000003,2.74726666666667,0.3296720000000094,0.3296720000000025,0.8064516129032232,0.09677419354838943,0.0967741935483874,0.34641016151424253,0.34641016151423887,6.09,2.0300000000000002,2.0300000000000002,0.33333333333327864,25.096281,57.69259999999997,,,0.7185167970941759,816.6,7389.333333333333,755.5,817.0,881.0,50.67087398614308,66.55196577552857,813.4583333333334,779.0333333333333,0.042156502571638534,0.06363850332515503,0.06973116771231352,
01,24,355,75,287.4479999999999,49.532000000000025,109.61999999999985,2.747266666666668,0.3296720000000094,0.3296719999999978,0.8064516129032242,0.09677419354838962,0.09677419354838622,0.34641016151424264,0.34641016151423654,6.09,2.0300000000000002,2.0300000000000002,0.33333333333327864,25.096281,57.69259999999996,,,0.718516797094176,772.2266666666667,3426.2019555555557,740.5,771.0,802.5,42.870425164462695,55.68696662022774,770.5,760.7166666666667,0.012668991833140473,0.039742506843044555,0.044111708163876356,
01,24,360,75,286.2300000000001,45.47200000000002,123.82999999999997,2.74726666666667,0.3296720000000094,0.3296720000000004,0.8064516129032238,0.09677419354838948,0.09677419354838684,0.34641016151424253,0.34641016151423776,6.09,2.0300000000000002,2.0300000000000002,0.33333333333327864,25.096281,57.69259999999997,,,0.7185167970941759,865.4933333333333,2814.649955555555,842.0,867.0,889.5,40.74477513248109,52.04321342881454,869.9791666666666,861.6666666666666,0.009604348964752268,0.008969842940565999,0.0003773554570241498,
01,24,365,75,268.3660000000002,77.9520000000001,58.869999999999955,2.7472666666666603,0.3296720000000025,0.3296719999999817,0.8064516129032291,0.09677419354838845,0.09677419354838235,0.34641016151423953,0.34641016151422854,6.09,2.0300000000000002,2.0300000000000002,0.33333333333327864,25.096281,57.69259999999997,,,0.7185167970941759,1017.16,9398.267733333332,933.5,1044.0,1078.0,66.4063834652526,96.83365564588692,1009.5625,970.0833333333334,0.038813133299251436,0.04235085866326044,0.046862902979376626,
01,24,370,75,185.94800000000006,91.7560000000001,40.6,2.74726666666667,0.32967200000000285,0.32967200000000013,0.8064516129032253,0.09677419354838775,0.09677419354838696,0.3464101615142391,0.34641016151423765,6.09,2.0300000000000002,2.0300000000000002,0.33333333333327864,25.096281,57.69259999999996,,,0.718516797094176,954.04,17003.02506666667,851.0,969.0,1045.5,63.47685677796415,84.9208221993249,952.5208333333334,912.25,0.042210843710256726,0.08238821990610268,0.09044417285690749,
01,24,375,75,210.71400000000014,53.592000000000034,99.47,2.747266666666652,0.32967200000000046,0.3296719999999957,0.806451612903226,0.09677419354838777,0.09677419354838637,0.346410161514239,0.3464101615142364,6.09,2.0300000000000002,2.0300000000000002,0.33333333333327864,25.096281,57.69259999999997,,,0.7185167970941759,740.8933333333333,4923.001955555555,693.0,731.0,775.5,40.67461635885443,56.79418060729405,742.3125,731.0666666666667,0.015178748177875265,0.059254100753752155,0.06568178445381889,
01,24,380,75,199.34599999999995,87.28999999999998,40.6,2.74726666666667,0.32967200000000096,0.32967199999999564,0.8064516129032269,0.09677419354838739,0.09677419354838582,0.3464101615142381,0.34641016151423526,6.09,2.0300000000000002,2.0300000000000002,0.33333333333327864,25.096281,57.69259999999996,,,0.718516797094176,1041.0133333333333,16836.38648888889,951.5,1047.0,1147.5,111.36207418394571,145.1850043598397,1007.625,912.5666666666667,0.09131327168400008,0.052762726146327286,0.05761678252752756,
01,24,385,75,203.40600000000003,91.35000000000012,38.56999999999994,2.7472666666666594,0.3296720000000004,0.32967199999999824,0.8064516129032258,0.09677419354838747,0.09677419354838683,0.3464101615142384,0.3464101615142373,6.09,2.0300000000000002,2.0300000000000002,0.33333333333327864,25.096281,57.69259999999996,,,0.718516797094176,977.24,16968.955733333332,906.5,980.0,1044.5,83.39808598408324,108.01392716440654,963.625,921.6333333333333,0.04296965603809364,0.0294431775838731,0.026819962596426633,
01,24,390,75,256.59200000000004,75.922,62.929999999999986,2.7472666666666705,0.32967200000000263,0.3296719999999817,0.8064516129032298,0.0967741935483882,0.09677419354838206,0.3464101615142389,0.34641016151422793,6.09,2.0300000000000002,2.0300000000000002,0.33333333333327864,25.096281,57.69259999999996,,,0.718516797094176,967.0933333333334,5442.671288888888,909.0,954.0,1017.0,60.17194133048156,77.83055177404472,962.4375,917.7,0.04625975431533658,0.026735557577073046,0.026881842983133217,
01,24,395,75,192.03800000000007,93.38000000000008,38.56999999999994,2.7472666666666594,0.3296720000000094,0.32967199999999797,0.8064516129032238,0.09677419354838987,0.09677419354838651,0.3464101615142432,0.34641016151423715,6.09,2.0300000000000002,2.0300000000000002,0.33333333333327864,25.096281,57.69259999999996,,,0.718516797094176,1029.56,12060.779733333331,973.5,1021.0,1114.0,73.66523360131633,99.52995790479173,1014.4583333333334,968.1333333333333,0.04499494929872956,0.033240236867875014,0.03341929165880374,
01,24,396,75,272.832,74.29799999999992,60.90000000000001,2.747266666666661,0.329671999999998,0.3296719999999817,0.8064516129032302,0.09677419354838725,0.09677419354838245,0.3464101615142371,0.3464101615142285,6.09,2.0300000000000002,2.0300000000000002,0.33333333333327864,25.096281,57.69259999999996,,,0.718516797094176,915.6266666666667,13453.833955555556,858.0,917.0,958.5,72.57382353389364,91.61206116731532,912.9375,873.6666666666666,0.04288956925675675,0.03542961748467554,0.027893478839327024,
01,24,401,75,207.05999999999997,82.41799999999994,48.72,2.7472666666666603,0.3296720000000003,0.32967199999999564,0.8064516129032264,0.09677419354838748,0.09677419354838611,0.34641016151423837,0.34641016151423587,6.09,2.0300000000000002,2.0300000000000002,0.33333333333327864,25.096281,57.69259999999996,,,0.718516797094176,944.32,11037.5776,855.0,946.0,1036.0,69.83332875915488,89.64785648027035,938.0208333333334,881.55,0.0598005266576302,0.06253236052500809,0.06918847043989318,
01,24,406,75,193.662,56.43400000000004,93.37999999999998,2.7472666666666696,0.32967200000000013,0.32967199999999736,0.8064516129032266,0.09677419354838714,0.09677419354838632,0.34641016151423765,0.3464101615142362,6.09,2.0300000000000002,2.0300000000000002,0.33333333333327864,25.096281,57.69259999999997,,,0.7185167970941759,865.72,11841.694933333334,796.0,872.0,924.5,58.57132325077779,81.1659251113843,864.9166666666666,863.2666666666667,0.0019059280136764487,0.07100498133488674,0.07394230460736832,
01,24,411,75,238.72799999999998,83.63600000000002,48.72,2.7472666666666608,0.3296720000000004,0.32967199999999786,0.8064516129032259,0.09677419354838744,0.09677419354838669,0.34641016151423837,0.34641016151423704,6.09,2.0300000000000002,2.0300000000000002,0.33333333333327864,25.096281,57.69259999999997,,,0.7185167970941759,829.8133333333334,8905.005155555556,768.0,813.0,876.5,69.21263426230236,86.56037204611007,837.8333333333334,846.35,-0.01026335240053985,0.016802649649099208,0.007123813282401091,
01,24,416,75,212.74400000000006,88.50799999999992,44.66000000000004,2.747266666666671,0.3296719999999986,0.32967199999999564,0.8064516129032274,0.09677419354838672,0.09677419354838586,0.34641016151423676,0.3464101615142352,6.09,2.0300000000000002,2.0300000000000002,0.33333333333327864,25.096281,57.69259999999996,,,0.718516797094176,828.4133333333333,9930.749155555555,775.5,844.0,912.5,47.68132015196325,62.45401207194143,822.6875,839.95,-0.020838027715633128,0.07148496638661232,0.07880977283196215,
01,24,417,75,216.39799999999983,86.88400000000001,48.72,2.747266666666661,0.3296720000000028,0.3296719999999957,0.806451612903226,0.09677419354838812,0.09677419354838604,0.3464101615142396,0.34641016151423587,6.09,2.0300000000000002,2.0300000000000002,0.33333333333327864,25.096281,57.69259999999997,,,0.7185167970941759,906.0,8048.7733333333335,854.0,916.0,968.0,75.3820645962227,110.70487639939077,881.375,827.8833333333333,0.05904157468726999,0.012451974904256324,0.0030821394114475447,
01,24,422,75,204.62400000000005,53.592000000000034,109.61999999999985,2.747266666666669,0.3296720000000007,0.32967199999999564,0.8064516129032268,0.09677419354838733,0.09677419354838585,0.346410161514238,0.3464101615142353,6.09,2.0300000000000002,2.0300000000000002,0.33333333333327864,25.096281,57.69259999999997,,,0.7185167970941759,853.9866666666667,3597.986488888889,809.5,862.0,888.0,53.331977828025146,68.90921983290885,847.9166666666666,818.8,0.03409498977345467,0.02724732453505268,0.028912461483178466,
01,24,425,75,183.106,59.275999999999925,85.26000000000006,2.747266666666671,0.32967199999999763,0.32967199999999564,0.8064516129032276,0.09677419354838647,0.09677419354838589,0.34641016151423626,0.3464101615142352,6.09,2.0300000000000002,2.0300000000000002,0.33333333333327864,25.096281,57.69259999999996,,,0.718516797094176,823.24,2708.9290666666666,781.0,826.0,859.0,41.84484235772141,59.37309110016619,805.9166666666666,798.0333333333333,0.009575984322109368,0.019538069467358435,0.02132388670369814,
01,24,430,75,353.21999999999986,69.02000000000007,87.28999999999989,2.747266666666668,0.32967200000000946,0.32967200000000313,0.806451612903223,0.09677419354838948,0.09677419354838764,0.3464101615142427,0.34641016151423937,6.09,2.0300000000000002,2.0300000000000002,0.33333333333327864,25.096281,57.69259999999998,,,0.7185167970941759,813.8133333333334,7279.325155555556,766.0,814.0,873.0,52.293394703250534,67.75004393582262,809.3125,807.5,0.0022271692116128156,0.03574917278037172,0.037101927832841775,
01,24,435,75,361.3399999999998,62.118000000000016,101.4999999999999,2.747266666666669,0.3296720000000094,0.32967200000000024,0.8064516129032236,0.09677419354838951,0.09677419354838682,0.34641016151424253,0.34641016151423776,6.09,2.0300000000000002,2.0300000000000002,0.33333333333327864,25.096281,57.69259999999997,,,0.7185167970941759,721.2666666666667,3253.608888888889,681.5,726.0,756.0,36.35288391896452,48.73029764237752,714.2291666666666,710.1833333333333,0.005609344671411419,0.04932515077413649,0.05490352737069675,
01,24,440,75,246.84800000000018,80.79399999999995,54.810000000000024,2.7472666666666705,0.3296720000000025,0.3296720000000002,0.8064516129032253,0.09677419354838764,0.09677419354838696,0.34641016151423887,0.34641016151423765,6.09,2.0300000000000002,2.0300000000000002,0.33333333333327864,25.096281,57.69259999999997,,,0.7185167970941759,992.1333333333333,11332.355555555556,938.0,998.0,1065.5,81.05060602249279,113.63034291644958,976.7291666666666,914.1166666666667,0.06310895712941798,0.04646971039333459,0.05081020585921545,
01,24,441,75,261.8700000000002,76.32800000000005,60.90000000000001,2.7472666666666603,0.32967200000000946,0.3296719999999979,0.8064516129032238,0.09677419354838986,0.09677419354838647,0.34641016151424314,0.3464101615142371,6.09,2.0300000000000002,2.0300000000000002,0.33333333333327864,25.096281,57.69259999999997,,,0.7185167970941759,990.7066666666667,17743.300622222217,883.0,971.0,1056.5,74.56833832370157,95.47429553456062,975.8541666666666,902.2333333333333,0.07431143426241188,0.08903621316147609,0.09827232982831548,
01,24,442,75,263.0880000000001,67.39599999999994,71.05000000000003,2.747266666666671,0.3296720000000094,0.32967199999999797,0.8064516129032244,0.09677419354838954,0.09677419354838618,0.3464101615142425,0.3464101615142364,6.09,2.0300000000000002,2.0300000000000002,0.33333333333327864,25.096281,57.69259999999996,,,0.718516797094176,819.6666666666666,3239.128888888889,775.5,819.0,861.5,43.87449184364674,61.117375491673826,832.75,812.95,0.024156161041073522,0.026371381017173165,0.029027300164582236,
01,24,445,75,203.40600000000003,64.14800000000004,71.05000000000003,2.7472666666666705,0.3296720000000004,0.32967200000000013,0.806451612903226,0.0967741935483871,0.09677419354838701,0.34641016151423776,0.3464101615142376,6.09,2.0300000000000002,2.0300000000000002,0.33333333333327864,25.096281,57.69259999999997,,,0.7185167970941759,1018.8933333333333,4558.895288888889,969.0,1026.0,1061.5,47.39972097658257,62.19591410200785,1014.4375,994.85,0.01922428909797554,0.017980827373903507,0.007228233730688237,
01,24,450,75,361.7460000000002,54.40399999999999,111.65000000000002,2.747266666666671,0.32967200000000946,0.32967199999999813,0.8064516129032243,0.09677419354838954,0.09677419354838622,0.3464101615142425,0.34641016151423654,6.09,2.0300000000000002,2.0300000000000002,0.33333333333327864,25.096281,57.69259999999997,,,0.7185167970941759,701.2266666666667,4414.735288888888,657.5,712.0,743.5,49.48583217816151,64.93146979417986,698.0208333333334,669.6833333333333,0.04041132681776703,0.01915927277966568,0.0033534237427982777,
01,24,455,75,255.37400000000014,46.69000000000002,127.8900000000001,2.7472666666666705,0.3296720000000094,0.3296719999999998,0.8064516129032239,0.09677419354838948,0.09677419354838666,0.3464101615142425,0.3464101615142374,6.09,2.0300000000000002,2.0300000000000002,0.33333333333327864,25.096281,57.69259999999996,,,0.718516797094176,804.9066666666666,2451.2312888888887,769.0,806.0,838.5,38.06773689590833,48.27781921286785,796.7708333333334,776.2833333333333,0.025453261661807634,0.0167597227264856,0.018360623320372128,
01,24,460,75,240.3520000000002,68.20800000000001,64.95999999999994,2.7472666666666696,0.3296720000000031,0.3296719999999957,0.8064516129032263,0.09677419354838795,0.09677419354838579,0.3464101615142392,0.3464101615142353,6.09,2.0300000000000002,2.0300000000000002,0.33333333333327864,25.096281,57.69259999999996,,,0.718516797094176,855.64,6097.083733333333,807.5,865.0,916.0,57.12460537933014,69.93088449757573,848.1666666666666,788.2666666666667,0.07000607732223822,0.029086732347612207,0.031585756660176614,
01,24,465,75,276.0800000000002,45.87800000000003,127.8900000000001,2.74726666666667,0.3296720000000014,0.329671999999991,0.8064516129032278,0.09677419354838764,0.09677419354838457,0.3464101615142383,0.3464101615142328,6.09,2.0300000000000002,2.0300000000000002,0.33333333333327864,25.096281,57.69259999999997,,,0.7185167970941759,817.5066666666667,2416.596622222222,785.0,815.0,848.0,38.35306359835793,47.880728229295386,816.7916666666666,809.0166666666667,0.009510625805294107,0.015055744196224845,0.008829077571635154,
01,24,470,75,300.84599999999995,69.02000000000007,75.11000000000011,2.7472666666666514,0.32967200000000274,0.329671999999991,0.8064516129032264,0.09677419354838851,0.09677419354838505,0.3464101615142402,0.346410161514234,6.09,2.0300000000000002,2.0300000000000002,0.33333333333327864,25.096281,57.69259999999996,,,0.718516797094176,906.8933333333333,6340.068622222222,858.0,892.0,955.5,67.12113209496829,95.88626843922195,895.6458333333334,844.65,0.05623134657512093,0.026582776056700067,0.027477846328813584,
01,24,475,75,298.004,50.344000000000015,107.59,2.7472666666666696,0.3296720000000094,0.329672,0.8064516129032238,0.09677419354838951,0.09677419354838676,0.34641016151424253,0.3464101615142376,6.09,2.0300000000000002,2.0300000000000002,0.33333333333327864,25.096281,57.69259999999996,,,0.718516797094176,744.7066666666667,2549.0072888888885,712.5,742.0,771.5,41.47539247593581,54.31831059546472,748.1458333333334,716.0,0.043165765491558185,0.022002431580857587,0.023572605531405035,
01,24,480,75,253.34399999999988,81.60599999999995,52.78,2.74726666666667,0.3296720000000004,0.32967199999999813,0.8064516129032263,0.09677419354838716,0.0967741935483865,0.34641016151423776,0.3464101615142366,6.09,2.0300000000000002,2.0300000000000002,0.33333333333327864,25.096281,57.69259999999997,,,0.7185167970941759,1090.76,11591.969066666667,1035.0,1087.0,1168.0,101.0240825864717,144.0295981363509,1061.9583333333333,983.6833333333333,0.07176189079174146,0.018187826809645005,0.018609139500766432,
01,24,485,75,264.306,53.592000000000034,93.37999999999998,2.747266666666669,0.3296720000000006,0.3296719999999909,0.806451612903228,0.09677419354838744,0.0967741935483846,0.3464101615142379,0.3464101615142329,6.09,2.0300000000000002,2.0300000000000002,0.33333333333327864,25.096281,57.69259999999996,,,0.718516797094176,768.8133333333334,8510.925155555555,718.0,780.0,835.0,47.76076381245546,65.68670780270016,770.8333333333334,759.1666666666666,0.015174901579924117,0.08025711872720566,0.08785044983735711,
01,24,490,75,260.2460000000001,57.65200000000002,81.1999999999998,2.7472666666666674,0.3296720000000014,0.3296719999999909,0.8064516129032276,0.0967741935483877,0.09677419354838462,0.3464101615142385,0.346410161514233,6.09,2.0300000000000002,2.0300000000000002,0.33333333333327864,25.096281,57.69259999999997,,,0.7185167970941759,680.2266666666667,10171.908622222221,638.5,700.0,749.5,57.45263808105972,77.00661751080986,665.5625,644.2666666666667,0.03130696630534917,0.10135587158761399,0.1120628233659012,
01,24,495,75,319.52200000000005,62.118000000000016,87.28999999999989,2.7472666666666683,0.3296720000000003,0.3296719999999817,0.8064516129032301,0.09677419354838765,0.09677419354838218,0.34641016151423787,0.34641016151422804,6.09,2.0300000000000002,2.0300000000000002,0.33333333333327864,25.096281,57.69259999999997,,,0.7185167970941759,794.1466666666666,4783.778488888889,752.0,784.0,849.0,47.248217061699336,62.26807798293342,782.2083333333334,751.5333333333333,0.0386263662463693,0.03423647357456557,0.03623177017501373,
01,24,498,75,256.59200000000004,47.501999999999974,142.09999999999994,2.747266666666669,0.32967199999999874,0.3296719999999817,0.8064516129032306,0.09677419354838722,0.09677419354838221,0.346410161514237,0.346410161514228,6.09,2.0300000000000002,2.0300000000000002,0.33333333333327864,25.096281,57.69259999999997,,,0.7185167970941759,743.2,1939.2800000000004,718.0,740.0,775.5,31.824057238169882,46.22347466217424,743.7916666666666,745.15,-0.0018276820954431466,0.025883878143872954,0.02860814177520234,
01,24,503,75,218.83400000000015,77.54600000000008,52.78,2.74726666666667,0.32967199999999774,0.3296719999999957,0.8064516129032276,0.09677419354838653,0.09677419354838593,0.34641016151423637,0.3464101615142353,6.09,2.0300000000000002,2.0300000000000002,0.33333333333327864,25.096281,57.69259999999997,,,0.7185167970941759,981.32,8408.0576,909.0,975.0,1044.0,66.49568600691373,86.55242435020978,967.5625,919.3666666666667,0.04911326920202714,0.023912808123643575,0.021915909124052807,
01,24,508,75,271.614,52.780000000000044,95.40999999999984,2.747266666666668,0.3296720000000094,0.3296720000000015,0.8064516129032233,0.09677419354838951,0.09677419354838719,0.34641016151424264,0.3464101615142385,6.09,2.0300000000000002,2.0300000000000002,0.33333333333327864,25.096281,57.69259999999997,,,0.7185167970941759,783.44,4572.939733333333,735.5,802.0,833.5,47.90635830606786,58.837049378533536,778.8958333333334,786.7,-0.009961409510194353,0.03532103395114057,0.03453831396406349,
01,24,511,75,272.02,46.28400000000004,144.12999999999997,2.7472666666666696,0.32967200000000135,0.3296719999999909,0.8064516129032278,0.09677419354838762,0.09677419354838457,0.3464101615142383,0.3464101615142328,6.09,2.0300000000000002,2.0300000000000002,0.33333333333327864,25.096281,57.69259999999997,,,0.7185167970941759,799.9333333333333,1662.6488888888887,778.5,802.0,826.0,35.95863409586106,47.012895325283594,788.6666666666666,777.4166666666666,0.014063671972664372,0.0036054416450012196,0.0019597551071525395,
01,24,516,75,305.3120000000001,62.929999999999986,83.23000000000009,2.74726666666667,0.3296720000000094,0.3296720000000012,0.8064516129032235,0.09677419354838945,0.09677419354838705,0.34641016151424253,0.3464101615142382,6.09,2.0300000000000002,2.0300000000000002,0.33333333333327864,25.096281,57.69259999999997,,,0.7185167970941759,871.6666666666666,5225.422222222223,830.0,864.0,909.0,57.24443417843661,80.56263015193113,858.3333333333334,828.1833333333333,0.03458891013384328,0.019720533405623027,0.015961493390898248,
01,24,521,75,306.93600000000004,58.86999999999994,93.37999999999998,2.74726666666667,0.3296720000000094,0.3296719999999976,0.8064516129032243,0.09677419354838956,0.0967741935483861,0.34641016151424253,0.3464101615142363,6.09,2.0300000000000002,2.0300000000000002,0.33333333333327864,25.096281,57.69259999999997,,,0.7185167970941759,826.2266666666667,3499.588622222223,782.5,832.0,867.5,52.034292652443646,67.30207871499238,809.5833333333334,787.4166666666666,0.026828795972049697,0.0037718144560319323,0.0027077322991405145,
01,24,522,75,300.0340000000001,44.66,129.92000000000007,2.7472666666666723,0.32967199999999813,0.3296719999999817,0.8064516129032309,0.09677419354838696,0.09677419354838214,0.3464101615142364,0.3464101615142278,6.09,2.0300000000000002,2.0300000000000002,0.33333333333327864,25.096281,57.69259999999997,,,0.7185167970941759,865.8533333333334,4973.991822222224,818.0,874.0,911.5,51.52492352610222,68.17474150629272,855.1041666666666,837.3833333333333,0.020466322240872144,0.013446418370975462,0.011183937367934212,
01,24,527,75,341.03999999999985,60.494,101.4999999999999,2.7472666666666705,0.32967200000000946,0.3296720000000022,0.8064516129032233,0.09677419354838944,0.0967741935483873,0.34641016151424253,0.3464101615142387,6.09,2.0300000000000002,2.0300000000000002,0.33333333333327864,25.096281,57.69259999999996,,,0.718516797094176,809.6,2914.266666666667,773.0,799.0,845.0,45.32977889226229,65.04779755864115,800.125,785.1833333333333,0.018455615942029026,0.01764158967845317,0.01861725158592217,
01,24,530,75,219.64600000000007,50.74999999999999,129.92000000000007,2.747266666666672,0.3296720000000094,0.32967200000000146,0.8064516129032236,0.09677419354838941,0.09677419354838708,0.34641016151424237,0.3464101615142382,6.09,2.0300000000000002,2.0300000000000002,0.33333333333327864,25.096281,57.69259999999996,,,0.718516797094176,854.24,1410.7157333333332,827.0,854.0,877.0,37.593735026910366,49.64577638645753,859.0208333333334,850.35,0.010150348067678098,0.004432131044104464,0.002963030765176795,
01,24,533,75,253.75000000000006,49.12600000000003,117.74000000000007,2.7472666666666528,0.3296720000000008,0.32967199999999564,0.8064516129032259,0.09677419354838783,0.09677419354838632,0.3464101615142391,0.34641016151423637,6.09,2.0300000000000002,2.0300000000000002,0.33333333333327864,25.096281,57.69259999999996,,,0.718516797094176,853.6,4542.693333333333,810.5,850.0,898.5,55.81049741769684,74.44050387528421,842.5208333333334,832.3666666666667,0.011895696657294617,0.021536405517668708,0.014730608418829878,
01,24,536,75,224.92400000000015,76.32800000000005,54.810000000000024,2.74726666666667,0.32967199999999797,0.3296719999999957,0.8064516129032276,0.0967741935483866,0.09677419354838593,0.3464101615142365,0.3464101615142353,6.09,2.0300000000000002,2.0300000000000002,0.33333333333327864,25.096281,57.69259999999997,,,0.7185167970941759,994.0133333333333,6621.4798222222225,933.0,983.0,1042.5,56.38308802540984,77.92701504097123,990.5833333333334,959.1166666666667,0.03165618167429008,0.03265969571876651,0.03560008767561577,
01,24,541,75,209.496,61.71200000000003,75.11000000000011,2.7472666666666514,0.32967200000000013,0.3296719999999981,0.8064516129032254,0.09677419354838762,0.09677419354838702,0.3464101615142388,0.3464101615142377,6.09,2.0300000000000002,2.0300000000000002,0.33333333333327864,25.096281,57.69259999999996,,,0.718516797094176,1007.2933333333333,4559.673955555556,967.5,1009.0,1051.5,68.57389085259229,90.87650506962345,991.2708333333334,942.6666666666666,0.04825224694561005,0.017133752569311194,0.016017153996021015,
01,24,546,75,315.86800000000005,42.630000000000045,152.2500000000001,2.7472666666666328,0.3296719999999981,0.3296719999999817,0.8064516129032286,0.09677419354838807,0.09677419354838326,0.3464101615142389,0.3464101615142303,6.09,2.0300000000000002,2.0300000000000002,0.33333333333327864,25.096281,57.69259999999996,,,0.718516797094176,795.6666666666666,2261.4755555555553,756.0,793.0,833.0,40.91236507798676,58.25566669740121,794.2916666666666,785.2833333333333,0.011321742773355653,0.014552826559499413,0.006690688363101179,
01,24,551,75,227.76600000000002,49.93800000000004,121.80000000000003,2.747266666666671,0.32967200000000013,0.3296719999999977,0.8064516129032266,0.09677419354838708,0.09677419354838636,0.3464101615142376,0.3464101615142363,6.09,2.0300000000000002,2.0300000000000002,0.33333333333327864,25.096281,57.69259999999997,,,0.7185167970941759,932.96,5021.825066666666,864.5,953.0,981.5,62.770070554010964,81.77000576812407,913.5625,857.1333333333333,0.060484015034585205,0.00900225671628763,0.008506631331045988,
01,24,554,75,232.23199999999997,48.313999999999986,123.82999999999997,2.74726666666667,0.32967200000000146,0.32967199999999564,0.8064516129032268,0.09677419354838752,0.0967741935483858,0.3464101615142383,0.34641016151423526,6.09,2.0300000000000002,2.0300000000000002,0.33333333333327864,25.096281,57.69259999999996,,,0.718516797094176,906.5733333333334,2944.404622222222,873.0,921.0,946.5,41.616049286287286,54.71757167973503,902.1041666666666,885.3,0.01853591546188577,0.022555157046041947,0.0206967166800673,
01,24,559,75,215.18000000000004,53.186000000000035,97.44000000000005,2.7472666666666528,0.3296720000000023,0.3296720000000004,0.8064516129032244,0.0967741935483881,0.09677419354838754,0.34641016151423987,0.34641016151423887,6.09,2.0300000000000002,2.0300000000000002,0.33333333333327864,25.096281,57.69259999999997,,,0.7185167970941759,780.1333333333333,10457.955555555556,701.5,769.0,854.5,57.25840032124539,80.47577869333347,776.2916666666666,766.2166666666667,0.012914459066826079,0.06796485689077554,0.06855305851651723,
01,24,564,75,350.378,63.74200000000002,93.37999999999998,2.7472666666666696,0.3296719999999994,0.3296719999999909,0.8064516129032282,0.09677419354838711,0.09677419354838461,0.34641016151423726,0.3464101615142328,6.09,2.0300000000000002,2.0300000000000002,0.33333333333327864,25.096281,57.69259999999998,,,0.7185167970941759,783.64,6286.923733333334,720.5,788.0,833.0,51.56284824102024,66.81696012004132,780.4375,756.5,0.03054655198815779,0.056058144759557275,0.06101531287206534,
01,24,567,75,336.57399999999996,69.42600000000006,83.23000000000009,2.747266666666671,0.3296720000000094,0.32967199999999813,0.8064516129032243,0.09677419354838952,0.09677419354838622,0.3464101615142425,0.34641016151423654,6.09,2.0300000000000002,2.0300000000000002,0.33333333333327864,25.096281,57.69259999999997,,,0.7185167970941759,825.4666666666667,5103.742222222222,777.5,817.0,869.0,53.97076318247954,72.93015828479766,812.8333333333334,776.9,0.04353093199806172,0.025023754930637892,0.023541372911505574,
01,24,572,75,334.9500000000001,41.818000000000026,158.34000000000026,2.747266666666668,0.32967200000000063,0.3296719999999817,0.80645161290323,0.09677419354838775,0.09677419354838218,0.34641016151423804,0.3464101615142281,6.09,2.0300000000000002,2.0300000000000002,0.33333333333327864,25.096281,57.69259999999996,,,0.718516797094176,690.3066666666666,2941.972622222222,659.5,690.0,728.0,37.55477822043872,49.91064984400951,690.375,676.4666666666667,0.020148050141965818,0.03496618087544693,0.037542157319553,
01,24,577,75,366.61800000000005,58.46399999999998,109.61999999999985,2.7472666666666683,0.32967200000000046,0.3296719999999817,0.8064516129032301,0.09677419354838769,0.09677419354838218,0.3464101615142379,0.34641016151422804,6.09,2.0300000000000002,2.0300000000000002,0.33333333333327864,25.096281,57.69259999999997,,,0.7185167970941759,764.9466666666667,7574.503822222223,709.5,774.0,820.0,67.12333252887416,89.03047293203326,748.5208333333334,710.7333333333333,0.04939886876644991,0.03165362066574541,0.021219717316497466,
01,24,580,75,342.66400000000004,45.87800000000003,172.55,2.747266666666671,0.32967200000000174,0.3296719999999909,0.8064516129032278,0.09677419354838769,0.09677419354838451,0.3464101615142384,0.34641016151423276,6.09,2.0300000000000002,2.0300000000000002,0.33333333333327864,25.096281,57.69259999999997,,,0.7185167970941759,758.72,2020.9749333333332,728.0,762.0,792.5,40.76181861669577,53.194935938611934,748.8125,729.25,0.02578355651623784,0.016105786926024147,0.01605615904082387,
01,24,583,75,224.92400000000015,58.86999999999994,79.16999999999994,2.74726666666667,0.32967199999999797,0.3296719999999957,0.8064516129032276,0.0967741935483866,0.09677419354838593,0.3464101615142365,0.3464101615142353,6.09,2.0300000000000002,2.0300000000000002,0.33333333333327864,25.096281,57.69259999999996,,,0.718516797094176,975.36,4475.7770666666665,929.5,981.0,1022.0,52.725590769525276,73.49571900708932,974.4375,949.1166666666667,0.02596050005468063,0.022397861859018986,0.01768004407524067,
01,24,586,75,239.54000000000005,49.532000000000025,119.77000000000002,2.7472666666666514,0.3296720000000004,0.3296719999999984,0.8064516129032252,0.09677419354838768,0.0967741935483871,0.346410161514239,0.3464101615142379,6.09,2.0300000000000002,2.0300000000000002,0.33333333333327864,25.096281,57.69259999999998,,,0.7185167970941759,836.2,4382.64,790.0,854.0,885.5,41.29609164226111,56.60830327787612,844.4166666666666,843.2166666666667,0.0014350633819659533,0.047142270318953836,0.05227843451665425,
01,24,591,75,377.5800000000002,62.929999999999986,109.61999999999985,2.7472666666666687,0.32967200000000946,0.3296720000000013,0.8064516129032234,0.09677419354838951,0.09677419354838712,0.3464101615142426,0.3464101615142383,6.09,2.0300000000000002,2.0300000000000002,0.33333333333327864,25.096281,57.69259999999996,,,0.718516797094176,709.36,3633.003733333334,680.0,715.0,742.0,45.37221458653783,58.697946939611896,709.5208333333334,680.7666666666667,0.04053536521183416,0.03208270318724264,0.034024527647840024,
01,24,596,75,329.6720000000001,43.84799999999998,160.36999999999986,2.7472666666666674,0.3296720000000094,0.32967200000000146,0.8064516129032233,0.09677419354838954,0.0967741935483872,0.3464101615142427,0.3464101615142385,6.09,2.0300000000000002,2.0300000000000002,0.33333333333327864,25.096281,57.69259999999996,,,0.718516797094176,672.1066666666667,3934.4419555555546,628.5,672.0,712.5,39.591152395729104,51.67014786882779,671.0208333333334,662.6666666666666,0.01242982264719895,0.05552687562835244,0.06147049128358237,
01,24,599,75,343.88199999999995,64.96,91.35000000000002,2.747266666666671,0.3296719999999978,0.329671999999991,0.8064516129032286,0.09677419354838665,0.09677419354838464,0.34641016151423637,0.34641016151423276,6.09,2.0300000000000002,2.0300000000000002,0.33333333333327864,25.096281,57.69259999999996,,,0.718516797094176,841.3066666666666,8158.345955555557,783.0,862.0,907.5,57.49529972423139,75.99523037535808,834.1875,818.4833333333333,0.01866639988589175,0.05901236570443338,0.06306374349660045,
01,24,602,75,360.9339999999998,43.84799999999998,164.42999999999984,2.7472666666666683,0.3296720000000094,0.32967200000000196,0.8064516129032232,0.09677419354838948,0.0967741935483873,0.3464101615142426,0.3464101615142387,6.09,2.0300000000000002,2.0300000000000002,0.33333333333327864,25.096281,57.69259999999997,,,0.7185167970941759,721.2666666666667,3751.9022222222225,687.0,723.0,755.0,45.85280060995975,59.13009106916767,713.1666666666666,696.35,0.02331546353637108,0.023469892543103627,0.017410644349872845,
01,24,607,75,375.5499999999999,52.37400000000001,119.77000000000002,2.747266666666652,0.3296720000000094,0.329672,0.8064516129032228,0.09677419354839001,0.09677419354838726,0.34641016151424364,0.3464101615142387,6.09,2.0300000000000002,2.0300000000000002,0.33333333333327864,25.096281,57.69259999999996,,,0.718516797094176,672.92,4633.4336,638.0,682.0,717.5,48.63107495886407,66.17730058325563,664.4791666666666,652.1,0.018396193703065132,0.054736752967241405,0.0590908034999107,
01,24,608,75,245.22399999999993,60.08800000000001,87.28999999999989,2.7472666666666683,0.3296720000000096,0.32967200000000196,0.8064516129032232,0.09677419354838955,0.0967741935483873,0.34641016151424275,0.3464101615142387,6.09,2.0300000000000002,2.0300000000000002,0.33333333333327864,25.096281,57.69259999999996,,,0.718516797094176,833.68,3188.8576000000003,789.5,839.0,872.5,53.85753296124538,67.48483864574902,824.3541666666666,784.6,0.04768516297220343,0.01670139611116013,0.01688465724874413,
01,24,611,75,384.8880000000003,58.05799999999999,117.74000000000007,2.7472666666666523,0.32967200000000946,0.3296720000000013,0.8064516129032225,0.09677419354838998,0.09677419354838758,0.34641016151424364,0.34641016151423937,6.09,2.0300000000000002,2.0300000000000002,0.33333333333327864,25.096281,57.69259999999997,,,0.7185167970941759,709.9733333333334,2508.3992888888893,679.0,721.0,741.5,34.65885025516611,44.56937335086181,711.75,710.3666666666667,0.0019484299879807556,0.0371689284050078,0.041125372409192396,
01,24,614,75,369.4600000000002,46.69000000000002,129.92000000000007,2.7472666666666723,0.32967200000000946,0.32967199999999997,0.806451612903224,0.09677419354838945,0.09677419354838666,0.34641016151424237,0.3464101615142374,6.09,2.0300000000000002,2.0300000000000002,0.33333333333327864,25.096281,57.69259999999996,,,0.718516797094176,694.8666666666667,6199.075555555555,628.5,716.0,757.0,49.219943655028075,68.17872268164132,687.4375,668.7333333333333,0.02691763407848022,0.040758523060407545,0.03174959841208298,
01,24,619,75,229.79600000000002,77.54600000000008,56.83999999999996,2.74726666666667,0.32967200000000013,0.3296719999999984,0.8064516129032264,0.0967741935483871,0.09677419354838658,0.34641016151423765,0.3464101615142367,6.09,2.0300000000000002,2.0300000000000002,0.33333333333327864,25.096281,57.69259999999996,,,0.718516797094176,941.0533333333333,5248.743822222224,886.5,945.0,989.5,53.61799218645249,69.66851868065483,943.75,916.0833333333334,0.029399679791439308,0.01391339183443571,0.00980434480989408,
01,24,621,75,192.444,59.275999999999925,79.16999999999994,2.747266666666669,0.3296720000000004,0.329671999999998,0.8064516129032263,0.09677419354838719,0.09677419354838648,0.34641016151423787,0.3464101615142366,6.09,2.0300000000000002,2.0300000000000002,0.33333333333327864,25.096281,57.69259999999996,,,0.718516797094176,905.04,3110.0650666666666,864.0,907.0,943.0,52.06028839176986,71.92256208298585,893.875,845.85,0.053063952974454084,0.01391308872333199,0.013983577526312402,
01,24,626,75,260.2460000000001,45.066,144.12999999999997,2.74726666666667,0.32967199999999763,0.3296719999999909,0.8064516129032286,0.09677419354838662,0.09677419354838465,0.3464101615142363,0.3464101615142328,6.09,2.0300000000000002,2.0300000000000002,0.33333333333327864,25.096281,57.69259999999996,,,0.718516797094176,795.0533333333333,4489.757155555556,743.0,803.0,842.0,58.38934286896153,72.03867387060276,783.3958333333334,747.4166666666666,0.045253777524358996,0.03760798911039041,0.03912758858944531,
01,24,631,75,318.71000000000015,64.96,81.1999999999998,2.7472666666666665,0.3296720000000094,0.32967199999999836,0.806451612903224,0.09677419354838965,0.0967741935483864,0.34641016151424275,0.3464101615142369,6.09,2.0300000000000002,2.0300000000000002,0.33333333333327864,25.096281,57.69259999999997,,,0.7185167970941759,653.8533333333334,7771.191822222223,604.5,670.0,707.0,48.6385376841631,62.080914104678044,643.6666666666666,619.6666666666666,0.036705479312383965,0.09202699153561746,0.10157298052471302,
01,24,636,75,307.34200000000004,73.07999999999997,66.99000000000002,2.7472666666666705,0.3296720000000032,0.3296719999999909,0.8064516129032274,0.0967741935483881,0.09677419354838449,0.3464101615142392,0.34641016151423276,6.09,2.0300000000000002,2.0300000000000002,0.33333333333327864,25.096281,57.69259999999997,,,0.7185167970941759,801.4533333333334,36612.99448888889,645.0,849.0,968.5,89.38736341927729,115.95418405990212,770.25,703.7833333333333,0.08293267231196652,0.17805682880387302,0.19584833725079115,
01,24,641,75,198.53399999999993,51.96799999999997,111.65000000000002,2.747266666666671,0.3296720000000004,0.32967199999999813,0.8064516129032264,0.09677419354838714,0.09677419354838647,0.3464101615142377,0.34641016151423654,6.09,2.0300000000000002,2.0300000000000002,0.33333333333327864,25.096281,57.69259999999997,,,0.7185167970941759,831.6533333333333,8457.266488888888,766.5,829.0,888.5,54.519048369066425,72.02876846661596,820.2083333333334,807.3333333333334,0.015481210119601097,0.07138151790911702,0.07856164796927932,
01,24,646,75,310.9960000000002,64.96,83.23000000000009,2.747266666666672,0.32967199999999786,0.329671999999991,0.8064516129032288,0.09677419354838664,0.09677419354838461,0.3464101615142363,0.3464101615142327,6.09,2.0300000000000002,2.0300000000000002,0.33333333333327864,25.096281,57.69259999999997,,,0.7185167970941759,747.0266666666666,9374.825955555556,668.5,726.0,812.5,46.463097056465095,60.50546667410126,751.7083333333334,751.7333333333333,-3.3466007460658116e-05,0.0780877447901685,0.08289275799721817,
01,24,651,75,174.9860000000001,57.65200000000002,87.28999999999989,2.7472666666666683,0.3296720000000014,0.3296720000000004,0.8064516129032255,0.09677419354838741,0.09677419354838712,0.3464101615142384,0.34641016151423787,6.09,2.0300000000000002,2.0300000000000002,0.33333333333327864,25.096281,57.69259999999997,,,0.7185167970941759,842.0266666666666,3271.1992888888894,794.5,840.0,884.5,36.2139156827408,47.018480754287246,841.8541666666666,831.1333333333333,0.012732177919939143,0.030651199092311704,0.032348531249620276,
01,24,654,75,181.48199999999997,54.80999999999997,103.53000000000013,2.747266666666673,0.3296720000000003,0.32967199999999564,0.8064516129032271,0.09677419354838711,0.09677419354838575,0.34641016151423754,0.3464101615142351,6.09,2.0300000000000002,2.0300000000000002,0.33333333333327864,25.096281,57.69259999999996,,,0.718516797094176,888.12,3062.4255999999996,851.0,893.0,922.5,45.86752726061209,58.638702088105774,879.0833333333334,847.55,0.035505712441261744,0.03149497628257353,0.0348802867634026,
01,24,659,75,219.64600000000007,53.186000000000035,97.44000000000005,2.747266666666652,0.3296720000000094,0.32967200000000174,0.8064516129032223,0.09677419354838997,0.09677419354838772,0.34641016151424364,0.34641016151423965,6.09,2.0300000000000002,2.0300000000000002,0.33333333333327864,25.096281,57.69259999999996,,,0.718516797094176,761.2533333333333,4972.722488888889,708.5,756.0,814.5,43.22366735527164,59.882217455180765,764.0625,762.9166666666666,0.0015051931901776496,0.03590339809873669,0.03408623674360067,
01,24,662,75,229.38999999999996,50.74999999999999,136.01000000000025,2.7472666666666665,0.3296720000000094,0.32967200000000163,0.8064516129032232,0.09677419354838955,0.09677419354838726,0.34641016151424275,0.34641016151423865,6.09,2.0300000000000002,2.0300000000000002,0.33333333333327864,25.096281,57.69259999999997,,,0.7185167970941759,890.4266666666666,6466.751288888889,833.0,872.0,951.0,51.627237761766395,69.84108993816193,889.0,865.6666666666666,0.02620466592794467,0.033445022185413495,0.029801599472937246,
01,24,665,75,244.81799999999987,48.72000000000001,109.61999999999985,2.7472666666666674,0.329672000000001,0.3296720000000004,0.8064516129032255,0.09677419354838734,0.09677419354838716,0.34641016151423826,0.3464101615142379,6.09,2.0300000000000002,2.0300000000000002,0.33333333333327864,25.096281,57.69259999999996,,,0.718516797094176,758.2933333333333,3738.4739555555543,713.0,756.0,796.5,43.99499750894942,57.75794956890168,760.6041666666666,756.8666666666667,0.004928831410887541,0.019387660655235155,0.0014428524823831453,
01,24,670,75,250.502,48.313999999999986,117.74000000000007,2.7472666666666523,0.32967200000000096,0.32967200000000013,0.8064516129032248,0.09677419354838776,0.09677419354838752,0.3464101615142392,0.34641016151423876,6.09,2.0300000000000002,2.0300000000000002,0.33333333333327864,25.096281,57.69259999999998,,,0.7185167970941759,717.76,6717.3024,659.0,714.0,766.0,63.542317598081375,84.79902063097714,726.7916666666666,754.2833333333333,-0.0383020322484767,0.03395237859515559,0.0288485751396969,
01,24,680,75,190.81999999999996,68.61400000000003,64.95999999999994,2.7472666666666696,0.3296720000000003,0.32967199999999564,0.806451612903227,0.09677419354838722,0.09677419354838585,0.34641016151423776,0.3464101615142353,6.09,2.0300000000000002,2.0300000000000002,0.33333333333327864,25.096281,57.69259999999996,,,0.718516797094176,982.28,3592.5216,940.5,995.0,1025.0,49.91592095149983,69.50764032384751,977.9791666666666,933.9166666666666,0.044857372643238136,0.004847236474979592,0.003341528133879708,
01,24,695,75,220.05199999999996,59.275999999999925,79.16999999999994,2.74726666666667,0.32967200000000013,0.3296719999999981,0.8064516129032264,0.0967741935483871,0.09677419354838648,0.34641016151423765,0.34641016151423654,6.09,2.0300000000000002,2.0300000000000002,0.33333333333327864,25.096281,57.69259999999998,,,0.7185167970941759,977.2,7167.333333333333,915.5,984.0,1027.5,77.3213782354997,94.80354109366444,953.0625,901.2666666666667,0.05300433210533493,0.024816401804573406,0.02463192714465177,
01,24,700,75,245.22399999999993,208.278,83.23000000000009,2.747266666666669,0.3296720000000096,0.32967200000000035,0.8064516129032235,0.09677419354838956,0.09677419354838684,0.3464101615142427,0.3464101615142378,6.09,2.0300000000000002,2.0300000000000002,0.33333333333327864,25.096281,57.69259999999997,,,0.7185167970941759,1024.3066666666666,33390.26595555555,915.0,1014.0,1108.0,100.0177240452775,137.9041501979953,1013.3958333333334,965.85,0.04641757676737433,0.07805354212762279,0.07945704332053995,
01,24,707,75,229.79600000000002,218.83400000000015,93.37999999999998,2.74726666666667,0.32967200000000013,0.3296719999999958,0.806451612903227,0.09677419354838715,0.09677419354838589,0.34641016151423765,0.34641016151423537,6.09,2.0300000000000002,2.0300000000000002,0.33333333333327864,25.096281,57.69259999999996,,,0.718516797094176,1023.9466666666667,26530.717155555558,888.5,983.0,1151.5,85.20899350422029,118.27579992274478,997.25,970.9,0.025733762175113282,0.02789859579566865,0.028722401080446724,
01,24,712,75,245.6299999999998,216.39799999999983,105.56000000000012,2.7472666666666705,0.32967200000000013,0.32967199999999564,0.8064516129032271,0.09677419354838715,0.09677419354838583,0.3464101615142376,0.34641016151423526,6.09,2.0300000000000002,2.0300000000000002,0.33333333333327864,25.096281,57.69259999999997,,,0.7185167970941759,973.5066666666667,11113.929955555554,895.5,965.0,1067.5,74.54444459763549,97.60074549301842,973.2708333333334,952.0833333333334,0.02176410365277414,0.02949943892189176,0.02868412104792066,
01,24,713,75,326.4240000000002,50.74999999999999,109.61999999999985,2.747266666666668,0.32967200000000946,0.32967200000000146,0.8064516129032233,0.09677419354838954,0.09677419354838719,0.3464101615142427,0.3464101615142385,6.09,2.0300000000000002,2.0300000000000002,0.33333333333327864,25.096281,57.69259999999997,,,0.7185167970941759,788.32,3624.2175999999995,744.5,790.0,830.0,47.964866228037025,63.80031426746615,782.9375,754.1833333333333,0.036475246938637455,0.02523347606562138,0.02746789289407063,
01,24,716,75,346.3179999999999,45.066,127.8900000000001,2.747266666666671,0.32967199999999774,0.329671999999991,0.8064516129032286,0.09677419354838664,0.09677419354838464,0.3464101615142363,0.34641016151423276,6.09,2.0300000000000002,2.0300000000000002,0.33333333333327864,25.096281,57.69259999999997,,,0.7185167970941759,739.9866666666667,2247.373155555555,707.5,734.0,780.5,40.226531799906866,54.433851578340935,732.7291666666666,731.9333333333333,0.0010754698282852133,0.01721613383367959,0.018470809516530122,
01,24,719,75,356.87400000000025,52.37400000000001,111.65000000000002,2.747266666666671,0.3296720000000094,0.32967200000000063,0.8064516129032238,0.09677419354838945,0.09677419354838689,0.3464101615142425,0.34641016151423787,6.09,2.0300000000000002,2.0300000000000002,0.33333333333327864,25.096281,57.69259999999997,,,0.7185167970941759,679.5066666666667,7817.129955555556,606.0,701.0,739.0,47.916086858564945,61.99586858767985,678.625,646.4666666666667,0.04732600121656877,0.09293660352705396,0.10304938893947771,
01,24,726,75,347.9420000000002,43.442,156.31000000000012,2.747266666666673,0.32967200000000946,0.3296720000000017,0.8064516129032235,0.09677419354838937,0.0967741935483871,0.3464101615142423,0.34641016151423826,6.09,2.0300000000000002,2.0300000000000002,0.33333333333327864,25.096281,57.69259999999997,,,0.7185167970941759,631.3866666666667,1132.9571555555556,610.0,628.0,651.5,28.503439913564026,36.44789109716709,630.1458333333334,627.9333333333333,0.003504191831735578,0.009217266124229876,0.00905225968217935,
01,24,727,75,348.7540000000001,41.41199999999999,154.27999999999977,2.7472666666666683,0.3296720000000094,0.3296720000000019,0.8064516129032233,0.0967741935483895,0.0967741935483873,0.3464101615142426,0.3464101615142387,6.09,2.0300000000000002,2.0300000000000002,0.33333333333327864,25.096281,57.69259999999998,,,0.7185167970941759,659.0266666666666,1491.1726222222221,632.0,660.0,680.0,34.6835308971303,44.699284394273704,653.9166666666666,637.3166666666667,0.02518866206729098,0.00848279142408031,0.003023021310502481,
01,24,742,75,336.9800000000001,54.80999999999997,103.53000000000013,2.7472666666666727,0.3296720000000094,0.32967200000000035,0.8064516129032239,0.09677419354838941,0.09677419354838675,0.3464101615142423,0.3464101615142376,6.09,2.0300000000000002,2.0300000000000002,0.33333333333327864,25.096281,57.69259999999996,,,0.718516797094176,711.44,3746.379733333333,669.5,707.0,761.5,48.34388581098683,66.59368489438276,714.0208333333334,727.5333333333333,-0.018993168784437072,0.022864267744866405,0.01292273628298691,
01,24,743,75,327.6420000000002,61.30600000000006,89.32000000000015,2.7472666666666727,0.32967199999999885,0.3296719999999817,0.8064516129032308,0.09677419354838715,0.09677419354838211,0.3464101615142368,0.34641016151422777,6.09,2.0300000000000002,2.0300000000000002,0.33333333333327864,25.096281,57.69259999999996,,,0.718516797094176,824.3866666666667,4276.823822222222,779.0,826.0,862.0,63.928216279586145,86.90021090174858,813.2291666666666,750.45,0.07615257403483783,0.012345656000107943,0.0029712874331115392,
01,24,759,75,295.5679999999999,44.66,127.8900000000001,2.747266666666671,0.3296719999999981,0.329671999999991,0.8064516129032286,0.09677419354838672,0.09677419354838462,0.3464101615142365,0.34641016151423276,6.09,2.0300000000000002,2.0300000000000002,0.33333333333327864,25.096281,57.69259999999997,,,0.7185167970941759,854.5333333333333,4786.142222222222,803.5,851.0,900.5,52.83323804710315,70.3445937052052,838.2291666666666,835.3833333333333,0.00333027773443591,0.012429209969369883,0.006382661679614941,
01,24,764,75,313.432,51.561999999999934,103.53000000000013,2.7472666666666736,0.3296720000000094,0.3296719999999998,0.806451612903224,0.0967741935483894,0.09677419354838658,0.3464101615142423,0.34641016151423726,6.09,2.0300000000000002,2.0300000000000002,0.33333333333327864,25.096281,57.69259999999997,,,0.7185167970941759,708.28,10168.574933333335,628.5,704.0,778.0,49.34029335895722,68.87820454717051,713.3541666666666,700.7333333333333,0.017818988723856757,0.09993706757715036,0.11046013212908277,
01,24,769,75,340.6339999999999,42.630000000000045,148.1899999999997,2.7472666666666727,0.3296720000000094,0.329671999999998,0.8064516129032244,0.09677419354838947,0.09677419354838614,0.3464101615142423,0.34641016151423637,6.09,2.0300000000000002,2.0300000000000002,0.33333333333327864,25.096281,57.69259999999996,,,0.718516797094176,633.56,1116.7797333333333,609.5,635.0,658.5,24.761065432720834,34.09473386495599,634.25,630.2666666666667,0.006287223520003381,0.020781489788891182,0.0229654161756389,
01,24,774,75,236.29199999999997,56.84000000000004,87.28999999999989,2.747266666666669,0.3296719999999983,0.32967199999999564,0.8064516129032274,0.0967741935483867,0.09677419354838593,0.3464101615142367,0.3464101615142353,6.09,2.0300000000000002,2.0300000000000002,0.33333333333327864,25.096281,57.69259999999996,,,0.718516797094176,887.2,6225.119999999999,837.5,900.0,933.5,61.086776971812796,79.61046186283971,869.5,844.1,0.028629395852118968,0.020891498712609813,0.010601939373705157,
01,24,784,75,271.2080000000001,46.69000000000002,125.8599999999999,2.7472666666666705,0.3296720000000094,0.3296720000000001,0.8064516129032239,0.09677419354838948,0.09677419354838675,0.3464101615142425,0.3464101615142376,6.09,2.0300000000000002,2.0300000000000002,0.33333333333327864,25.096281,57.69259999999997,,,0.7185167970941759,867.9466666666667,4321.970488888889,820.5,866.0,914.0,51.855803951450035,68.0256088163134,859.3125,825.5833333333334,0.03886087470812329,0.014942921094334982,0.015409027431252767,
01,24,793,75,305.71800000000013,44.25399999999996,142.09999999999994,2.74726666666667,0.3296720000000094,0.32967200000000013,0.8064516129032238,0.0967741935483895,0.09677419354838677,0.34641016151424253,0.34641016151423765,6.09,2.0300000000000002,2.0300000000000002,0.33333333333327864,25.096281,57.69259999999996,,,0.718516797094176,781.4533333333334,1569.8211555555554,753.5,784.0,808.5,30.0266267251595,40.28418632468087,780.125,773.5166666666667,0.008456465730519211,0.01129742839162198,0.0064153402295805614,
