sequence,frame,label,mask_voxels,center_x,center_y,center_z,eig1,eig2,eig3,eigfrac1,eigfrac2,eigfrac3,axis_ratio21,axis_ratio31,bbox_major,bbox_mid,bbox_minor,bbox_ratio_minor_major,proxy_volume_phys,surface_area_phys,projected_area_px,perimeter_px,roundness,intensity_mean,intensity_var,intensity_q25,intensity_median,intensity_q75,gradient_mean_inplane,gradient_q75_inplane,boundary_mean_intensity,outside_neighbor_mean_intensity,boundary_contrast_norm,intensity_polarity_norm,intensity_axis_asym_abs,sphericity
02,23,1,9,279.0,504.0,0.0,0.6666666666666666,0.6666666666666666,0.0,0.5,0.5,0.0,1.0,0.0,3.0,3.0,0.0,0.9999999999996666,,,9.0,12.0,0.7853981633974483,979.1111111111111,353.4320987654321,963.0,978.0,997.0,19.480907677562854,26.177280225416848,978.625,960.4166666666666,0.018596799818429433,0.013274802763381536,0.002362762461796032,
02,23,2,9,317.0,454.0,0.0,0.6666666666666666,0.6666666666666666,0.0,0.5,0.5,0.0,1.0,0.0,3.0,3.0,0.0,0.9999999999996666,,,9.0,12.0,0.7853981633974483,976.3333333333334,71.33333333333333,970.0,974.0,982.0,10.961267992086965,13.038404810405298,975.0,966.6666666666666,0.008535336292249944,0.0038437453906251234,0.005017732487745883,
02,23,4,9,293.0,565.0,0.0,0.6666666666666666,0.6666666666666666,0.0,0.5,0.5,0.0,1.0,0.0,3.0,3.0,0.0,0.9999999999996666,,,9.0,12.0,0.7853981633974483,1098.6666666666667,860.8888888888889,1079.0,1092.0,1095.0,34.817174669498996,50.08991914547278,1099.25,1111.1666666666667,-0.010846480582524331,0.01375618305653814,0.009289630395909309,
02,23,5,9,294.0,474.0,0.0,0.6666666666666666,0.6666666666666666,0.0,0.5,0.5,0.0,1.0,0.0,3.0,3.0,0.0,0.9999999999996666,,,9.0,12.0,0.7853981633974483,916.7777777777778,328.1728395061728,897.0,917.0,928.0,22.27172672525354,28.160255680657446,915.75,902.1666666666666,0.0148163858926191,0.013157319444473055,0.017367003993805162,
02,23,6,9,357.0,599.0,0.0,0.6666666666666666,0.6666666666666666,0.0,0.5,0.5,0.0,1.0,0.0,3.0,3.0,0.0,0.9999999999996666,,,9.0,12.0,0.7853981633974483,1067.7777777777778,557.5061728395062,1046.0,1071.0,1086.0,24.97790590655998,27.294688127912362,1067.375,1058.4166666666667,0.008389698231009287,0.015113098385303426,0.009558362680006635,
02,23,7,9,338.0,594.0,0.0,0.6666666666666666,0.6666666666666666,0.0,0.5,0.5,0.0,1.0,0.0,3.0,3.0,0.0,0.9999999999996666,,,9.0,12.0,0.7853981633974483,1122.111111111111,633.2098765432098,1096.0,1126.0,1142.0,38.853622049851964,44.14748010928823,1120.625,1075.5833333333333,0.04014011288246365,0.013889432982147416,0.018797450744113587,
02,23,8,9,348.0,738.0,0.0,0.6666666666666666,0.6666666666666666,0.0,0.5,0.5,0.0,1.0,0.0,3.0,3.0,0.0,0.9999999999996666,,,9.0,12.0,0.7853981633974483,1345.4444444444443,4296.024691358024,1302.0,1317.0,1365.0,46.55435553168734,60.39246641759219,1349.0,1339.5833333333333,0.006998926418366557,0.03256910224539386,0.01962181064088813,
02,23,9,9,319.0,669.0,0.0,0.6666666666666666,0.6666666666666666,0.0,0.5,0.5,0.0,1.0,0.0,3.0,3.0,0.0,0.9999999999996666,,,9.0,12.0,0.7853981633974483,1144.4444444444443,240.46913580246914,1131.0,1140.0,1152.0,19.32037872763484,23.853720883753127,1143.5,1126.5833333333333,0.014781553398058308,0.007905321547868169,0.005469734377067514,
02,23,10,9,323.0,713.0,0.0,0.6666666666666666,0.6666666666666666,0.0,0.5,0.5,0.0,1.0,0.0,3.0,3.0,0.0,0.9999999999996666,,,9.0,12.0,0.7853981633974483,1144.111111111111,646.7654320987654,1133.0,1137.0,1164.0,25.543813512619476,28.50438562747845,1145.0,1139.8333333333333,0.004515878411187787,0.01233789450376184,0.003330373545562626,
02,23,11,9,351.0,684.0,0.0,0.6666666666666666,0.6666666666666666,0.0,0.5,0.5,0.0,1.0,0.0,3.0,3.0,0.0,0.9999999999996666,,,9.0,12.0,0.7853981633974483,1048.6666666666667,1880.888888888889,1009.0,1054.0,1078.0,46.043261326221185,55.509008277936296,1050.75,1055.6666666666667,-0.0046884933248570295,0.027873877822268325,0.022579530368923736,
02,23,13,9,375.0,394.0,0.0,0.6666666666666666,0.6666666666666666,0.0,0.5,0.5,0.0,1.0,0.0,3.0,3.0,0.0,0.9999999999996666,,,9.0,12.0,0.7853981633974483,978.1111111111111,158.320987654321,969.0,980.0,986.0,19.789975104242707,21.914607000811127,978.75,982.5833333333334,-0.003919118482335602,0.008786026371747253,0.010295481140836053,
02,23,14,9,376.0,464.0,0.0,0.6666666666666666,0.6666666666666666,0.0,0.5,0.5,0.0,1.0,0.0,3.0,3.0,0.0,0.9999999999996666,,,9.0,12.0,0.7853981633974483,957.2222222222222,62.61728395061729,953.0,957.0,965.0,11.323211145629026,14.534441853748634,956.25,947.3333333333334,0.009315147997678418,0.0031565582451311197,0.0035541058369027135,
02,23,15,9,386.0,523.0,0.0,0.6666666666666666,0.6666666666666666,0.0,0.5,0.5,0.0,1.0,0.0,3.0,3.0,0.0,0.9999999999996666,,,9.0,12.0,0.7853981633974483,1013.7777777777778,695.283950617284,1001.0,1017.0,1032.0,29.57770486036918,33.52610922848042,1013.375,1001.5,0.011713612450679515,0.01810160174113174,0.02375929879834549,
02,23,16,9,364.0,522.0,0.0,0.6666666666666666,0.6666666666666666,0.0,0.5,0.5,0.0,1.0,0.0,3.0,3.0,0.0,0.9999999999996666,,,9.0,12.0,0.7853981633974483,904.1111111111111,384.9876543209877,886.0,898.0,922.0,24.992607951913502,31.40859754907882,903.0,882.5833333333334,0.022582032690180588,0.01431797525909123,0.010987633723943943,
02,23,17,9,356.0,445.0,0.0,0.6666666666666666,0.6666666666666666,0.0,0.5,0.5,0.0,1.0,0.0,3.0,3.0,0.0,0.9999999999996666,,,9.0,12.0,0.7853981633974483,901.2222222222222,76.17283950617285,894.0,899.0,907.0,15.315037586984833,19.45507645834372,900.625,887.6666666666666,0.014378621624953793,0.006161385001441439,0.008606886656274437,
02,23,18,9,376.0,619.0,0.0,0.6666666666666666,0.6666666666666666,0.0,0.5,0.5,0.0,1.0,0.0,3.0,3.0,0.0,0.9999999999996666,,,9.0,12.0,0.7853981633974483,1211.0,273.3333333333333,1195.0,1214.0,1224.0,28.989838468064217,42.04759208325728,1209.375,1189.8333333333333,0.01613680154142587,0.00806892040220879,0.006068100106003347,
02,23,19,9,354.0,629.0,0.0,0.6666666666666666,0.6666666666666666,0.0,0.5,0.5,0.0,1.0,0.0,3.0,3.0,0.0,0.9999999999996666,,,9.0,12.0,0.7853981633974483,1216.888888888889,199.20987654320987,1208.0,1218.0,1226.0,29.704451066037677,39.953097501945955,1214.25,1178.25,0.029583637691745778,0.005081122179776202,0.002572053692626421,
02,23,20,9,376.0,689.0,0.0,0.6666666666666666,0.6666666666666666,0.0,0.5,0.5,0.0,1.0,0.0,3.0,3.0,0.0,0.9999999999996666,,,9.0,12.0,0.7853981633974483,994.4444444444445,176.69135802469134,985.0,993.0,1004.0,18.91865759577976,25.124689052802225,994.75,1005.0833333333334,-0.010391061452513993,0.008666063252060346,0.012179027212669167,
02,23,21,9,445.0,736.0,0.0,0.6666666666666666,0.6666666666666666,0.0,0.5,0.5,0.0,1.0,0.0,3.0,3.0,0.0,0.9999999999996666,,,9.0,12.0,0.7853981633974483,1296.3333333333333,147.55555555555557,1294.0,1295.0,1306.0,17.847225088476335,18.681541692269406,1296.625,1291.9166666666667,0.0036320390845975222,0.005567641941378102,0.00010497513259432153,
02,23,22,9,376.0,664.0,0.0,0.6666666666666666,0.6666666666666666,0.0,0.5,0.5,0.0,1.0,0.0,3.0,3.0,0.0,0.9999999999996666,,,9.0,12.0,0.7853981633974483,1060.6666666666667,140.22222222222226,1055.0,1062.0,1070.0,11.568592070323046,18.027756377319946,1061.5,1054.3333333333333,0.006756756756756822,0.004463819205314348,0.003848978225634806,
02,23,23,9,375.0,749.0,0.0,0.6666666666666666,0.6666666666666666,0.0,0.5,0.5,0.0,1.0,0.0,3.0,3.0,0.0,0.9999999999996666,,,9.0,12.0,0.7853981633974483,1218.111111111111,294.5432098765432,1210.0,1214.0,1235.0,23.06658775974973,28.6574597618142,1219.25,1219.6666666666667,-0.00034205965520392955,0.008534782545149904,0.00033514864672878767,
02,23,24,9,284.0,598.0,0.0,0.6666666666666666,0.6666666666666666,0.0,0.5,0.5,0.0,1.0,0.0,3.0,3.0,0.0,0.9999999999996666,,,9.0,12.0,0.7853981633974483,1119.888888888889,484.5432098765432,1102.0,1123.0,1135.0,34.18198793216392,48.5,1119.5,1081.0,0.03437841055660281,0.01300262171054843,0.01822717836177894,
02,23,25,9,320.0,424.0,0.0,0.6666666666666666,0.6666666666666666,0.0,0.5,0.5,0.0,1.0,0.0,3.0,3.0,0.0,0.9999999999996666,,,9.0,12.0,0.7853981633974483,1108.3333333333333,232.88888888888889,1090.0,1113.0,1120.0,25.110292070778687,31.00403199585499,1106.875,1079.5833333333333,0.02462406015037599,0.008709696893837661,0.0009822515259265187,
02,23,26,9,328.0,394.0,0.0,0.6666666666666666,0.6666666666666666,0.0,0.5,0.5,0.0,1.0,0.0,3.0,3.0,0.0,0.9999999999996666,,,9.0,12.0,0.7853981633974483,1031.6666666666667,691.1111111111111,1014.0,1039.0,1053.0,29.42396092527939,41.716303767232304,1030.75,1015.3333333333334,0.014943457189014488,0.017523617824378116,0.008310062132234555,
02,23,27,9,285.0,385.0,0.0,0.6666666666666666,0.6666666666666666,0.0,0.5,0.5,0.0,1.0,0.0,3.0,3.0,0.0,0.9999999999996666,,,9.0,12.0,0.7853981633974483,1015.8888888888889,318.320987654321,1004.0,1010.0,1035.0,24.449456329134446,31.976553910638962,1015.0,997.3333333333334,0.017390353275730012,0.011746813662083171,0.013127528972568499,
02,23,28,9,295.0,350.0,0.0,0.6666666666666666,0.6666666666666666,0.0,0.5,0.5,0.0,1.0,0.0,3.0,3.0,0.0,0.9999999999996666,,,9.0,12.0,0.7853981633974483,1013.8888888888889,152.32098765432096,1006.0,1021.0,1023.0,17.42525580055387,23.005434140654682,1012.125,1000.25,0.011712328767123276,0.007054462021663738,0.009797958971097878,
02,23,29,9,352.0,375.0,0.0,0.6666666666666666,0.6666666666666666,0.0,0.5,0.5,0.0,1.0,0.0,3.0,3.0,0.0,0.9999999999996666,,,9.0,12.0,0.7853981633974483,999.7777777777778,693.9506172839506,976.0,1000.0,1029.0,29.740258366771894,37.030392922571046,1000.25,993.3333333333334,0.006918204045343364,0.01839918668637659,0.02599758506727191,
02,23,30,9,366.0,549.0,0.0,0.6666666666666666,0.6666666666666666,0.0,0.5,0.5,0.0,1.0,0.0,3.0,3.0,0.0,0.9999999999996666,,,9.0,12.0,0.7853981633974483,839.5555555555555,194.69135802469134,839.0,843.0,846.0,18.65631964570862,25.709920264364882,838.75,831.5,0.008635521439915288,0.008367626505922519,0.0001620890513129116,
02,23,31,9,315.0,629.0,0.0,0.6666666666666666,0.6666666666666666,0.0,0.5,0.5,0.0,1.0,0.0,3.0,3.0,0.0,0.9999999999996666,,,9.0,12.0,0.7853981633974483,1240.7777777777778,604.1728395061729,1237.0,1246.0,1251.0,36.97566498647398,47.74149138851865,1240.125,1206.0833333333333,0.027435748186621336,0.007910704424307791,0.00010967537132690767,
02,23,33,9,365.0,575.0,0.0,0.6666666666666666,0.6666666666666666,0.0,0.5,0.5,0.0,1.0,0.0,3.0,3.0,0.0,0.9999999999996666,,,9.0,12.0,0.7853981633974483,1223.4444444444443,975.3580246913581,1209.0,1228.0,1246.0,59.36728069530389,72.18032973047436,1217.75,1147.75,0.057215511760966266,0.006284696648190323,0.001334750563719317,
02,23,34,9,335.0,624.0,0.0,0.6666666666666666,0.6666666666666666,0.0,0.5,0.5,0.0,1.0,0.0,3.0,3.0,0.0,0.9999999999996666,,,9.0,12.0,0.7853981633974483,1001.0,187.77777777777777,997.0,1005.0,1007.0,19.50326284299294,30.20761493398643,1000.25,990.4166666666666,0.009823509823509852,0.00785262045923618,0.008564649450219002,
02,23,35,9,352.0,655.0,0.0,0.6666666666666666,0.6666666666666666,0.0,0.5,0.5,0.0,1.0,0.0,3.0,3.0,0.0,0.9999999999996666,,,9.0,12.0,0.7853981633974483,1033.5555555555557,425.80246913580254,1013.0,1041.0,1050.0,40.62918086417008,52.54046059942756,1030.375,983.3333333333334,0.045514405504192564,0.002837671729487502,0.0030282876845876615,
02,23,36,9,358.0,421.0,0.0,0.6666666666666666,0.6666666666666666,0.0,0.5,0.5,0.0,1.0,0.0,3.0,3.0,0.0,0.9999999999996666,,,9.0,12.0,0.7853981633974483,936.7777777777778,33.7283950617284,933.0,934.0,937.0,9.009325254192593,9.013878188659973,936.875,923.9166666666666,0.013832878662080442,0.002805569012577351,0.0015979354270251782,
02,23,37,9,378.0,488.0,0.0,0.6666666666666666,0.6666666666666666,0.0,0.5,0.5,0.0,1.0,0.0,3.0,3.0,0.0,0.9999999999996666,,,9.0,12.0,0.7853981633974483,752.5555555555555,692.0246913580246,730.0,746.0,778.0,26.3362431286177,31.662280397975127,753.375,750.1666666666666,0.00426325114424927,0.024381560214676475,0.007594756326363457,
02,23,38,9,389.0,421.0,0.0,0.6666666666666666,0.6666666666666666,0.0,0.5,0.5,0.0,1.0,0.0,3.0,3.0,0.0,0.9999999999996666,,,9.0,12.0,0.7853981633974483,915.7777777777778,210.39506172839506,915.0,921.0,927.0,14.470290981442036,22.67156809750927,915.125,906.8333333333334,0.009054234409123948,0.010257031398845188,0.0071327049049873794,
02,23,39,9,383.0,553.0,0.0,0.6666666666666666,0.6666666666666666,0.0,0.5,0.5,0.0,1.0,0.0,3.0,3.0,0.0,0.9999999999996666,,,9.0,12.0,0.7853981633974483,1020.2222222222222,453.7283950617284,1008.0,1012.0,1021.0,22.75368018093604,31.144823004794873,1020.375,1017.6666666666666,0.002654650402962352,0.012300782340869097,0.003334635350179075,
02,23,40,9,386.0,510.0,0.0,0.6666666666666666,0.6666666666666666,0.0,0.5,0.5,0.0,1.0,0.0,3.0,3.0,0.0,0.9999999999996666,,,9.0,12.0,0.7853981633974483,1150.6666666666667,846.6666666666666,1135.0,1168.0,1172.0,28.5884612596697,40.326790102858425,1148.375,1130.6666666666667,0.01538962920046342,0.016631380688448178,0.012772542111807228,
02,23,41,9,396.0,689.0,0.0,0.6666666666666666,0.6666666666666666,0.0,0.5,0.5,0.0,1.0,0.0,3.0,3.0,0.0,0.9999999999996666,,,9.0,12.0,0.7853981633974483,1098.2222222222222,735.7283950617285,1093.0,1095.0,1106.0,43.765480236426235,54.11330705103875,1091.5,1045.75,0.041658235532173175,0.010602251357151187,0.0149933356372101,
02,23,42,9,414.0,712.0,0.0,0.6666666666666666,0.6666666666666666,0.0,0.5,0.5,0.0,1.0,0.0,3.0,3.0,0.0,0.9999999999996666,,,9.0,12.0,0.7853981633974483,1353.7777777777778,1265.5061728395062,1311.0,1361.0,1387.0,53.72424472885824,66.68770501374297,1349.0,1298.5,0.037303020354563336,0.014376927964309325,0.008443743368089738,
02,23,44,9,426.0,734.0,0.0,0.6666666666666666,0.6666666666666666,0.0,0.5,0.5,0.0,1.0,0.0,3.0,3.0,0.0,0.9999999999996666,,,9.0,12.0,0.7853981633974483,1074.3333333333333,142.66666666666669,1063.0,1074.0,1080.0,18.99340596148371,26.019223662515376,1072.75,1057.3333333333333,0.014349984486503316,0.004307615071951335,0.0003800015114631228,
02,23,45,9,395.0,732.0,0.0,0.6666666666666666,0.6666666666666666,0.0,0.5,0.5,0.0,1.0,0.0,3.0,3.0,0.0,0.9999999999996666,,,9.0,12.0,0.7853981633974483,1112.7777777777778,931.0617283950619,1091.0,1115.0,1126.0,31.540398114280833,35.36240942017385,1112.5,1078.5833333333333,0.030479281078382468,0.018545146502491772,0.012840560309196676,
02,23,47,9,409.0,742.0,0.0,0.6666666666666666,0.6666666666666666,0.0,0.5,0.5,0.0,1.0,0.0,3.0,3.0,0.0,0.9999999999996666,,,9.0,12.0,0.7853981633974483,938.0,527.7777777777778,919.0,931.0,967.0,26.919119653478965,33.97793401606401,938.875,934.5,0.004664179104477607,0.016710077433376755,0.023502566828432006,
02,23,49,9,478.0,768.0,0.0,0.6666666666666666,0.6666666666666666,0.0,0.5,0.5,0.0,1.0,0.0,3.0,3.0,0.0,0.9999999999996666,,,9.0,12.0,0.7853981633974483,853.7777777777778,259.9506172839506,837.0,858.0,870.0,23.76266121545169,28.0178514522438,852.5,837.1666666666666,0.017959396147839687,0.01042993507037851,0.014663785550165703,
02,23,51,9,431.0,802.0,0.0,0.6666666666666666,0.6666666666666666,0.0,0.5,0.5,0.0,1.0,0.0,3.0,3.0,0.0,0.9999999999996666,,,9.0,12.0,0.7853981633974483,1154.3333333333333,608.8888888888889,1135.0,1147.0,1178.0,25.320785109222808,31.976553910638962,1152.75,1140.9166666666667,0.010251227259601429,0.012637748021837198,0.015325520577640472,
02,23,52,9,477.0,796.0,0.0,0.6666666666666666,0.6666666666666666,0.0,0.5,0.5,0.0,1.0,0.0,3.0,3.0,0.0,0.9999999999996666,,,9.0,12.0,0.7853981633974483,1388.7777777777778,1498.6172839506173,1374.0,1393.0,1423.0,42.168256952648385,57.88134414472422,1385.25,1363.75,0.015481238499079916,0.01760354451751653,0.014012202304823,
02,23,53,9,449.0,791.0,0.0,0.6666666666666666,0.6666666666666666,0.0,0.5,0.5,0.0,1.0,0.0,3.0,3.0,0.0,0.9999999999996666,,,9.0,12.0,0.7853981633974483,1103.5555555555557,258.2469135802469,1095.0,1106.0,1107.0,22.864666915651647,27.04163456597992,1104.125,1098.4166666666667,0.005172674184454216,0.009073776915739476,0.012084675533258274,
02,23,54,9,483.0,823.0,0.0,0.6666666666666666,0.6666666666666666,0.0,0.5,0.5,0.0,1.0,0.0,3.0,3.0,0.0,0.9999999999996666,,,9.0,12.0,0.7853981633974483,1249.888888888889,638.9876543209876,1229.0,1247.0,1261.0,33.62572369011011,44.13898503590675,1245.125,1220.0833333333333,0.020035114232376257,0.007974740793613338,0.00860119520312455,
02,23,55,9,458.0,827.0,0.0,0.6666666666666666,0.6666666666666666,0.0,0.5,0.5,0.0,1.0,0.0,3.0,3.0,0.0,0.9999999999996666,,,9.0,12.0,0.7853981633974483,979.0,363.3333333333333,959.0,984.0,992.0,23.833234604591453,28.991378028648448,977.375,978.0833333333334,-0.0007235274089207053,0.01206236135839933,0.016541214356530897,
02,23,56,9,486.0,845.0,0.0,0.6666666666666666,0.6666666666666666,0.0,0.5,0.5,0.0,1.0,0.0,3.0,3.0,0.0,0.9999999999996666,,,9.0,12.0,0.7853981633974483,1053.3333333333333,1021.7777777777778,1028.0,1044.0,1064.0,25.059649268402307,32.190837205639745,1053.625,1053.4166666666667,0.00019778481012651018,0.018988440544845976,0.006330432352119536,
02,23,57,9,542.0,911.0,0.0,0.6666666666666666,0.6666666666666666,0.0,0.5,0.5,0.0,1.0,0.0,3.0,3.0,0.0,0.9999999999996666,,,9.0,12.0,0.7853981633974483,1324.4444444444443,1164.0246913580245,1307.0,1332.0,1350.0,61.88221626939123,71.50174823037545,1318.375,1242.5833333333333,0.05722525167785237,0.011157639274089944,0.014692828574587728,
02,23,59,9,524.0,844.0,0.0,0.6666666666666666,0.6666666666666666,0.0,0.5,0.5,0.0,1.0,0.0,3.0,3.0,0.0,0.9999999999996666,,,9.0,12.0,0.7853981633974483,1192.6666666666667,1438.2222222222222,1172.0,1181.0,1213.0,34.9172012406281,39.436658073421995,1192.125,1182.6666666666667,0.007930408049189422,0.021165548625049747,0.021108421949625134,
02,23,60,9,581.0,880.0,0.0,0.6666666666666666,0.6666666666666666,0.0,0.5,0.5,0.0,1.0,0.0,3.0,3.0,0.0,0.9999999999996666,,,9.0,12.0,0.7853981633974483,1355.888888888889,1243.8765432098764,1341.0,1356.0,1374.0,52.12439344137874,63.83768479511142,1352.25,1301.6666666666667,0.03730640006555757,0.014223600002218914,0.02007284883048943,
02,23,62,9,626.0,859.0,0.0,0.6666666666666666,0.6666666666666666,0.0,0.5,0.5,0.0,1.0,0.0,3.0,3.0,0.0,0.9999999999996666,,,9.0,12.0,0.7853981633974483,1116.111111111111,381.4320987654321,1102.0,1114.0,1130.0,18.431251521741157,21.400934559032695,1116.5,1107.6666666666667,0.007914385266301569,0.010776821848943009,0.009144436570851337,
02,23,63,9,633.0,881.0,0.0,0.6666666666666666,0.6666666666666666,0.0,0.5,0.5,0.0,1.0,0.0,3.0,3.0,0.0,0.9999999999996666,,,9.0,12.0,0.7853981633974483,1236.3333333333333,492.0,1225.0,1228.0,1252.0,47.448865237431946,70.40063920164361,1232.125,1178.8333333333333,0.043104610407117855,0.006895843108332189,0.0034121588040796924,
02,23,64,9,654.0,868.0,0.0,0.6666666666666666,0.6666666666666666,0.0,0.5,0.5,0.0,1.0,0.0,3.0,3.0,0.0,0.9999999999996666,,,9.0,12.0,0.7853981633974483,1273.5555555555557,702.4691358024692,1251.0,1266.0,1286.0,27.465299920997012,36.694686263817545,1274.5,1253.6666666666667,0.01635840167510026,0.013390728224293628,0.0009616736907045987,
02,23,65,9,666.0,883.0,0.0,0.6666666666666666,0.6666666666666666,0.0,0.5,0.5,0.0,1.0,0.0,3.0,3.0,0.0,0.9999999999996666,,,9.0,12.0,0.7853981633974483,922.7777777777778,1436.1728395061727,902.0,909.0,948.0,43.84063081364331,47.01063709417264,920.875,907.5833333333334,0.014403973509933717,0.027288471638680086,0.02669221212786393,
02,23,66,9,705.0,887.0,0.0,0.6666666666666666,0.6666666666666666,0.0,0.5,0.5,0.0,1.0,0.0,3.0,3.0,0.0,0.9999999999996666,,,9.0,12.0,0.7853981633974483,1253.7777777777778,400.1728395061728,1242.0,1253.0,1266.0,35.80512007936909,40.61095911204265,1252.25,1219.0833333333333,0.026453385324353106,0.008939752011947149,0.012156276639042975,
02,23,67,9,645.0,898.0,0.0,0.6666666666666666,0.6666666666666666,0.0,0.5,0.5,0.0,1.0,0.0,3.0,3.0,0.0,0.9999999999996666,,,9.0,12.0,0.7853981633974483,1050.111111111111,255.2098765432099,1042.0,1048.0,1067.0,23.86411179331195,26.504716561397142,1050.375,1049.5,0.0008332451592424075,0.00962104998130294,0.01295889187798649,
02,23,68,9,620.0,926.0,0.0,0.6666666666666666,0.6666666666666666,0.0,0.5,0.5,0.0,1.0,0.0,3.0,3.0,0.0,0.9999999999996666,,,9.0,12.0,0.7853981633974483,1161.2222222222222,11978.395061728395,1074.0,1169.0,1251.0,110.6961019124742,134.00093283257397,1160.25,1176.9166666666667,-0.014352693522151044,0.0660143293202371,0.07605582446962375,
02,23,69,9,651.0,933.0,0.0,0.6666666666666666,0.6666666666666666,0.0,0.5,0.5,0.0,1.0,0.0,3.0,3.0,0.0,0.9999999999996666,,,9.0,12.0,0.7853981633974483,1318.6666666666667,887.5555555555554,1307.0,1319.0,1327.0,53.93931564675102,77.01460900374681,1313.0,1252.0833333333333,0.04619565217391307,0.010280952428346186,0.002373536572530492,
02,23,70,9,697.0,924.0,0.0,0.6666666666666666,0.6666666666666666,0.0,0.5,0.5,0.0,1.0,0.0,3.0,3.0,0.0,0.9999999999996666,,,9.0,12.0,0.7853981633974483,1310.0,436.22222222222223,1305.0,1314.0,1319.0,34.958965228249035,47.32071428032337,1307.25,1262.8333333333333,0.03390585241730283,0.007204508575219464,0.0035319190523108385,
02,23,71,9,662.0,909.0,0.0,0.6666666666666666,0.6666666666666666,0.0,0.5,0.5,0.0,1.0,0.0,3.0,3.0,0.0,0.9999999999996666,,,9.0,12.0,0.7853981633974483,1199.3333333333333,514.2222222222222,1181.0,1186.0,1214.0,34.11961257345612,44.50280890011326,1197.625,1164.3333333333333,0.027758476931628726,0.011747087994138492,0.012027325955845465,
02,23,72,9,675.0,949.0,0.0,0.6666666666666666,0.6666666666666666,0.0,0.5,0.5,0.0,1.0,0.0,3.0,3.0,0.0,0.9999999999996666,,,9.0,12.0,0.7853981633974483,1194.7777777777778,110.39506172839506,1196.0,1196.0,1200.0,15.705001943121637,17.95132307101624,1194.625,1176.9166666666667,0.01482144517808976,0.005145617338056461,0.005581000529932913,
02,23,73,9,611.0,877.0,0.0,0.6666666666666666,0.6666666666666666,0.0,0.5,0.5,0.0,1.0,0.0,3.0,3.0,0.0,0.9999999999996666,,,9.0,12.0,0.7853981633974483,1256.6666666666667,286.22222222222223,1239.0,1260.0,1262.0,22.069469010931005,27.37243138634199,1256.25,1241.5,0.01173740053050397,0.007707917330697014,0.0024906394377942997,
02,23,74,9,462.0,800.0,0.0,0.6666666666666666,0.6666666666666666,0.0,0.5,0.5,0.0,1.0,0.0,3.0,3.0,0.0,0.9999999999996666,,,9.0,12.0,0.7853981633974483,1169.2222222222222,225.95061728395063,1157.0,1177.0,1183.0,20.952293852426564,25.144581921360317,1169.625,1145.0833333333333,0.02098973676708168,0.008003698422117666,0.0008147119737539459,
02,23,77,9,494.0,775.0,0.0,0.6666666666666666,0.6666666666666666,0.0,0.5,0.5,0.0,1.0,0.0,3.0,3.0,0.0,0.9999999999996666,,,9.0,12.0,0.7853981633974483,842.1111111111111,188.32098765432096,832.0,840.0,855.0,24.215862469156324,28.622543562723422,840.75,809.8333333333334,0.03671328671328662,0.010011853703620054,0.008726246609733281,
02,23,78,9,505.0,793.0,0.0,0.6666666666666666,0.6666666666666666,0.0,0.5,0.5,0.0,1.0,0.0,3.0,3.0,0.0,0.9999999999996666,,,9.0,12.0,0.7853981633974483,875.5555555555555,620.6913580246913,861.0,874.0,899.0,30.08691861150045,37.16517186829626,875.75,870.4166666666666,0.006091370558375671,0.019511808216980207,0.026733009883074976,
02,23,79,9,411.0,817.0,0.0,0.6666666666666666,0.6666666666666666,0.0,0.5,0.5,0.0,1.0,0.0,3.0,3.0,0.0,0.9999999999996666,,,9.0,12.0,0.7853981633974483,1132.7777777777778,1172.395061728395,1111.0,1131.0,1158.0,47.69333012628446,71.89054179793055,1129.125,1095.1666666666667,0.029977930358018545,0.012616139073479145,0.012854114883652668,
02,23,80,9,435.0,836.0,0.0,0.6666666666666666,0.6666666666666666,0.0,0.5,0.5,0.0,1.0,0.0,3.0,3.0,0.0,0.9999999999996666,,,9.0,12.0,0.7853981633974483,1024.6666666666667,307.77777777777777,1017.0,1025.0,1038.0,19.8867756127214,23.600847442411894,1023.0,1014.1666666666666,0.008620689655172443,0.007652833311289337,0.0026561372183734173,
02,23,81,9,525.0,867.0,0.0,0.6666666666666666,0.6666666666666666,0.0,0.5,0.5,0.0,1.0,0.0,3.0,3.0,0.0,0.9999999999996666,,,9.0,12.0,0.7853981633974483,1258.111111111111,503.87654320987644,1244.0,1265.0,1271.0,25.99094942123688,37.61980861195336,1253.875,1236.0833333333333,0.014141570255232763,0.007550227644610997,0.002487779920732376,
02,23,82,9,460.0,862.0,0.0,0.6666666666666666,0.6666666666666666,0.0,0.5,0.5,0.0,1.0,0.0,3.0,3.0,0.0,0.9999999999996666,,,9.0,12.0,0.7853981633974483,1275.7777777777778,197.50617283950615,1266.0,1274.0,1284.0,19.74065073854199,18.560711193270585,1277.5,1245.5,0.02508273819892003,0.0033502454943252304,0.0024533297371900553,
02,23,83,9,503.0,866.0,0.0,0.6666666666666666,0.6666666666666666,0.0,0.5,0.5,0.0,1.0,0.0,3.0,3.0,0.0,0.9999999999996666,,,9.0,12.0,0.7853981633974483,1145.888888888889,610.7654320987654,1133.0,1144.0,1163.0,38.248715994045185,43.26950427263987,1141.375,1110.6666666666667,0.026798700669058383,0.010928260439422688,0.0007125442866470873,
02,23,84,9,508.0,829.0,0.0,0.6666666666666666,0.6666666666666666,0.0,0.5,0.5,0.0,1.0,0.0,3.0,3.0,0.0,0.9999999999996666,,,9.0,12.0,0.7853981633974483,928.2222222222222,491.5061728395062,912.0,925.0,944.0,27.223720005360136,34.659053651246744,928.0,923.6666666666666,0.004668422312664628,0.01535271472088783,0.02155105292004394,
02,23,85,9,533.0,829.0,0.0,0.6666666666666666,0.6666666666666666,0.0,0.5,0.5,0.0,1.0,0.0,3.0,3.0,0.0,0.9999999999996666,,,9.0,12.0,0.7853981633974483,1010.7777777777778,1116.8395061728395,994.0,1000.0,1041.0,46.428717656488004,52.92447448959697,1007.0,995.3333333333334,0.011542266681323464,0.018208661866612498,0.009424221281486551,
02,23,86,9,569.0,855.0,0.0,0.6666666666666666,0.6666666666666666,0.0,0.5,0.5,0.0,1.0,0.0,3.0,3.0,0.0,0.9999999999996666,,,9.0,12.0,0.7853981633974483,1585.7777777777778,15923.72839506173,1508.0,1640.0,1690.0,158.5264609888958,209.877345132818,1572.0,1434.3333333333333,0.08681334080717489,0.04570765383024091,0.020595485505428102,
02,23,87,9,674.0,860.0,0.0,0.6666666666666666,0.6666666666666666,0.0,0.5,0.5,0.0,1.0,0.0,3.0,3.0,0.0,0.9999999999996666,,,9.0,12.0,0.7853981633974483,1179.3333333333333,489.77777777777777,1169.0,1184.0,1196.0,35.13352798903012,40.512343797909296,1178.75,1139.6666666666667,0.033140192198982385,0.011425898065183761,0.015808370772548926,
02,23,88,9,641.0,851.0,0.0,0.6666666666666666,0.6666666666666666,0.0,0.5,0.5,0.0,1.0,0.0,3.0,3.0,0.0,0.9999999999996666,,,9.0,12.0,0.7853981633974483,1480.5555555555557,2627.135802469136,1445.0,1467.0,1523.0,52.4565280120232,67.3238442158497,1481.25,1447.1666666666667,0.02302063789868661,0.02157957389191081,0.02049666839175757,
02,23,89,9,545.0,850.0,0.0,0.6666666666666666,0.6666666666666666,0.0,0.5,0.5,0.0,1.0,0.0,3.0,3.0,0.0,0.9999999999996666,,,9.0,12.0,0.7853981633974483,1256.6666666666667,658.2222222222222,1246.0,1262.0,1276.0,32.737903108899864,44.206899913927465,1256.0,1227.5,0.02267904509283818,0.012997573032580912,0.010070846422573314,
02,23,90,9,552.0,831.0,0.0,0.6666666666666666,0.6666666666666666,0.0,0.5,0.5,0.0,1.0,0.0,3.0,3.0,0.0,0.9999999999996666,,,9.0,12.0,0.7853981633974483,1393.7777777777778,2266.6172839506166,1353.0,1408.0,1426.0,75.1093995831259,108.16769388315534,1388.25,1335.5,0.037846779336734665,0.014302911222511691,0.020112997728549797,
02,23,91,9,594.0,869.0,0.0,0.6666666666666666,0.6666666666666666,0.0,0.5,0.5,0.0,1.0,0.0,3.0,3.0,0.0,0.9999999999996666,,,9.0,12.0,0.7853981633974483,1184.6666666666667,347.1111111111111,1169.0,1189.0,1198.0,27.92165815729865,33.84154251803543,1183.375,1158.5833333333333,0.02092712436691057,0.009957321888239409,0.0013784410482824989,
02,23,92,9,566.0,898.0,0.0,0.6666666666666666,0.6666666666666666,0.0,0.5,0.5,0.0,1.0,0.0,3.0,3.0,0.0,0.9999999999996666,,,9.0,12.0,0.7853981633974483,1321.7777777777778,365.7283950617284,1304.0,1329.0,1335.0,36.83448580094612,46.42467016576423,1320.875,1293.0833333333333,0.021025975117686658,0.0033559010219192604,0.003603402025767909,
02,23,93,9,705.0,960.0,0.0,0.6666666666666666,0.6666666666666666,0.0,0.5,0.5,0.0,1.0,0.0,3.0,3.0,0.0,0.9999999999996666,,,9.0,12.0,0.7853981633974483,1361.4444444444443,822.2469135802469,1337.0,1349.0,1381.0,53.85964214224081,66.06814663663572,1357.125,1294.0,0.04636619603362439,0.010295333530777063,0.010295333530773372,
02,23,94,9,686.0,881.0,0.0,0.6666666666666666,0.6666666666666666,0.0,0.5,0.5,0.0,1.0,0.0,3.0,3.0,0.0,0.9999999999996666,,,9.0,12.0,0.7853981633974483,1314.888888888889,796.7654320987654,1306.0,1315.0,1326.0,47.12319042577539,55.90169943749474,1311.125,1255.4166666666667,0.0423673314179482,0.009007225788452478,0.012212260843652414,
02,23,95,9,578.0,918.0,0.0,0.6666666666666666,0.6666666666666666,0.0,0.5,0.5,0.0,1.0,0.0,3.0,3.0,0.0,0.9999999999996666,,,9.0,12.0,0.7853981633974483,1124.888888888889,215.65432098765433,1113.0,1126.0,1134.0,31.015042818903435,44.5701693961331,1121.375,1083.5833333333333,0.033595910707230385,0.0006681029858542707,0.0006048720225752891,
02,23,96,9,595.0,936.0,0.0,0.6666666666666666,0.6666666666666666,0.0,0.5,0.5,0.0,1.0,0.0,3.0,3.0,0.0,0.9999999999996666,,,9.0,12.0,0.7853981633974483,1123.5555555555557,291.358024691358,1118.0,1122.0,1142.0,15.73758738599576,16.77050983124842,1123.75,1132.8333333333333,-0.008084454113923976,0.009843396508412053,0.013686330148996473,
02,23,97,9,684.0,901.0,0.0,0.6666666666666666,0.6666666666666666,0.0,0.5,0.5,0.0,1.0,0.0,3.0,3.0,0.0,0.9999999999996666,,,9.0,12.0,0.7853981633974483,1240.0,689.5555555555555,1219.0,1231.0,1263.0,34.76538788244513,41.382363393117124,1239.75,1199.9166666666667,0.03212365591397841,0.01394139687147197,0.013608276348719979,
02,23,98,9,716.0,912.0,0.0,0.6666666666666666,0.6666666666666666,0.0,0.5,0.5,0.0,1.0,0.0,3.0,3.0,0.0,0.9999999999996666,,,9.0,12.0,0.7853981633974483,1229.3333333333333,147.55555555555557,1217.0,1234.0,1241.0,25.21950808219452,36.74914965002592,1231.0,1210.4166666666667,0.01674349240780904,0.0050022032183666435,0.0024353206047232198,
02,23,99,9,736.0,912.0,0.0,0.6666666666666666,0.6666666666666666,0.0,0.5,0.5,0.0,1.0,0.0,3.0,3.0,0.0,0.9999999999996666,,,9.0,12.0,0.7853981633974483,1186.2222222222222,1119.061728395062,1158.0,1186.0,1202.0,36.379262104209076,45.0249930594109,1187.75,1171.5,0.013698950917946786,0.01855283470975064,0.02546771838224119,
02,23,100,9,766.0,909.0,0.0,0.6666666666666666,0.6666666666666666,0.0,0.5,0.5,0.0,1.0,0.0,3.0,3.0,0.0,0.9999999999996666,,,9.0,12.0,0.7853981633974483,1254.5555555555557,221.80246913580248,1240.0,1255.0,1266.0,17.311425532093264,18.741664813991314,1254.5,1241.1666666666667,0.010627933752546207,0.007752823928492074,0.010955560358673127,
02,23,101,9,727.0,890.0,0.0,0.6666666666666666,0.6666666666666666,0.0,0.5,0.5,0.0,1.0,0.0,3.0,3.0,0.0,0.9999999999996666,,,9.0,12.0,0.7853981633974483,1317.5555555555557,634.6913580246915,1308.0,1324.0,1330.0,32.688568701581524,37.84507894033252,1316.25,1289.4166666666667,0.020365997638724837,0.009957428563847591,0.012084259567598293,
02,23,102,9,753.0,933.0,0.0,0.6666666666666666,0.6666666666666666,0.0,0.5,0.5,0.0,1.0,0.0,3.0,3.0,0.0,0.9999999999996666,,,9.0,12.0,0.7853981633974483,1328.2222222222222,925.0617283950619,1303.0,1315.0,1355.0,32.457086989537814,39.62953444086872,1333.0,1328.5,0.0033879872845909297,0.01378483766613274,0.007889020838009556,
02,23,103,9,776.0,934.0,0.0,0.6666666666666666,0.6666666666666666,0.0,0.5,0.5,0.0,1.0,0.0,3.0,3.0,0.0,0.9999999999996666,,,9.0,12.0,0.7853981633974483,1164.888888888889,286.5432098765432,1152.0,1159.0,1175.0,37.61859907231022,52.08646657242167,1162.25,1113.8333333333333,0.041563334605112585,0.0026485012164631475,0.0037382521827482433,
02,23,104,9,805.0,936.0,0.0,0.6666666666666666,0.6666666666666666,0.0,0.5,0.5,0.0,1.0,0.0,3.0,3.0,0.0,0.9999999999996666,,,9.0,12.0,0.7853981633974483,1382.7777777777778,1662.395061728395,1368.0,1376.0,1411.0,59.728619647692476,81.16957558100202,1375.625,1318.75,0.041130976295701054,0.013210769706822363,0.013974589934754781,
02,23,105,9,749.0,959.0,0.0,0.6666666666666666,0.6666666666666666,0.0,0.5,0.5,0.0,1.0,0.0,3.0,3.0,0.0,0.9999999999996666,,,9.0,12.0,0.7853981633974483,1405.6666666666667,1690.222222222222,1366.0,1401.0,1441.0,57.73643645744484,67.26254529825644,1397.0,1345.3333333333333,0.036755987668959,0.01342313469106358,0.015780050117457922,
02,23,106,9,789.0,1020.0,0.0,0.6666666666666666,0.6666666666666666,0.0,0.5,0.5,0.0,1.0,0.0,3.0,3.0,0.0,0.9999999999996666,,,9.0,12.0,0.7853981633974483,1422.5555555555557,1805.358024691358,1373.0,1435.0,1460.0,62.85616016231719,76.05918747922567,1416.25,1355.0,0.043056314926189145,0.01770951944476246,0.006791914853494539,
02,23,107,9,727.0,987.0,0.0,0.6666666666666666,0.6666666666666666,0.0,0.5,0.5,0.0,1.0,0.0,3.0,3.0,0.0,0.9999999999996666,,,9.0,12.0,0.7853981633974483,1258.888888888889,1500.0987654320988,1231.0,1240.0,1258.0,43.44967307648105,64.22810911119835,1259.0,1230.5,0.022639011473962915,0.016478579271478954,0.02010613822409062,
02,23,108,9,766.0,990.0,0.0,0.6666666666666666,0.6666666666666666,0.0,0.5,0.5,0.0,1.0,0.0,3.0,3.0,0.0,0.9999999999996666,,,9.0,12.0,0.7853981633974483,1201.111111111111,2890.7654320987654,1172.0,1198.0,1221.0,61.35805443966828,72.29453644640098,1201.5,1192.3333333333333,0.0076318223866790585,0.03061976155002661,0.02435894055034954,
02,23,109,9,773.0,959.0,0.0,0.6666666666666666,0.6666666666666666,0.0,0.5,0.5,0.0,1.0,0.0,3.0,3.0,0.0,0.9999999999996666,,,9.0,12.0,0.7853981633974483,1364.3333333333333,105.55555555555556,1355.0,1362.0,1375.0,17.14281706165299,25.401771591761076,1364.625,1358.4166666666667,0.004550451991204437,0.002132262800176397,0.0024935761694975067,
02,23,111,9,859.0,950.0,0.0,0.6666666666666666,0.6666666666666666,0.0,0.5,0.5,0.0,1.0,0.0,3.0,3.0,0.0,0.9999999999996666,,,9.0,12.0,0.7853981633974483,1148.5555555555557,1051.8024691358025,1129.0,1144.0,1155.0,45.217343657655874,52.347397260990924,1147.75,1137.75,0.008706587984908573,0.017583651668046586,0.010307904015727594,
02,23,112,9,865.0,979.0,0.0,0.6666666666666666,0.6666666666666666,0.0,0.5,0.5,0.0,1.0,0.0,3.0,3.0,0.0,0.9999999999996666,,,9.0,12.0,0.7853981633974483,1127.0,188.22222222222223,1122.0,1130.0,1134.0,26.09195194040717,32.7566787083184,1124.25,1093.1666666666667,0.027580597456373764,0.004978559074385152,0.0007244867621837812,
02,23,113,9,838.0,954.0,0.0,0.6666666666666666,0.6666666666666666,0.0,0.5,0.5,0.0,1.0,0.0,3.0,3.0,0.0,0.9999999999996666,,,9.0,12.0,0.7853981633974483,1281.3333333333333,516.0,1270.0,1287.0,1296.0,32.60969459933442,43.01162633521314,1279.75,1248.5,0.024388657648283022,0.010758892814505388,0.013275503722154082,
02,23,114,9,885.0,959.0,0.0,0.6666666666666666,0.6666666666666666,0.0,0.5,0.5,0.0,1.0,0.0,3.0,3.0,0.0,0.9999999999996666,,,9.0,12.0,0.7853981633974483,1043.888888888889,60.76543209876544,1041.0,1046.0,1050.0,22.238565708586975,26.706740722147284,1044.375,1028.1666666666667,0.015526875997871122,0.004328507199056338,0.00547517664697958,
02,23,115,9,914.0,964.0,0.0,0.6666666666666666,0.6666666666666666,0.0,0.5,0.5,0.0,1.0,0.0,3.0,3.0,0.0,0.9999999999996666,,,9.0,12.0,0.7853981633974483,1230.0,273.1111111111111,1217.0,1228.0,1243.0,26.714915689981943,40.326790102858425,1228.875,1213.4166666666667,0.012567750677506704,0.0062492425786611185,0.00497863768857307,
02,23,116,9,961.0,988.0,0.0,0.6666666666666666,0.6666666666666666,0.0,0.5,0.5,0.0,1.0,0.0,3.0,3.0,0.0,0.9999999999996666,,,9.0,12.0,0.7853981633974483,988.2222222222222,1163.2839506172838,968.0,986.0,1016.0,41.85990455323313,51.58730463980455,986.5,953.8333333333334,0.03305599280413755,0.022296457140584994,0.03070812978640432,
02,23,117,9,1132.0,1006.0,0.0,0.6666666666666666,0.6666666666666666,0.0,0.5,0.5,0.0,1.0,0.0,3.0,3.0,0.0,0.9999999999996666,,,9.0,12.0,0.7853981633974483,1202.4444444444443,78.46913580246913,1199.0,1202.0,1209.0,13.258108782272991,18.527007313648905,1201.0,1199.5833333333333,0.0011781556089448045,0.004302016021782472,0.0059981036946337675,
02,23,118,9,1167.0,1038.0,0.0,0.6666666666666666,0.6666666666666666,0.0,0.5,0.5,0.0,1.0,0.0,3.0,3.0,0.0,0.9999999999996666,,,9.0,12.0,0.7853981633974483,1019.0,471.77777777777777,1012.0,1019.0,1035.0,32.91482255306359,39.44616584663204,1016.375,981.5833333333334,0.03414295060516839,0.012598647920983792,0.013621630888920183,
02,23,120,9,846.0,992.0,0.0,0.6666666666666666,0.6666666666666666,0.0,0.5,0.5,0.0,1.0,0.0,3.0,3.0,0.0,0.9999999999996666,,,9.0,12.0,0.7853981633974483,1165.3333333333333,568.6666666666666,1154.0,1164.0,1178.0,25.138250644611748,28.635642126552707,1165.5,1152.8333333333333,0.010869565217391361,0.014303012935394736,0.010509824411301128,
02,23,121,9,1094.0,1008.0,0.0,0.6666666666666666,0.6666666666666666,0.0,0.5,0.5,0.0,1.0,0.0,3.0,3.0,0.0,0.9999999999996666,,,9.0,12.0,0.7853981633974483,962.7777777777778,129.50617283950618,963.0,963.0,971.0,25.18285708493156,37.84507894033252,962.25,937.5833333333334,0.025620311598384238,0.002261502359173731,0.0022615023591729196,
02,23,122,9,830.0,926.0,0.0,0.6666666666666666,0.6666666666666666,0.0,0.5,0.5,0.0,1.0,0.0,3.0,3.0,0.0,0.9999999999996666,,,9.0,12.0,0.7853981633974483,1305.6666666666667,1382.0,1295.0,1316.0,1323.0,47.302430852214734,70.5868259663232,1303.5,1259.0,0.0340822057697217,0.017520919006162344,0.01688440721348863,
02,23,123,9,793.0,987.0,0.0,0.6666666666666666,0.6666666666666666,0.0,0.5,0.5,0.0,1.0,0.0,3.0,3.0,0.0,0.9999999999996666,,,9.0,12.0,0.7853981633974483,1506.6666666666667,10801.777777777777,1467.0,1551.0,1576.0,132.16184828988077,200.60533392709178,1498.0,1374.25,0.08213495575221233,0.04149124780601562,0.037573293989510585,
02,23,124,9,886.0,985.0,0.0,0.6666666666666666,0.6666666666666666,0.0,0.5,0.5,0.0,1.0,0.0,3.0,3.0,0.0,0.9999999999996666,,,9.0,12.0,0.7853981633974483,846.4444444444445,310.4691358024691,834.0,844.0,859.0,18.723163959577725,21.569654610122992,843.125,830.9166666666666,0.01442307692307695,0.008345334620890947,0.00723464416016769,
02,23,125,9,932.0,940.0,0.0,0.6666666666666666,0.6666666666666666,0.0,0.5,0.5,0.0,1.0,0.0,3.0,3.0,0.0,0.9999999999996666,,,9.0,12.0,0.7853981633974483,945.8888888888889,335.87654320987656,933.0,952.0,963.0,24.80932625069846,33.95585369269929,945.125,929.8333333333334,0.016166451309761482,0.012623100886145195,0.007049512357300549,
02,23,126,9,903.0,934.0,0.0,0.6666666666666666,0.6666666666666666,0.0,0.5,0.5,0.0,1.0,0.0,3.0,3.0,0.0,0.9999999999996666,,,9.0,12.0,0.7853981633974483,1192.6666666666667,1230.0,1179.0,1196.0,1221.0,41.8788364507291,65.8729838401146,1189.125,1163.0833333333333,0.021834823923979924,0.017004282749007588,0.023732712245996528,
02,23,127,9,941.0,970.0,0.0,0.6666666666666666,0.6666666666666666,0.0,0.5,0.5,0.0,1.0,0.0,3.0,3.0,0.0,0.9999999999996666,,,9.0,12.0,0.7853981633974483,896.5555555555555,143.80246913580245,889.0,893.0,909.0,29.654275273261533,38.55191305240247,894.625,875.1666666666666,0.02170343289131245,0.00764138465361153,0.009410606274112707,
02,23,128,9,911.0,993.0,0.0,0.6666666666666666,0.6666666666666666,0.0,0.5,0.5,0.0,1.0,0.0,3.0,3.0,0.0,0.9999999999996666,,,9.0,12.0,0.7853981633974483,1083.6666666666667,467.77777777777777,1062.0,1080.0,1107.0,29.65590572864104,38.8329756778952,1080.75,1054.9166666666667,0.023838818824976838,0.011059978966235394,0.013185503075540568,
02,23,129,9,818.0,1028.0,0.0,0.6666666666666666,0.6666666666666666,0.0,0.5,0.5,0.0,1.0,0.0,3.0,3.0,0.0,0.9999999999996666,,,9.0,12.0,0.7853981633974483,1121.2222222222222,360.1728395061729,1107.0,1115.0,1133.0,26.155216038057105,30.20347662107791,1119.75,1097.1666666666667,0.02014171043504104,0.010598181367643183,0.012743852095475313,
02,23,130,9,826.0,1004.0,0.0,0.6666666666666666,0.6666666666666666,0.0,0.5,0.5,0.0,1.0,0.0,3.0,3.0,0.0,0.9999999999996666,,,9.0,12.0,0.7853981633974483,1094.6666666666667,1762.0,1065.0,1098.0,1119.0,39.018282913257,43.70926675202868,1093.125,1086.3333333333333,0.006204323995127956,0.026503309860544454,0.020387551655245584,
02,23,131,9,903.0,1035.0,0.0,0.6666666666666666,0.6666666666666666,0.0,0.5,0.5,0.0,1.0,0.0,3.0,3.0,0.0,0.9999999999996666,,,9.0,12.0,0.7853981633974483,978.1111111111111,595.2098765432098,966.0,985.0,997.0,27.90022195230936,33.03407331831786,977.0,950.0833333333334,0.027519027604225765,0.01641063250932867,0.010434609264480345,
02,23,132,9,880.0,1023.0,0.0,0.6666666666666666,0.6666666666666666,0.0,0.5,0.5,0.0,1.0,0.0,3.0,3.0,0.0,0.9999999999996666,,,9.0,12.0,0.7853981633974483,803.5555555555555,132.2469135802469,800.0,805.0,812.0,17.294049624219817,24.186773244895647,802.5,783.5833333333334,0.023541205752212312,0.005871369951701225,0.001693507842033877,
02,23,133,9,930.0,1013.0,0.0,0.6666666666666666,0.6666666666666666,0.0,0.5,0.5,0.0,1.0,0.0,3.0,3.0,0.0,0.9999999999996666,,,9.0,12.0,0.7853981633974483,684.3333333333334,296.0,671.0,690.0,696.0,21.74657169310966,23.58495283014151,684.625,668.3333333333334,0.02380662445202134,0.016293939292365566,0.008351889040147975,
02,23,134,9,954.0,920.0,0.0,0.6666666666666666,0.6666666666666666,0.0,0.5,0.5,0.0,1.0,0.0,3.0,3.0,0.0,0.9999999999996666,,,9.0,12.0,0.7853981633974483,1090.4444444444443,1496.9135802469136,1062.0,1081.0,1124.0,46.78849229647827,63.37586291325744,1091.875,1083.4166666666667,0.00775677603423673,0.022750667881053056,0.00786212827575284,
02,23,135,9,1074.0,990.0,0.0,0.6666666666666666,0.6666666666666666,0.0,0.5,0.5,0.0,1.0,0.0,3.0,3.0,0.0,0.9999999999996666,,,9.0,12.0,0.7853981633974483,849.8888888888889,476.09876543209873,836.0,845.0,868.0,28.20426420260065,38.48376280978771,848.0,830.8333333333334,0.020198718786769442,0.017266440532156088,0.018573722719493892,
02,23,136,9,1120.0,985.0,0.0,0.6666666666666666,0.6666666666666666,0.0,0.5,0.5,0.0,1.0,0.0,3.0,3.0,0.0,0.9999999999996666,,,9.0,12.0,0.7853981633974483,1165.7777777777778,1188.3950617283951,1134.0,1168.0,1179.0,36.1731351019366,40.06557125513125,1164.875,1142.3333333333333,0.019336160884483464,0.019596436539718202,0.0016342382958612098,
02,23,137,9,980.0,964.0,0.0,0.6666666666666666,0.6666666666666666,0.0,0.5,0.5,0.0,1.0,0.0,3.0,3.0,0.0,0.9999999999996666,,,9.0,12.0,0.7853981633974483,1044.0,477.55555555555554,1023.0,1041.0,1056.0,25.050614586245338,30.504098085339287,1043.375,1034.4166666666667,0.008580779054916906,0.01401462683810306,0.01981281613996657,
02,23,138,9,965.0,947.0,0.0,0.6666666666666666,0.6666666666666666,0.0,0.5,0.5,0.0,1.0,0.0,3.0,3.0,0.0,0.9999999999996666,,,9.0,12.0,0.7853981633974483,935.2222222222222,1582.617283950617,918.0,949.0,964.0,38.06947928070914,53.91196527673611,936.25,900.1666666666666,0.03858263039087561,0.028028801010127554,0.010331102039785912,
02,23,139,9,1006.0,969.0,0.0,0.6666666666666666,0.6666666666666666,0.0,0.5,0.5,0.0,1.0,0.0,3.0,3.0,0.0,0.9999999999996666,,,9.0,12.0,0.7853981633974483,1097.0,351.55555555555554,1084.0,1090.0,1105.0,20.861612014390573,31.48412298286233,1098.875,1106.1666666666667,-0.006646915831054454,0.010125467954599652,0.004341747239755853,
02,23,140,9,1045.0,1003.0,0.0,0.6666666666666666,0.6666666666666666,0.0,0.5,0.5,0.0,1.0,0.0,3.0,3.0,0.0,0.9999999999996666,,,9.0,12.0,0.7853981633974483,788.8888888888889,227.2098765432099,777.0,786.0,807.0,21.350849335481655,28.442925306655784,786.625,777.0,0.012200704225352096,0.01065663066015321,0.00827996532763932,
02,23,141,9,1014.0,1004.0,0.0,0.6666666666666666,0.6666666666666666,0.0,0.5,0.5,0.0,1.0,0.0,3.0,3.0,0.0,0.9999999999996666,,,9.0,12.0,0.7853981633974483,735.6666666666666,67.11111111111111,734.0,736.0,742.0,14.925118188723701,20.5,734.875,721.1666666666666,0.018633892161304965,0.006630917208435927,0.00351459787888647,
02,23,142,9,1100.0,1031.0,0.0,0.6666666666666666,0.6666666666666666,0.0,0.5,0.5,0.0,1.0,0.0,3.0,3.0,0.0,0.9999999999996666,,,9.0,12.0,0.7853981633974483,795.4444444444445,511.8024691358024,775.0,792.0,818.0,28.62050602013191,34.64823227814083,792.625,769.8333333333334,0.02865274479675924,0.016746832673508613,0.020016084642213227,
02,23,143,9,1022.0,1050.0,0.0,0.6666666666666666,0.6666666666666666,0.0,0.5,0.5,0.0,1.0,0.0,3.0,3.0,0.0,0.9999999999996666,,,9.0,12.0,0.7853981633974483,931.6666666666666,1353.777777777778,897.0,932.0,948.0,43.46660498618741,51.44171459039833,929.75,903.0833333333334,0.028622540250447158,0.026780707100601053,0.03724626621404424,
02,23,144,9,987.0,1010.0,0.0,0.6666666666666666,0.6666666666666666,0.0,0.5,0.5,0.0,1.0,0.0,3.0,3.0,0.0,0.9999999999996666,,,9.0,12.0,0.7853981633974483,850.1111111111111,517.8765432098766,839.0,855.0,870.0,26.698448450605078,32.380549717384355,849.25,836.75,0.014703960266631795,0.018248714591296553,0.01824871459129001,
02,23,145,9,1047.0,1036.0,0.0,0.6666666666666666,0.6666666666666666,0.0,0.5,0.5,0.0,1.0,0.0,3.0,3.0,0.0,0.9999999999996666,,,9.0,12.0,0.7853981633974483,707.1111111111111,274.9876543209877,694.0,708.0,725.0,21.357545586056496,23.286262044390035,707.0,700.75,0.00883878064110621,0.016359855449355434,0.0044263249595914165,
02,23,146,9,1070.0,1024.0,0.0,0.6666666666666666,0.6666666666666666,0.0,0.5,0.5,0.0,1.0,0.0,3.0,3.0,0.0,0.9999999999996666,,,9.0,12.0,0.7853981633974483,866.1111111111111,208.54320987654322,851.0,862.0,882.0,20.213673093764115,21.965882636488796,863.5,852.25,0.012989095574085938,0.0075678671987861375,0.008170203118837151,
02,23,147,9,1224.0,1052.0,0.0,0.6666666666666666,0.6666666666666666,0.0,0.5,0.5,0.0,1.0,0.0,3.0,3.0,0.0,0.9999999999996666,,,9.0,12.0,0.7853981633974483,1008.3333333333334,326.0,990.0,1012.0,1025.0,26.067883783706723,31.827660925679098,1006.25,987.0,0.01909090909090907,0.011249388117227992,0.01538522483082332,
02,23,148,9,1141.0,1098.0,0.0,0.6666666666666666,0.6666666666666666,0.0,0.5,0.5,0.0,1.0,0.0,3.0,3.0,0.0,0.9999999999996666,,,9.0,12.0,0.7853981633974483,814.0,336.8888888888889,807.0,820.0,826.0,26.82376077201756,31.38470965295043,813.25,809.75,0.0042997542997542946,0.015331219907265813,0.01939262968634321,
02,23,149,9,1199.0,1111.0,0.0,0.6666666666666666,0.6666666666666666,0.0,0.5,0.5,0.0,1.0,0.0,3.0,3.0,0.0,0.9999999999996666,,,9.0,12.0,0.7853981633974483,838.3333333333334,449.33333333333326,822.0,838.0,851.0,27.030987620314892,45.260357930533424,835.0,813.5833333333334,0.02554671968190847,0.008142198835467986,0.004220459464131689,
02,23,150,9,1211.0,1079.0,0.0,0.6666666666666666,0.6666666666666666,0.0,0.5,0.5,0.0,1.0,0.0,3.0,3.0,0.0,0.9999999999996666,,,9.0,12.0,0.7853981633974483,877.6666666666666,973.5555555555555,870.0,890.0,897.0,35.16461180348137,55.2675311552814,874.375,843.0833333333334,0.035653247246486816,0.018043589487157854,0.01147374610482304,
02,23,151,9,1249.0,1100.0,0.0,0.6666666666666666,0.6666666666666666,0.0,0.5,0.5,0.0,1.0,0.0,3.0,3.0,0.0,0.9999999999996666,,,9.0,12.0,0.7853981633974483,861.2222222222222,173.28395061728395,853.0,861.0,868.0,20.310920176821334,34.630189141845584,861.125,845.3333333333334,0.018336343697587344,0.010357270067779952,0.010744762128145773,
02,23,152,9,1281.0,1103.0,0.0,0.6666666666666666,0.6666666666666666,0.0,0.5,0.5,0.0,1.0,0.0,3.0,3.0,0.0,0.9999999999996666,,,9.0,12.0,0.7853981633974483,791.6666666666666,740.6666666666665,769.0,793.0,813.0,28.18851237973043,35.35533905932738,790.125,776.75,0.016894736842105244,0.02320569229997185,0.0324879692199378,
02,23,153,9,1226.0,1111.0,0.0,0.6666666666666666,0.6666666666666666,0.0,0.5,0.5,0.0,1.0,0.0,3.0,3.0,0.0,0.9999999999996666,,,9.0,12.0,0.7853981633974483,787.4444444444445,77.80246913580247,785.0,788.0,793.0,12.380000123089282,16.80773631397161,786.75,782.8333333333334,0.004973895865669481,0.0041709132930004165,0.0005184471022149317,
02,23,154,9,1164.0,1139.0,0.0,0.6666666666666666,0.6666666666666666,0.0,0.5,0.5,0.0,1.0,0.0,3.0,3.0,0.0,0.9999999999996666,,,9.0,12.0,0.7853981633974483,793.8888888888889,112.76543209876543,782.0,796.0,803.0,17.12531168141971,28.111385593741193,793.625,776.0833333333334,0.022095871238628335,0.008598025222336101,0.0044567343115674675,
02,23,155,9,1189.0,1145.0,0.0,0.6666666666666666,0.6666666666666666,0.0,0.5,0.5,0.0,1.0,0.0,3.0,3.0,0.0,0.9999999999996666,,,9.0,12.0,0.7853981633974483,773.3333333333334,70.88888888888889,770.0,771.0,780.0,18.8160708646717,24.438698819699873,771.375,748.8333333333334,0.029148706896551635,0.0018497691365091497,0.0017596909072977026,
02,23,156,9,1262.0,1125.0,0.0,0.6666666666666666,0.6666666666666666,0.0,0.5,0.5,0.0,1.0,0.0,3.0,3.0,0.0,0.9999999999996666,,,9.0,12.0,0.7853981633974483,734.7777777777778,358.83950617283955,724.0,729.0,748.0,18.962922155215598,23.942639787625758,736.125,729.75,0.008676092544987133,0.01751756307649952,0.011667764539243416,
02,23,157,9,1219.0,1144.0,0.0,0.6666666666666666,0.6666666666666666,0.0,0.5,0.5,0.0,1.0,0.0,3.0,3.0,0.0,0.9999999999996666,,,9.0,12.0,0.7853981633974483,769.8888888888889,360.32098765432096,760.0,770.0,785.0,21.96637887894918,25.46075411294803,769.875,758.25,0.015099581469187452,0.01727200059988901,0.00777728017615669,
02,23,158,9,1241.0,1145.0,0.0,0.6666666666666666,0.6666666666666666,0.0,0.5,0.5,0.0,1.0,0.0,3.0,3.0,0.0,0.9999999999996666,,,9.0,12.0,0.7853981633974483,778.7777777777778,165.5061728395062,772.0,774.0,779.0,13.169163427107172,18.973665961010276,779.375,778.5833333333334,0.0010165501498073405,0.009241358171729946,0.006465338884501483,
02,23,159,9,1289.0,1316.0,0.0,0.6666666666666666,0.6666666666666666,0.0,0.5,0.5,0.0,1.0,0.0,3.0,3.0,0.0,0.9999999999996666,,,9.0,12.0,0.7853981633974483,640.5555555555555,61.580246913580254,634.0,638.0,643.0,13.295012282951243,17.67766952966369,640.25,629.0,0.017562879444926252,0.00814248966103589,0.009135130870733296,
02,23,160,9,1318.0,1176.0,0.0,0.6666666666666666,0.6666666666666666,0.0,0.5,0.5,0.0,1.0,0.0,3.0,3.0,0.0,0.9999999999996666,,,9.0,12.0,0.7853981633974483,720.8888888888889,409.8765432098765,702.0,733.0,736.0,23.967047553000512,37.406550228536176,719.375,703.75,0.021674630086313162,0.018999383587088522,0.009060997815359696,
02,23,161,9,1336.0,1240.0,0.0,0.6666666666666666,0.6666666666666666,0.0,0.5,0.5,0.0,1.0,0.0,3.0,3.0,0.0,0.9999999999996666,,,9.0,12.0,0.7853981633974483,618.4444444444445,23.135802469135804,616.0,619.0,621.0,8.437060326314526,12.529964086141668,617.75,608.1666666666666,0.015495867768595076,0.004406305594055768,0.004620848418818537,
02,23,162,9,1337.0,1210.0,0.0,0.6666666666666666,0.6666666666666666,0.0,0.5,0.5,0.0,1.0,0.0,3.0,3.0,0.0,0.9999999999996666,,,9.0,12.0,0.7853981633974483,642.2222222222222,145.95061728395063,631.0,642.0,652.0,16.120331066326862,18.384776310850235,642.25,632.5,0.015181660899653957,0.0132293561549324,0.01822284756741198,
02,23,163,9,1316.0,1218.0,0.0,0.6666666666666666,0.6666666666666666,0.0,0.5,0.5,0.0,1.0,0.0,3.0,3.0,0.0,0.9999999999996666,,,9.0,12.0,0.7853981633974483,649.7777777777778,28.61728395061728,646.0,652.0,653.0,7.001495952982544,9.192388155425117,649.125,645.25,0.005963577291381659,0.002156210706763611,0.000837718790370403,
02,23,164,9,1354.0,1186.0,0.0,0.6666666666666666,0.6666666666666666,0.0,0.5,0.5,0.0,1.0,0.0,3.0,3.0,0.0,0.9999999999996666,,,9.0,12.0,0.7853981633974483,644.6666666666666,116.22222222222223,637.0,639.0,652.0,13.9850109845661,15.692354826475215,644.125,640.9166666666666,0.004976732161323732,0.010773870941049701,0.011187776315594797,
02,23,165,9,1307.0,1256.0,0.0,0.6666666666666666,0.6666666666666666,0.0,0.5,0.5,0.0,1.0,0.0,3.0,3.0,0.0,0.9999999999996666,,,9.0,12.0,0.7853981633974483,661.4444444444445,586.0246913580247,642.0,669.0,683.0,28.371093318223426,38.8329756778952,660.125,639.9166666666666,0.030551822610448524,0.024657838501269243,0.015430180640708231,
02,23,166,9,1337.0,1304.0,0.0,0.6666666666666666,0.6666666666666666,0.0,0.5,0.5,0.0,1.0,0.0,3.0,3.0,0.0,0.9999999999996666,,,9.0,12.0,0.7853981633974483,579.3333333333334,28.444444444444443,575.0,578.0,584.0,4.948368136584283,5.024937810560445,579.375,581.1666666666666,-0.003092635212888306,0.0061813664631070525,0.0009395817961725071,
02,23,167,9,1339.0,1351.0,0.0,0.6666666666666666,0.6666666666666666,0.0,0.5,0.5,0.0,1.0,0.0,3.0,3.0,0.0,0.9999999999996666,,,9.0,12.0,0.7853981633974483,549.5555555555555,168.69135802469134,535.0,553.0,562.0,19.713019595719405,27.115493725912497,549.125,540.9166666666666,0.01493631217145172,0.016112648921079525,0.0004952466119842909,
02,23,169,9,1319.0,1336.0,0.0,0.6666666666666666,0.6666666666666666,0.0,0.5,0.5,0.0,1.0,0.0,3.0,3.0,0.0,0.9999999999996666,,,9.0,12.0,0.7853981633974483,602.5555555555555,106.02469135802468,594.0,605.0,611.0,13.076094895312407,14.560219778561036,602.25,595.25,0.01161718605937671,0.011775265112246382,0.00587190976519161,
02,23,170,9,1356.0,1272.0,0.0,0.6666666666666666,0.6666666666666666,0.0,0.5,0.5,0.0,1.0,0.0,3.0,3.0,0.0,0.9999999999996666,,,9.0,12.0,0.7853981633974483,626.6666666666666,78.66666666666667,622.0,625.0,633.0,10.006778290016744,10.965856099730654,626.375,619.3333333333334,0.011236702127659497,0.009616240632351808,0.010640513953589286,
02,23,172,9,1291.0,1346.0,0.0,0.6666666666666666,0.6666666666666666,0.0,0.5,0.5,0.0,1.0,0.0,3.0,3.0,0.0,0.9999999999996666,,,9.0,12.0,0.7853981633974483,616.7777777777778,107.7283950617284,609.0,616.0,625.0,10.05536956465199,11.423659658795863,615.5,617.75,-0.0036479913529093794,0.008270134340556741,0.009487304894457607,
02,23,173,9,1071.0,1060.0,0.0,0.6666666666666666,0.6666666666666666,0.0,0.5,0.5,0.0,1.0,0.0,3.0,3.0,0.0,0.9999999999996666,,,9.0,12.0,0.7853981633974483,865.2222222222222,254.83950617283946,854.0,860.0,876.0,21.10279023150419,28.622543562723422,865.875,860.0,0.0067901630923333685,0.012661829628216706,0.013997982991244792,
02,23,174,9,1164.0,1078.0,0.0,0.6666666666666666,0.6666666666666666,0.0,0.5,0.5,0.0,1.0,0.0,3.0,3.0,0.0,0.9999999999996666,,,9.0,12.0,0.7853981633974483,938.5555555555555,160.0246913580247,939.0,944.0,948.0,15.879574705120222,20.180436070610565,938.5,921.6666666666666,0.017935361666863995,0.007902380073350779,0.010294410544478164,
02,23,175,9,1001.0,1055.0,0.0,0.6666666666666666,0.6666666666666666,0.0,0.5,0.5,0.0,1.0,0.0,3.0,3.0,0.0,0.9999999999996666,,,9.0,12.0,0.7853981633974483,795.5555555555555,280.0246913580247,784.0,794.0,809.0,26.37257830612293,35.78058132562969,793.875,771.5833333333334,0.02802025139664796,0.013037169004868785,0.018302751569614042,
02,23,176,9,972.0,1064.0,0.0,0.6666666666666666,0.6666666666666666,0.0,0.5,0.5,0.0,1.0,0.0,3.0,3.0,0.0,0.9999999999996666,,,9.0,12.0,0.7853981633974483,693.5555555555555,196.4691358024691,679.0,695.0,706.0,20.088786399954017,23.43608329051593,691.375,676.1666666666666,0.021928067926946515,0.010210480851719758,0.00981051643213647,
02,23,177,9,1101.0,1067.0,0.0,0.6666666666666666,0.6666666666666666,0.0,0.5,0.5,0.0,1.0,0.0,3.0,3.0,0.0,0.9999999999996666,,,9.0,12.0,0.7853981633974483,764.8888888888889,537.4320987654321,746.0,770.0,779.0,29.473428304476684,32.09750769140807,764.25,753.5,0.014054328878558958,0.021130725312421987,0.02811006532249073,
02,23,178,9,1118.0,1085.0,0.0,0.6666666666666666,0.6666666666666666,0.0,0.5,0.5,0.0,1.0,0.0,3.0,3.0,0.0,0.9999999999996666,,,9.0,12.0,0.7853981633974483,813.0,264.8888888888889,804.0,810.0,820.0,32.13321102804283,44.31986010808247,810.75,787.9166666666666,0.02808528085280854,0.0108231246005916,0.014897129090168555,
02,23,179,9,1127.0,1128.0,0.0,0.6666666666666666,0.6666666666666666,0.0,0.5,0.5,0.0,1.0,0.0,3.0,3.0,0.0,0.9999999999996666,,,9.0,12.0,0.7853981633974483,743.7777777777778,178.17283950617283,731.0,749.0,752.0,11.79844815588396,18.82153022471871,743.5,740.4166666666666,0.004145503435912802,0.010766010834692287,0.0010977695292590632,
02,23,180,9,1166.0,1106.0,0.0,0.6666666666666666,0.6666666666666666,0.0,0.5,0.5,0.0,1.0,0.0,3.0,3.0,0.0,0.9999999999996666,,,9.0,12.0,0.7853981633974483,853.5555555555555,314.4691358024691,848.0,856.0,868.0,17.305696928122597,23.243278598338918,851.125,847.4166666666666,0.004344571726113031,0.010381360081970829,0.014667603250224063,
02,23,181,9,1096.0,1109.0,0.0,0.6666666666666666,0.6666666666666666,0.0,0.5,0.5,0.0,1.0,0.0,3.0,3.0,0.0,0.9999999999996666,,,9.0,12.0,0.7853981633974483,734.6666666666666,1300.888888888889,705.0,745.0,758.0,37.54733221199794,46.88549882426335,732.0,718.75,0.018035390199637,0.03163758541191655,0.04427011861181743,
02,23,182,9,1046.0,1090.0,0.0,0.6666666666666666,0.6666666666666666,0.0,0.5,0.5,0.0,1.0,0.0,3.0,3.0,0.0,0.9999999999996666,,,9.0,12.0,0.7853981633974483,788.0,768.0,766.0,793.0,812.0,29.45185976435569,37.50333318519835,787.375,768.5833333333334,0.0238472927241962,0.024554431734492593,0.019341712576826958,
02,23,183,9,1076.0,1088.0,0.0,0.6666666666666666,0.6666666666666666,0.0,0.5,0.5,0.0,1.0,0.0,3.0,3.0,0.0,0.9999999999996666,,,9.0,12.0,0.7853981633974483,800.3333333333334,187.55555555555554,793.0,796.0,814.0,18.238960023561848,19.525624189766635,801.25,781.5,0.02467721782590584,0.010051357898063131,0.0017003260743083622,
02,23,184,9,1185.0,1085.0,0.0,0.6666666666666666,0.6666666666666666,0.0,0.5,0.5,0.0,1.0,0.0,3.0,3.0,0.0,0.9999999999996666,,,9.0,12.0,0.7853981633974483,750.7777777777778,307.72839506172846,736.0,750.0,760.0,22.52292979046627,29.53811097548386,752.875,739.8333333333334,0.01737087464851258,0.013685106628884298,0.01794431586028731,
02,23,185,9,1260.0,1079.0,0.0,0.6666666666666666,0.6666666666666666,0.0,0.5,0.5,0.0,1.0,0.0,3.0,3.0,0.0,0.9999999999996666,,,9.0,12.0,0.7853981633974483,778.6666666666666,455.3333333333333,772.0,785.0,792.0,22.282787421040254,27.408940147331492,777.875,769.25,0.011076626712328752,0.01789858007704929,0.02394264374713928,
02,23,186,9,1269.0,1155.0,0.0,0.6666666666666666,0.6666666666666666,0.0,0.5,0.5,0.0,1.0,0.0,3.0,3.0,0.0,0.9999999999996666,,,9.0,12.0,0.7853981633974483,746.6666666666666,123.33333333333333,740.0,745.0,745.0,23.384280665183674,29.769951293208393,744.125,719.25,0.0333147321428571,0.0025385003138346683,0.003280566619747143,
02,23,187,9,1303.0,1186.0,0.0,0.6666666666666666,0.6666666666666666,0.0,0.5,0.5,0.0,1.0,0.0,3.0,3.0,0.0,0.9999999999996666,,,9.0,12.0,0.7853981633974483,646.1111111111111,261.87654320987656,636.0,645.0,657.0,20.210886453068667,25.773047937719745,644.375,632.9166666666666,0.017734307824591605,0.014150659726203203,0.013058328809183043,
02,23,188,9,1246.0,1048.0,0.0,0.6666666666666666,0.6666666666666666,0.0,0.5,0.5,0.0,1.0,0.0,3.0,3.0,0.0,0.9999999999996666,,,9.0,12.0,0.7853981633974483,973.7777777777778,115.28395061728396,971.0,977.0,981.0,17.735881359566534,17.507141400011598,972.375,952.6666666666666,0.02023904609767231,0.006152847672721913,0.004332164652340195,
02,23,189,9,1282.0,1174.0,0.0,0.6666666666666666,0.6666666666666666,0.0,0.5,0.5,0.0,1.0,0.0,3.0,3.0,0.0,0.9999999999996666,,,9.0,12.0,0.7853981633974483,699.4444444444445,586.0246913580246,671.0,705.0,718.0,23.290283391253297,29.004310024546353,698.75,680.9166666666666,0.025496425734710105,0.023889516629093353,0.002918375388620353,
02,23,190,9,1369.0,1206.0,0.0,0.6666666666666666,0.6666666666666666,0.0,0.5,0.5,0.0,1.0,0.0,3.0,3.0,0.0,0.9999999999996666,,,9.0,12.0,0.7853981633974483,604.0,110.0,597.0,602.0,607.0,14.073266565854992,16.32482771731451,604.875,600.8333333333334,0.006691501103752685,0.01098335676632777,0.014194063078893272,
02,23,191,9,1296.0,1232.0,0.0,0.6666666666666666,0.6666666666666666,0.0,0.5,0.5,0.0,1.0,0.0,3.0,3.0,0.0,0.9999999999996666,,,9.0,12.0,0.7853981633974483,653.4444444444445,72.69135802469135,651.0,652.0,662.0,8.512365094531235,14.0089257261219,653.625,646.5,0.010903757864308774,0.008259596117187351,0.0022907997935252135,
02,23,192,9,1326.0,1266.0,0.0,0.6666666666666666,0.6666666666666666,0.0,0.5,0.5,0.0,1.0,0.0,3.0,3.0,0.0,0.9999999999996666,,,9.0,12.0,0.7853981633974483,604.5555555555555,112.02469135802468,599.0,608.0,611.0,12.959770364905701,17.26267650163207,604.125,592.6666666666666,0.01895331740488884,0.011434543613785613,0.004501910940506026,
02,23,193,9,1358.0,1229.0,0.0,0.6666666666666666,0.6666666666666666,0.0,0.5,0.5,0.0,1.0,0.0,3.0,3.0,0.0,0.9999999999996666,,,9.0,12.0,0.7853981633974483,570.8888888888889,310.7654320987655,556.0,566.0,581.0,17.549300970754864,22.47220505424423,571.5,574.0,-0.004379135850525488,0.021204210769734125,0.012156868127890349,
02,23,194,9,1308.0,1295.0,0.0,0.6666666666666666,0.6666666666666666,0.0,0.5,0.5,0.0,1.0,0.0,3.0,3.0,0.0,0.9999999999996666,,,9.0,12.0,0.7853981633974483,424.22222222222223,32.8395061728395,421.0,426.0,426.0,7.770725401273588,10.735455276791944,424.0,415.6666666666667,0.01964379256155046,0.008392598203216422,0.0,
02,23,195,9,1338.0,1386.0,0.0,0.6666666666666666,0.6666666666666666,0.0,0.5,0.5,0.0,1.0,0.0,3.0,3.0,0.0,0.9999999999996666,,,9.0,12.0,0.7853981633974483,553.5555555555555,224.91358024691357,547.0,550.0,564.0,16.287789009230544,18.117670931993437,554.125,552.1666666666666,0.003537735849056666,0.018931610533022548,0.013520868712712998,
02,23,196,9,1381.0,1236.0,0.0,0.6666666666666666,0.6666666666666666,0.0,0.5,0.5,0.0,1.0,0.0,3.0,3.0,0.0,0.9999999999996666,,,9.0,12.0,0.7853981633974483,600.0,61.111111111111114,594.0,601.0,603.0,12.572745512132272,18.12456896039186,599.625,593.75,0.00979166666666665,0.008540631524114238,0.009979402655792962,
02,23,197,9,1298.0,1365.0,0.0,0.6666666666666666,0.6666666666666666,0.0,0.5,0.5,0.0,1.0,0.0,3.0,3.0,0.0,0.9999999999996666,,,9.0,12.0,0.7853981633974483,680.7777777777778,133.28395061728395,675.0,676.0,689.0,16.638287149887947,19.697715603592208,679.875,664.1666666666666,0.023074098253631485,0.010548977085345291,0.012193477583564183,
02,23,198,9,1316.0,1391.0,0.0,0.6666666666666666,0.6666666666666666,0.0,0.5,0.5,0.0,1.0,0.0,3.0,3.0,0.0,0.9999999999996666,,,9.0,12.0,0.7853981633974483,689.3333333333334,37.55555555555556,683.0,690.0,694.0,9.118001750383472,11.180339887498949,688.875,680.1666666666666,0.012632978723404291,0.005485073993256979,0.007501661043329758,
02,23,199,9,473.0,785.0,0.0,0.6666666666666666,0.6666666666666666,0.0,0.5,0.5,0.0,1.0,0.0,3.0,3.0,0.0,0.9999999999996666,,,9.0,12.0,0.7853981633974483,1256.3333333333333,367.1111111111111,1249.0,1252.0,1261.0,30.375641517235888,34.763486591537394,1256.875,1232.1666666666667,0.01966702042982216,0.007665321899707388,0.010831740261696282,
02,23,200,9,499.0,803.0,0.0,0.6666666666666666,0.6666666666666666,0.0,0.5,0.5,0.0,1.0,0.0,3.0,3.0,0.0,0.9999999999996666,,,9.0,12.0,0.7853981633974483,1346.0,688.2222222222222,1324.0,1341.0,1369.0,39.39454911905042,43.36473221409305,1342.125,1302.9166666666667,0.029129519564140588,0.004546763085258024,0.005156181974637819,
02,23,201,9,527.0,813.0,0.0,0.6666666666666666,0.6666666666666666,0.0,0.5,0.5,0.0,1.0,0.0,3.0,3.0,0.0,0.9999999999996666,,,9.0,12.0,0.7853981633974483,1239.6666666666667,1112.6666666666667,1215.0,1219.0,1263.0,38.570807606839224,54.207932998777956,1242.5,1263.6666666666667,-0.017074482387738687,0.01708118566539329,0.022503602996771392,
02,23,202,9,343.0,570.0,0.0,0.6666666666666666,0.6666666666666666,0.0,0.5,0.5,0.0,1.0,0.0,3.0,3.0,0.0,0.9999999999996666,,,9.0,12.0,0.7853981633974483,857.3333333333334,118.22222222222223,849.0,858.0,866.0,12.84299966165522,17.0,858.375,858.1666666666666,0.00024300155520999724,0.007086096460036552,0.004920566486888413,
02,23,203,9,313.0,546.0,0.0,0.6666666666666666,0.6666666666666666,0.0,0.5,0.5,0.0,1.0,0.0,3.0,3.0,0.0,0.9999999999996666,,,9.0,12.0,0.7853981633974483,863.4444444444445,49.358024691358025,859.0,864.0,868.0,13.514126714543558,24.682990094394967,862.875,848.75,0.01635889846866553,0.003837921320801211,0.002364068082761152,
02,23,204,9,592.0,903.0,0.0,0.6666666666666666,0.6666666666666666,0.0,0.5,0.5,0.0,1.0,0.0,3.0,3.0,0.0,0.9999999999996666,,,9.0,12.0,0.7853981633974483,1340.3333333333333,229.11111111111111,1333.0,1342.0,1345.0,28.995755667995752,36.718523935474316,1337.375,1306.5833333333333,0.022973141009699122,0.005547984044385024,0.001421406631761534,
02,23,205,9,619.0,895.0,0.0,0.6666666666666666,0.6666666666666666,0.0,0.5,0.5,0.0,1.0,0.0,3.0,3.0,0.0,0.9999999999996666,,,9.0,12.0,0.7853981633974483,1327.7777777777778,315.2839506172839,1313.0,1327.0,1343.0,31.69069077988768,45.79574216016157,1323.875,1292.0,0.024006276150627597,0.002818916361952373,0.0027672059855563098,
02,23,206,9,388.0,715.0,0.0,0.6666666666666666,0.6666666666666666,0.0,0.5,0.5,0.0,1.0,0.0,3.0,3.0,0.0,0.9999999999996666,,,9.0,12.0,0.7853981633974483,1254.5555555555557,1211.8024691358023,1229.0,1255.0,1286.0,42.96671723557755,56.859475903318,1249.625,1223.75,0.0206248339385351,0.015142668983351612,0.01312497825155413,
02,23,207,9,350.0,709.0,0.0,0.6666666666666666,0.6666666666666666,0.0,0.5,0.5,0.0,1.0,0.0,3.0,3.0,0.0,0.9999999999996666,,,9.0,12.0,0.7853981633974483,1342.0,1324.2222222222222,1331.0,1343.0,1350.0,61.57890294709931,79.72609359550987,1334.375,1268.9166666666667,0.04877670144063578,0.012159267002403822,0.015616054826468453,
02,23,208,9,424.0,784.0,0.0,0.6666666666666666,0.6666666666666666,0.0,0.5,0.5,0.0,1.0,0.0,3.0,3.0,0.0,0.9999999999996666,,,9.0,12.0,0.7853981633974483,1183.6666666666667,1701.111111111111,1152.0,1181.0,1215.0,42.04295740990131,48.023431780746364,1184.0,1143.8333333333333,0.03393410306955791,0.023312687070781414,0.002414309799964661,
02,23,209,9,398.0,758.0,0.0,0.6666666666666666,0.6666666666666666,0.0,0.5,0.5,0.0,1.0,0.0,3.0,3.0,0.0,0.9999999999996666,,,9.0,12.0,0.7853981633974483,1136.888888888889,518.320987654321,1114.0,1128.0,1155.0,23.9335427584965,32.57299494980466,1135.5,1118.5,0.01495308835027364,0.012256288071976951,0.010533380441931953,
02,23,210,9,347.0,543.0,0.0,0.6666666666666666,0.6666666666666666,0.0,0.5,0.5,0.0,1.0,0.0,3.0,3.0,0.0,0.9999999999996666,,,9.0,12.0,0.7853981633974483,891.2222222222222,680.3950617283951,872.0,890.0,920.0,30.428614824167198,33.88952640566109,891.375,883.6666666666666,0.008649170926318447,0.02035938575850471,0.004733461041343284,
02,23,211,9,322.0,512.0,0.0,0.6666666666666666,0.6666666666666666,0.0,0.5,0.5,0.0,1.0,0.0,3.0,3.0,0.0,0.9999999999996666,,,9.0,12.0,0.7853981633974483,801.7777777777778,276.39506172839515,788.0,798.0,810.0,15.82243876965368,22.327113561766108,802.375,803.5,-0.0014031319290465612,0.014033500487415609,0.013068923932504308,
02,23,212,9,425.0,761.0,0.0,0.6666666666666666,0.6666666666666666,0.0,0.5,0.5,0.0,1.0,0.0,3.0,3.0,0.0,0.9999999999996666,,,9.0,12.0,0.7853981633974483,1064.0,1158.2222222222222,1037.0,1074.0,1089.0,43.5848389647927,52.06006146750117,1066.25,1088.0833333333333,-0.020520050125313195,0.019013305614090766,0.015091885424456363,
02,23,213,9,463.0,767.0,0.0,0.6666666666666666,0.6666666666666666,0.0,0.5,0.5,0.0,1.0,0.0,3.0,3.0,0.0,0.9999999999996666,,,9.0,12.0,0.7853981633974483,1186.7777777777778,609.5061728395062,1176.0,1187.0,1202.0,47.08668833993581,69.46221994724903,1184.625,1126.1666666666667,0.04925802827450603,0.004692197571469145,0.002063983492639605,
02,23,214,9,1148.0,1063.0,0.0,0.6666666666666666,0.6666666666666666,0.0,0.5,0.5,0.0,1.0,0.0,3.0,3.0,0.0,0.9999999999996666,,,9.0,12.0,0.7853981633974483,836.5555555555555,370.9135802469135,819.0,841.0,852.0,20.49071928842019,27.202941017470888,833.875,825.6666666666666,0.009812060034533172,0.01400477183487085,0.019195098263244503,
02,23,215,9,1124.0,1034.0,0.0,0.6666666666666666,0.6666666666666666,0.0,0.5,0.5,0.0,1.0,0.0,3.0,3.0,0.0,0.9999999999996666,,,9.0,12.0,0.7853981633974483,788.2222222222222,1730.1728395061727,769.0,794.0,817.0,42.70954615538895,55.886044769691836,785.375,765.8333333333334,0.024792077812235615,0.034236456699210285,0.036082841573242236,
02,23,216,9,1364.0,1300.0,0.0,0.6666666666666666,0.6666666666666666,0.0,0.5,0.5,0.0,1.0,0.0,3.0,3.0,0.0,0.9999999999996666,,,9.0,12.0,0.7853981633974483,488.3333333333333,82.88888888888887,482.0,488.0,493.0,12.720145604863923,16.278820596099706,487.75,481.5,0.012798634812286663,0.012172392150324635,0.01504805985332702,
02,23,217,9,1364.0,1337.0,0.0,0.6666666666666666,0.6666666666666666,0.0,0.5,0.5,0.0,1.0,0.0,3.0,3.0,0.0,0.9999999999996666,,,9.0,12.0,0.7853981633974483,417.1111111111111,168.320987654321,403.0,415.0,426.0,14.618284643379411,17.7341478509682,416.0,411.0833333333333,0.011787426744805558,0.01934668996810263,0.014028777163012443,
02,23,218,9,806.0,963.0,0.0,0.6666666666666666,0.6666666666666666,0.0,0.5,0.5,0.0,1.0,0.0,3.0,3.0,0.0,0.9999999999996666,,,9.0,12.0,0.7853981633974483,1035.3333333333333,6078.666666666667,996.0,1071.0,1086.0,90.77962594256662,134.41726079637243,1030.875,952.9166666666666,0.07529781068898903,0.051100125987980326,0.029179369118697323,
02,23,219,9,831.0,981.0,0.0,0.6666666666666666,0.6666666666666666,0.0,0.5,0.5,0.0,1.0,0.0,3.0,3.0,0.0,0.9999999999996666,,,9.0,12.0,0.7853981633974483,1138.3333333333333,3057.5555555555557,1115.0,1166.0,1173.0,78.0539270748009,101.21264743103995,1134.0,1052.0833333333333,0.07196193265007322,0.02382184572161693,0.026778218759528,
02,23,220,9,355.0,499.0,0.0,0.6666666666666666,0.6666666666666666,0.0,0.5,0.5,0.0,1.0,0.0,3.0,3.0,0.0,0.9999999999996666,,,9.0,12.0,0.7853981633974483,828.5555555555555,399.8024691358024,818.0,828.0,845.0,23.414707414669493,27.932955446926844,828.625,827.6666666666666,0.0011566313530910997,0.008389160937774915,0.004434506038276787,
02,23,221,9,348.0,493.0,0.0,0.6666666666666666,0.6666666666666666,0.0,0.5,0.5,0.0,1.0,0.0,3.0,3.0,0.0,0.9999999999996666,,,9.0,12.0,0.7853981633974483,863.8888888888889,551.2098765432097,853.0,857.0,878.0,36.497315186414895,50.40337290301116,862.125,831.8333333333334,0.03506430868167194,0.015916885893354764,0.022368330770103948,
02,23,222,9,552.0,870.0,0.0,0.6666666666666666,0.6666666666666666,0.0,0.5,0.5,0.0,1.0,0.0,3.0,3.0,0.0,0.9999999999996666,,,9.0,12.0,0.7853981633974483,959.0,15345.555555555555,870.0,959.0,1033.0,137.67587906813478,149.6412376318774,959.0,953.9166666666666,0.0053006604101494955,0.0911082561232629,0.1187708790816162,
02,23,223,9,546.0,878.0,0.0,0.6666666666666666,0.6666666666666666,0.0,0.5,0.5,0.0,1.0,0.0,3.0,3.0,0.0,0.9999999999996666,,,9.0,12.0,0.7853981633974483,1150.2222222222222,4912.617283950616,1140.0,1152.0,1187.0,95.15105385840548,132.51792331605563,1145.625,1059.5,0.07487683539412668,0.033480782563327385,0.04732399039370375,
