embryo,embryo_code,id,start,end,duration,depth,parent,grandparent,parent_duration,grandparent_duration,parent_minus_grandparent,group_depth2,group_depth1
01,0,3,18,34,17,2,2,1,14,4,10,01:3,01:2
01,0,4,35,59,25,3,3,2,17,14,3,01:3,01:2
01,0,5,60,86,27,4,4,3,25,17,8,01:3,01:2
01,0,6,87,122,36,5,5,4,27,25,2,01:3,01:2
01,0,7,123,166,44,6,6,5,36,27,9,01:3,01:2
01,0,10,123,168,46,6,6,5,36,27,9,01:3,01:2
01,0,13,87,120,34,5,5,4,27,25,2,01:3,01:2
01,0,14,121,165,45,6,13,5,34,27,7,01:3,01:2
01,0,17,121,162,42,6,13,5,34,27,7,01:3,01:2
01,0,20,60,87,28,4,4,3,25,17,8,01:3,01:2
01,0,21,88,122,35,5,20,4,28,25,3,01:3,01:2
01,0,22,123,169,47,6,21,20,35,28,7,01:3,01:2
01,0,25,123,169,47,6,21,20,35,28,7,01:3,01:2
01,0,28,88,119,32,5,20,4,28,25,3,01:3,01:2
01,0,29,120,166,47,6,28,20,32,28,4,01:3,01:2
01,0,32,120,163,44,6,28,20,32,28,4,01:3,01:2
01,0,35,35,59,25,3,3,2,17,14,3,01:3,01:2
01,0,36,60,86,27,4,35,3,25,17,8,01:3,01:2
01,0,37,87,123,37,5,36,35,27,25,2,01:3,01:2
01,0,38,124,171,48,6,37,36,37,27,10,01:3,01:2
01,0,41,124,168,45,6,37,36,37,27,10,01:3,01:2
01,0,44,87,120,34,5,36,35,27,25,2,01:3,01:2
01,0,45,121,168,48,6,44,36,34,27,7,01:3,01:2
01,0,48,121,163,43,6,44,36,34,27,7,01:3,01:2
01,0,51,60,87,28,4,35,3,25,17,8,01:3,01:2
01,0,52,88,126,39,5,51,35,28,25,3,01:3,01:2
01,0,53,127,177,51,6,52,51,39,28,11,01:3,01:2
01,0,56,127,169,43,6,52,51,39,28,11,01:3,01:2
01,0,59,88,119,32,5,51,35,28,25,3,01:3,01:2
01,0,60,120,162,43,6,59,51,32,28,4,01:3,01:2
01,0,63,120,161,42,6,59,51,32,28,4,01:3,01:2
01,0,66,18,34,17,2,2,1,14,4,10,01:66,01:2
01,0,67,35,58,24,3,66,2,17,14,3,01:66,01:2
01,0,68,59,85,27,4,67,66,24,17,7,01:66,01:2
01,0,69,86,121,36,5,68,67,27,24,3,01:66,01:2
01,0,70,122,167,46,6,69,68,36,27,9,01:66,01:2
01,0,73,122,167,46,6,69,68,36,27,9,01:66,01:2
01,0,76,86,116,31,5,68,67,27,24,3,01:66,01:2
01,0,77,117,153,37,6,76,68,31,27,4,01:66,01:2
01,0,80,117,165,49,6,76,68,31,27,4,01:66,01:2
01,0,83,59,86,28,4,67,66,24,17,7,01:66,01:2
01,0,84,87,119,33,5,83,67,28,24,4,01:66,01:2
01,0,85,120,164,45,6,84,83,33,28,5,01:66,01:2
01,0,88,120,165,46,6,84,83,33,28,5,01:66,01:2
01,0,91,87,117,31,5,83,67,28,24,4,01:66,01:2
01,0,92,118,158,41,6,91,83,31,28,3,01:66,01:2
01,0,95,118,157,40,6,91,83,31,28,3,01:66,01:2
01,0,98,35,59,25,3,66,2,17,14,3,01:66,01:2
01,0,99,60,88,29,4,98,66,25,17,8,01:66,01:2
01,0,100,89,128,40,5,99,98,29,25,4,01:66,01:2
01,0,101,129,177,49,6,100,99,40,29,11,01:66,01:2
01,0,104,129,175,47,6,100,99,40,29,11,01:66,01:2
01,0,107,89,121,33,5,99,98,29,25,4,01:66,01:2
01,0,108,122,162,41,6,107,99,33,29,4,01:66,01:2
01,0,111,122,162,41,6,107,99,33,29,4,01:66,01:2
01,0,114,60,87,28,4,98,66,25,17,8,01:66,01:2
01,0,115,88,122,35,5,114,98,28,25,3,01:66,01:2
01,0,116,123,170,48,6,115,114,35,28,7,01:66,01:2
01,0,119,123,164,42,6,115,114,35,28,7,01:66,01:2
01,0,122,88,120,33,5,114,98,28,25,3,01:66,01:2
01,0,123,121,164,44,6,122,114,33,28,5,01:66,01:2
01,0,126,121,158,38,6,122,114,33,28,5,01:66,01:2
01,0,130,19,34,16,2,129,1,15,4,11,01:130,01:129
01,0,131,35,57,23,3,130,129,16,15,1,01:130,01:129
01,0,132,58,86,29,4,131,130,23,16,7,01:130,01:129
01,0,133,87,123,37,5,132,131,29,23,6,01:130,01:129
01,0,134,124,170,47,6,133,132,37,29,8,01:130,01:129
01,0,137,124,173,50,6,133,132,37,29,8,01:130,01:129
01,0,140,87,118,32,5,132,131,29,23,6,01:130,01:129
01,0,141,119,155,37,6,140,132,32,29,3,01:130,01:129
01,0,144,119,161,43,6,140,132,32,29,3,01:130,01:129
01,0,147,58,84,27,4,131,130,23,16,7,01:130,01:129
01,0,148,85,119,35,5,147,131,27,23,4,01:130,01:129
01,0,149,120,162,43,6,148,147,35,27,8,01:130,01:129
01,0,152,120,161,42,6,148,147,35,27,8,01:130,01:129
01,0,155,85,116,32,5,147,131,27,23,4,01:130,01:129
01,0,156,117,159,43,6,155,147,32,27,5,01:130,01:129
01,0,159,117,160,44,6,155,147,32,27,5,01:130,01:129
01,0,162,35,58,24,3,130,129,16,15,1,01:130,01:129
01,0,163,59,86,28,4,162,130,24,16,8,01:130,01:129
01,0,164,87,122,36,5,163,162,28,24,4,01:130,01:129
01,0,165,123,170,48,6,164,163,36,28,8,01:130,01:129
01,0,168,123,166,44,6,164,163,36,28,8,01:130,01:129
01,0,171,87,118,32,5,163,162,28,24,4,01:130,01:129
01,0,172,119,160,42,6,171,163,32,28,4,01:130,01:129
01,0,175,119,158,40,6,171,163,32,28,4,01:130,01:129
01,0,178,59,86,28,4,162,130,24,16,8,01:130,01:129
01,0,179,87,123,37,5,178,162,28,24,4,01:130,01:129
01,0,180,124,171,48,6,179,178,37,28,9,01:130,01:129
01,0,183,124,167,44,6,179,178,37,28,9,01:130,01:129
01,0,186,87,119,33,5,178,162,28,24,4,01:130,01:129
01,0,187,120,162,43,6,186,178,33,28,5,01:130,01:129
01,0,190,120,160,41,6,186,178,33,28,5,01:130,01:129
01,0,193,19,34,16,2,129,1,15,4,11,01:193,01:129
01,0,194,35,59,25,3,193,129,16,15,1,01:193,01:129
01,0,195,60,85,26,4,194,193,25,16,9,01:193,01:129
01,0,196,86,130,45,5,195,194,26,25,1,01:193,01:129
01,0,197,131,178,48,6,196,195,45,26,19,01:193,01:129
01,0,200,131,179,49,6,196,195,45,26,19,01:193,01:129
01,0,203,86,119,34,5,195,194,26,25,1,01:193,01:129
01,0,204,120,162,43,6,203,195,34,26,8,01:193,01:129
01,0,207,120,162,43,6,203,195,34,26,8,01:193,01:129
01,0,210,60,85,26,4,194,193,25,16,9,01:193,01:129
01,0,211,86,119,34,5,210,194,26,25,1,01:193,01:129
01,0,212,120,167,48,6,211,210,34,26,8,01:193,01:129
01,0,215,120,165,46,6,211,210,34,26,8,01:193,01:129
01,0,218,86,121,36,5,210,194,26,25,1,01:193,01:129
01,0,219,122,171,50,6,218,210,36,26,10,01:193,01:129
01,0,222,122,167,46,6,218,210,36,26,10,01:193,01:129
01,0,225,35,60,26,3,193,129,16,15,1,01:193,01:129
01,0,226,61,87,27,4,225,193,26,16,10,01:193,01:129
01,0,227,88,128,41,5,226,225,27,26,1,01:193,01:129
01,0,228,129,179,51,6,227,226,41,27,14,01:193,01:129
01,0,231,129,174,46,6,227,226,41,27,14,01:193,01:129
01,0,234,88,128,41,5,226,225,27,26,1,01:193,01:129
01,0,235,129,182,54,6,234,226,41,27,14,01:193,01:129
01,0,238,129,185,57,6,234,226,41,27,14,01:193,01:129
01,0,241,61,88,28,4,225,193,26,16,10,01:193,01:129
01,0,242,89,124,36,5,241,225,28,26,2,01:193,01:129
01,0,243,125,176,52,6,242,241,36,28,8,01:193,01:129
01,0,246,125,170,46,6,242,241,36,28,8,01:193,01:129
01,0,249,89,126,38,5,241,225,28,26,2,01:193,01:129
01,0,250,127,176,50,6,249,241,38,28,10,01:193,01:129
01,0,253,127,175,49,6,249,241,38,28,10,01:193,01:129
01,0,258,19,34,16,2,257,256,15,4,11,01:258,01:257
01,0,259,35,57,23,3,258,257,16,15,1,01:258,01:257
01,0,260,58,84,27,4,259,258,23,16,7,01:258,01:257
01,0,261,85,118,34,5,260,259,27,23,4,01:258,01:257
01,0,262,119,166,48,6,261,260,34,27,7,01:258,01:257
01,0,265,119,166,48,6,261,260,34,27,7,01:258,01:257
01,0,268,85,121,37,5,260,259,27,23,4,01:258,01:257
01,0,269,122,172,51,6,268,260,37,27,10,01:258,01:257
01,0,272,122,165,44,6,268,260,37,27,10,01:258,01:257
01,0,275,58,83,26,4,259,258,23,16,7,01:258,01:257
01,0,276,84,119,36,5,275,259,26,23,3,01:258,01:257
01,0,277,120,164,45,6,276,275,36,26,10,01:258,01:257
01,0,280,120,163,44,6,276,275,36,26,10,01:258,01:257
01,0,283,84,114,31,5,275,259,26,23,3,01:258,01:257
01,0,284,115,162,48,6,283,275,31,26,5,01:258,01:257
01,0,287,115,155,41,6,283,275,31,26,5,01:258,01:257
01,0,290,35,58,24,3,258,257,16,15,1,01:258,01:257
01,0,291,59,86,28,4,290,258,24,16,8,01:258,01:257
01,0,292,87,125,39,5,291,290,28,24,4,01:258,01:257
01,0,293,126,171,46,6,292,291,39,28,11,01:258,01:257
01,0,296,126,174,49,6,292,291,39,28,11,01:258,01:257
01,0,299,87,120,34,5,291,290,28,24,4,01:258,01:257
01,0,300,121,171,51,6,299,291,34,28,6,01:258,01:257
01,0,303,121,165,45,6,299,291,34,28,6,01:258,01:257
01,0,306,59,85,27,4,290,258,24,16,8,01:258,01:257
01,0,307,86,123,38,5,306,290,27,24,3,01:258,01:257
01,0,308,124,170,47,6,307,306,38,27,11,01:258,01:257
01,0,311,124,169,46,6,307,306,38,27,11,01:258,01:257
01,0,314,86,123,38,5,306,290,27,24,3,01:258,01:257
01,0,315,124,173,50,6,314,306,38,27,11,01:258,01:257
01,0,318,124,173,50,6,314,306,38,27,11,01:258,01:257
01,0,321,19,34,16,2,257,256,15,4,11,01:321,01:257
01,0,322,35,58,24,3,321,257,16,15,1,01:321,01:257
01,0,323,59,87,29,4,322,321,24,16,8,01:321,01:257
01,0,324,88,120,33,5,323,322,29,24,5,01:321,01:257
01,0,325,121,165,45,6,324,323,33,29,4,01:321,01:257
01,0,328,121,164,44,6,324,323,33,29,4,01:321,01:257
01,0,331,88,121,34,5,323,322,29,24,5,01:321,01:257
01,0,332,122,166,45,6,331,323,34,29,5,01:321,01:257
01,0,335,122,165,44,6,331,323,34,29,5,01:321,01:257
01,0,338,59,85,27,4,322,321,24,16,8,01:321,01:257
01,0,339,86,120,35,5,338,322,27,24,3,01:321,01:257
01,0,340,121,168,48,6,339,338,35,27,8,01:321,01:257
01,0,343,121,168,48,6,339,338,35,27,8,01:321,01:257
01,0,346,86,118,33,5,338,322,27,24,3,01:321,01:257
01,0,347,119,158,40,6,346,338,33,27,6,01:321,01:257
01,0,350,119,168,50,6,346,338,33,27,6,01:321,01:257
01,0,353,35,59,25,3,321,257,16,15,1,01:321,01:257
01,0,354,60,89,30,4,353,321,25,16,9,01:321,01:257
01,0,355,90,129,40,5,354,353,30,25,5,01:321,01:257
01,0,356,130,178,49,6,355,354,40,30,10,01:321,01:257
01,0,359,130,175,46,6,355,354,40,30,10,01:321,01:257
01,0,362,90,125,36,5,354,353,30,25,5,01:321,01:257
01,0,363,126,171,46,6,362,354,36,30,6,01:321,01:257
01,0,366,126,171,46,6,362,354,36,30,6,01:321,01:257
01,0,369,60,88,29,4,353,321,25,16,9,01:321,01:257
01,0,370,89,124,36,5,369,353,29,25,4,01:321,01:257
01,0,371,125,170,46,6,370,369,36,29,7,01:321,01:257
01,0,374,125,170,46,6,370,369,36,29,7,01:321,01:257
01,0,377,89,122,34,5,369,353,29,25,4,01:321,01:257
01,0,378,123,167,45,6,377,369,34,29,5,01:321,01:257
01,0,381,123,168,46,6,377,369,34,29,5,01:321,01:257
01,0,385,18,34,17,2,384,256,14,4,10,01:385,01:384
01,0,386,35,58,24,3,385,384,17,14,3,01:385,01:384
01,0,387,59,86,28,4,386,385,24,17,7,01:385,01:384
01,0,388,87,123,37,5,387,386,28,24,4,01:385,01:384
01,0,389,124,173,50,6,388,387,37,28,9,01:385,01:384
01,0,392,124,167,44,6,388,387,37,28,9,01:385,01:384
01,0,395,87,120,34,5,387,386,28,24,4,01:385,01:384
01,0,396,121,167,47,6,395,387,34,28,6,01:385,01:384
01,0,399,121,160,40,6,395,387,34,28,6,01:385,01:384
01,0,402,59,84,26,4,386,385,24,17,7,01:385,01:384
01,0,403,85,120,36,5,402,386,26,24,2,01:385,01:384
01,0,404,121,167,47,6,403,402,36,26,10,01:385,01:384
01,0,407,121,165,45,6,403,402,36,26,10,01:385,01:384
01,0,410,85,117,33,5,402,386,26,24,2,01:385,01:384
01,0,411,118,166,49,6,410,402,33,26,7,01:385,01:384
01,0,414,118,161,44,6,410,402,33,26,7,01:385,01:384
01,0,417,35,58,24,3,385,384,17,14,3,01:385,01:384
01,0,418,59,84,26,4,417,385,24,17,7,01:385,01:384
01,0,419,85,120,36,5,418,417,26,24,2,01:385,01:384
01,0,420,121,165,45,6,419,418,36,26,10,01:385,01:384
01,0,423,121,171,51,6,419,418,36,26,10,01:385,01:384
01,0,426,85,118,34,5,418,417,26,24,2,01:385,01:384
01,0,427,119,166,48,6,426,418,34,26,8,01:385,01:384
01,0,430,119,162,44,6,426,418,34,26,8,01:385,01:384
01,0,433,59,85,27,4,417,385,24,17,7,01:385,01:384
01,0,434,86,122,37,5,433,417,27,24,3,01:385,01:384
01,0,435,123,169,47,6,434,433,37,27,10,01:385,01:384
01,0,438,123,168,46,6,434,433,37,27,10,01:385,01:384
01,0,441,86,124,39,5,433,417,27,24,3,01:385,01:384
01,0,442,125,176,52,6,441,433,39,27,12,01:385,01:384
01,0,445,125,176,52,6,441,433,39,27,12,01:385,01:384
01,0,448,18,34,17,2,384,256,14,4,10,01:448,01:384
01,0,449,35,58,24,3,448,384,17,14,3,01:448,01:384
01,0,450,59,86,28,4,449,448,24,17,7,01:448,01:384
01,0,451,87,120,34,5,450,449,28,24,4,01:448,01:384
01,0,452,121,163,43,6,451,450,34,28,6,01:448,01:384
01,0,455,121,166,46,6,451,450,34,28,6,01:448,01:384
01,0,458,87,119,33,5,450,449,28,24,4,01:448,01:384
01,0,459,120,164,45,6,458,450,33,28,5,01:448,01:384
01,0,462,120,162,43,6,458,450,33,28,5,01:448,01:384
01,0,465,59,85,27,4,449,448,24,17,7,01:448,01:384
01,0,466,86,120,35,5,465,449,27,24,3,01:448,01:384
01,0,467,121,169,49,6,466,465,35,27,8,01:448,01:384
01,0,470,121,165,45,6,466,465,35,27,8,01:448,01:384
01,0,473,86,119,34,5,465,449,27,24,3,01:448,01:384
01,0,474,120,164,45,6,473,465,34,27,7,01:448,01:384
01,0,477,120,165,46,6,473,465,34,27,7,01:448,01:384
01,0,480,35,59,25,3,448,384,17,14,3,01:448,01:384
01,0,481,60,88,29,4,480,448,25,17,8,01:448,01:384
01,0,482,89,126,38,5,481,480,29,25,4,01:448,01:384
01,0,483,127,173,47,6,482,481,38,29,9,01:448,01:384
01,0,486,127,174,48,6,482,481,38,29,9,01:448,01:384
01,0,489,89,124,36,5,481,480,29,25,4,01:448,01:384
01,0,490,125,169,45,6,489,481,36,29,7,01:448,01:384
01,0,493,125,173,49,6,489,481,36,29,7,01:448,01:384
01,0,496,60,86,27,4,480,448,25,17,8,01:448,01:384
01,0,497,87,119,33,5,496,480,27,25,2,01:448,01:384
01,0,498,120,165,46,6,497,496,33,27,6,01:448,01:384
01,0,501,120,165,46,6,497,496,33,27,6,01:448,01:384
01,0,504,87,120,34,5,496,480,27,25,2,01:448,01:384
01,0,505,121,165,45,6,504,496,34,27,7,01:448,01:384
01,0,508,121,166,46,6,504,496,34,27,7,01:448,01:384
01,0,513,24,44,21,2,512,511,17,7,10,01:513,01:512
01,0,514,45,67,23,3,513,512,21,17,4,01:513,01:512
01,0,515,68,96,29,4,514,513,23,21,2,01:513,01:512
01,0,516,97,126,30,5,515,514,29,23,6,01:513,01:512
01,0,517,127,163,37,6,516,515,30,29,1,01:513,01:512
01,0,520,127,169,43,6,516,515,30,29,1,01:513,01:512
01,0,523,97,130,34,5,515,514,29,23,6,01:513,01:512
01,0,524,131,166,36,6,523,515,34,29,5,01:513,01:512
01,0,527,131,191,61,6,523,515,34,29,5,01:513,01:512
01,0,530,68,96,29,4,514,513,23,21,2,01:513,01:512
01,0,531,97,128,32,5,530,514,29,23,6,01:513,01:512
01,0,532,129,164,36,6,531,530,32,29,3,01:513,01:512
01,0,535,129,174,46,6,531,530,32,29,3,01:513,01:512
01,0,538,97,134,38,5,530,514,29,23,6,01:513,01:512
01,0,541,45,69,25,3,513,512,21,17,4,01:513,01:512
01,0,542,70,97,28,4,541,513,25,21,4,01:513,01:512
01,0,543,98,132,35,5,542,541,28,25,3,01:513,01:512
01,0,544,133,178,46,6,543,542,35,28,7,01:513,01:512
01,0,547,133,189,57,6,543,542,35,28,7,01:513,01:512
01,0,550,98,136,39,5,542,541,28,25,3,01:513,01:512
01,0,551,137,180,44,6,550,542,39,28,11,01:513,01:512
01,0,554,137,191,55,6,550,542,39,28,11,01:513,01:512
01,0,557,70,100,31,4,541,513,25,21,4,01:513,01:512
01,0,558,101,144,44,5,557,541,31,25,6,01:513,01:512
01,0,561,101,145,45,5,557,541,31,25,6,01:513,01:512
01,0,564,24,44,21,2,512,511,17,7,10,01:564,01:512
01,0,565,45,68,24,3,564,512,21,17,4,01:564,01:512
01,0,566,69,98,30,4,565,564,24,21,3,01:564,01:512
01,0,567,99,129,31,5,566,565,30,24,6,01:564,01:512
01,0,568,130,167,38,6,567,566,31,30,1,01:564,01:512
01,0,571,130,169,40,6,567,566,31,30,1,01:564,01:512
01,0,574,99,135,37,5,566,565,30,24,6,01:564,01:512
01,0,575,136,175,40,6,574,566,37,30,7,01:564,01:512
01,0,579,69,97,29,4,565,564,24,21,3,01:564,01:512
01,0,580,98,128,31,5,579,565,29,24,5,01:564,01:512
01,0,581,129,168,40,6,580,579,31,29,2,01:564,01:512
01,0,584,129,174,46,6,580,579,31,29,2,01:564,01:512
01,0,587,98,138,41,5,579,565,29,24,5,01:564,01:512
01,0,590,45,70,26,3,564,512,21,17,4,01:564,01:512
01,0,591,71,100,30,4,590,564,26,21,5,01:564,01:512
01,0,592,101,137,37,5,591,590,30,26,4,01:564,01:512
01,0,593,138,181,44,6,592,591,37,30,7,01:564,01:512
01,0,597,101,137,37,5,591,590,30,26,4,01:564,01:512
01,0,598,138,182,45,6,597,591,37,30,7,01:564,01:512
01,0,602,71,102,32,4,590,564,26,21,5,01:564,01:512
01,0,603,103,142,40,5,602,590,32,26,6,01:564,01:512
01,0,606,103,145,43,5,602,590,32,26,6,01:564,01:512
01,0,610,25,60,36,2,609,511,18,7,11,01:610,01:609
01,0,611,61,105,45,3,610,609,36,18,18,01:610,01:609
01,0,612,106,169,64,4,611,610,45,36,9,01:610,01:609
01,0,615,106,169,64,4,611,610,45,36,9,01:610,01:609
01,0,618,61,101,41,3,610,609,36,18,18,01:610,01:609
01,0,619,102,166,65,4,618,610,41,36,5,01:610,01:609
01,0,622,102,171,70,4,618,610,41,36,5,01:610,01:609
01,0,625,25,63,39,2,609,511,18,7,11,01:625,01:609
01,0,626,64,107,44,3,625,609,39,18,21,01:625,01:609
01,0,627,108,175,68,4,626,625,44,39,5,01:625,01:609
01,0,630,108,182,75,4,626,625,44,39,5,01:625,01:609
01,0,633,64,104,41,3,625,609,39,18,21,01:625,01:609
01,0,634,105,176,72,4,633,625,41,39,2,01:625,01:609
01,0,637,105,181,77,4,633,625,41,39,2,01:625,01:609
01,0,642,29,51,23,2,641,640,18,11,7,01:642,01:641
01,0,643,52,79,28,3,642,641,23,18,5,01:642,01:641
01,0,644,80,110,31,4,643,642,28,23,5,01:642,01:641
01,0,645,111,154,44,5,644,643,31,28,3,01:642,01:641
01,0,648,111,151,41,5,644,643,31,28,3,01:642,01:641
01,0,651,80,117,38,4,643,642,28,23,5,01:642,01:641
01,0,653,118,165,48,5,651,643,38,28,10,01:642,01:641
01,0,656,52,84,33,3,642,641,23,18,5,01:642,01:641
01,0,657,85,131,47,4,656,642,33,23,10,01:642,01:641
01,0,658,132,184,53,5,657,656,47,33,14,01:642,01:641
01,0,661,132,185,54,5,657,656,47,33,14,01:642,01:641
01,0,664,85,126,42,4,656,642,33,23,10,01:642,01:641
01,0,665,127,173,47,5,664,656,42,33,9,01:642,01:641
01,0,668,127,178,52,5,664,656,42,33,9,01:642,01:641
01,0,671,29,51,23,2,641,640,18,11,7,01:671,01:641
01,0,672,52,79,28,3,671,641,23,18,5,01:671,01:641
01,0,673,80,112,33,4,672,671,28,23,5,01:671,01:641
01,0,674,113,176,64,5,673,672,33,28,5,01:671,01:641
01,0,677,113,155,43,5,673,672,33,28,5,01:671,01:641
01,0,680,80,111,32,4,672,671,28,23,5,01:671,01:641
01,0,681,112,162,51,5,680,672,32,28,4,01:671,01:641
01,0,684,112,160,49,5,680,672,32,28,4,01:671,01:641
01,0,687,52,81,30,3,671,641,23,18,5,01:671,01:641
01,0,688,82,128,47,4,687,671,30,23,7,01:671,01:641
01,0,689,129,182,54,5,688,687,47,30,17,01:671,01:641
01,0,692,129,180,52,5,688,687,47,30,17,01:671,01:641
01,0,695,82,121,40,4,687,671,30,23,7,01:671,01:641
01,0,696,122,171,50,5,695,687,40,30,10,01:671,01:641
01,0,699,122,169,48,5,695,687,40,30,10,01:671,01:641
01,0,703,35,65,31,2,702,640,24,11,13,01:703,01:702
01,0,704,66,108,43,3,703,702,31,24,7,01:703,01:702
01,0,705,109,154,46,4,704,703,43,31,12,01:703,01:702
01,0,708,109,147,39,4,704,703,43,31,12,01:703,01:702
01,0,711,66,105,40,3,703,702,31,24,7,01:703,01:702
01,0,712,106,153,48,4,711,703,40,31,9,01:703,01:702
01,0,715,106,146,41,4,711,703,40,31,9,01:703,01:702
01,0,718,35,88,54,2,702,640,24,11,13,01:718,01:702
02,1,3,14,26,13,2,2,1,10,4,6,02:3,02:2
02,1,4,27,41,15,3,3,2,13,10,3,02:3,02:2
02,1,5,42,62,21,4,4,3,15,13,2,02:3,02:2
02,1,6,63,90,28,5,5,4,21,15,6,02:3,02:2
02,1,7,91,122,32,6,6,5,28,21,7,02:3,02:2
02,1,8,123,165,43,7,7,6,32,28,4,02:3,02:2
02,1,11,123,164,42,7,7,6,32,28,4,02:3,02:2
02,1,14,91,119,29,6,6,5,28,21,7,02:3,02:2
02,1,15,120,153,34,7,14,6,29,28,1,02:3,02:2
02,1,18,120,163,44,7,14,6,29,28,1,02:3,02:2
02,1,21,63,90,28,5,5,4,21,15,6,02:3,02:2
02,1,22,91,121,31,6,21,5,28,21,7,02:3,02:2
02,1,23,122,159,38,7,22,21,31,28,3,02:3,02:2
02,1,26,122,156,35,7,22,21,31,28,3,02:3,02:2
02,1,29,91,122,32,6,21,5,28,21,7,02:3,02:2
02,1,30,123,159,37,7,29,21,32,28,4,02:3,02:2
02,1,33,123,158,36,7,29,21,32,28,4,02:3,02:2
02,1,36,42,62,21,4,4,3,15,13,2,02:3,02:2
02,1,37,63,89,27,5,36,4,21,15,6,02:3,02:2
02,1,38,90,120,31,6,37,36,27,21,6,02:3,02:2
02,1,39,121,162,42,7,38,37,31,27,4,02:3,02:2
02,1,42,121,156,36,7,38,37,31,27,4,02:3,02:2
02,1,45,90,118,29,6,37,36,27,21,6,02:3,02:2
02,1,46,119,158,40,7,45,37,29,27,2,02:3,02:2
02,1,49,119,154,36,7,45,37,29,27,2,02:3,02:2
02,1,52,63,89,27,5,36,4,21,15,6,02:3,02:2
02,1,53,90,125,36,6,52,36,27,21,6,02:3,02:2
02,1,54,126,169,44,7,53,52,36,27,9,02:3,02:2
02,1,57,126,165,40,7,53,52,36,27,9,02:3,02:2
02,1,60,90,124,35,6,52,36,27,21,6,02:3,02:2
02,1,61,125,164,40,7,60,52,35,27,8,02:3,02:2
02,1,64,125,164,40,7,60,52,35,27,8,02:3,02:2
02,1,67,27,41,15,3,3,2,13,10,3,02:3,02:2
02,1,68,42,63,22,4,67,3,15,13,2,02:3,02:2
02,1,69,64,89,26,5,68,67,22,15,7,02:3,02:2
02,1,70,90,126,37,6,69,68,26,22,4,02:3,02:2
02,1,71,127,167,41,7,70,69,37,26,11,02:3,02:2
02,1,74,127,167,41,7,70,69,37,26,11,02:3,02:2
02,1,77,90,119,30,6,69,68,26,22,4,02:3,02:2
02,1,78,120,154,35,7,77,69,30,26,4,02:3,02:2
02,1,81,120,160,41,7,77,69,30,26,4,02:3,02:2
02,1,84,64,90,27,5,68,67,22,15,7,02:3,02:2
02,1,85,91,121,31,6,84,68,27,22,5,02:3,02:2
02,1,86,122,161,40,7,85,84,31,27,4,02:3,02:2
02,1,89,122,161,40,7,85,84,31,27,4,02:3,02:2
02,1,92,91,119,29,6,84,68,27,22,5,02:3,02:2
02,1,93,120,156,37,7,92,84,29,27,2,02:3,02:2
02,1,96,120,158,39,7,92,84,29,27,2,02:3,02:2
02,1,99,42,65,24,4,67,3,15,13,2,02:3,02:2
02,1,100,66,92,27,5,99,67,24,15,9,02:3,02:2
02,1,101,93,135,43,6,100,99,27,24,3,02:3,02:2
02,1,102,136,174,39,7,101,100,43,27,16,02:3,02:2
02,1,105,136,174,39,7,101,100,43,27,16,02:3,02:2
02,1,108,93,122,30,6,100,99,27,24,3,02:3,02:2
02,1,109,123,158,36,7,108,100,30,27,3,02:3,02:2
02,1,112,123,156,34,7,108,100,30,27,3,02:3,02:2
02,1,115,66,90,25,5,99,67,24,15,9,02:3,02:2
02,1,116,91,123,33,6,115,99,25,24,1,02:3,02:2
02,1,117,124,168,45,7,116,115,33,25,8,02:3,02:2
02,1,120,124,159,36,7,116,115,33,25,8,02:3,02:2
02,1,123,91,119,29,6,115,99,25,24,1,02:3,02:2
02,1,124,120,157,38,7,123,115,29,25,4,02:3,02:2
02,1,127,120,152,33,7,123,115,29,25,4,02:3,02:2
02,1,130,14,26,13,2,2,1,10,4,6,02:130,02:2
02,1,131,27,40,14,3,130,2,13,10,3,02:130,02:2
02,1,132,41,61,21,4,131,130,14,13,1,02:130,02:2
02,1,133,62,87,26,5,132,131,21,14,7,02:130,02:2
02,1,134,88,124,37,6,133,132,26,21,5,02:130,02:2
02,1,135,125,163,39,7,134,133,37,26,11,02:130,02:2
02,1,138,125,166,42,7,134,133,37,26,11,02:130,02:2
02,1,141,88,116,29,6,133,132,26,21,5,02:130,02:2
02,1,142,117,152,36,7,141,133,29,26,3,02:130,02:2
02,1,145,117,158,42,7,141,133,29,26,3,02:130,02:2
02,1,148,62,87,26,5,132,131,21,14,7,02:130,02:2
02,1,149,88,117,30,6,148,132,26,21,5,02:130,02:2
02,1,150,118,157,40,7,149,148,30,26,4,02:130,02:2
02,1,153,118,153,36,7,149,148,30,26,4,02:130,02:2
02,1,156,88,117,30,6,148,132,26,21,5,02:130,02:2
02,1,157,118,159,42,7,156,148,30,26,4,02:130,02:2
02,1,160,118,157,40,7,156,148,30,26,4,02:130,02:2
02,1,163,41,61,21,4,131,130,14,13,1,02:130,02:2
02,1,164,62,86,25,5,163,131,21,14,7,02:130,02:2
02,1,165,87,118,32,6,164,163,25,21,4,02:130,02:2
02,1,166,119,161,43,7,165,164,32,25,7,02:130,02:2
02,1,169,119,155,37,7,165,164,32,25,7,02:130,02:2
02,1,172,87,115,29,6,164,163,25,21,4,02:130,02:2
02,1,173,116,153,38,7,172,164,29,25,4,02:130,02:2
02,1,176,116,150,35,7,172,164,29,25,4,02:130,02:2
02,1,179,62,87,26,5,163,131,21,14,7,02:130,02:2
02,1,180,88,118,31,6,179,163,26,21,5,02:130,02:2
02,1,181,119,161,43,7,180,179,31,26,5,02:130,02:2
02,1,184,119,159,41,7,180,179,31,26,5,02:130,02:2
02,1,187,88,115,28,6,179,163,26,21,5,02:130,02:2
02,1,188,116,153,38,7,187,179,28,26,2,02:130,02:2
02,1,191,116,151,36,7,187,179,28,26,2,02:130,02:2
02,1,194,27,41,15,3,130,2,13,10,3,02:130,02:2
02,1,195,42,64,23,4,194,130,15,13,2,02:130,02:2
02,1,196,65,88,24,5,195,194,23,15,8,02:130,02:2
02,1,197,89,126,38,6,196,195,24,23,1,02:130,02:2
02,1,198,127,167,41,7,197,196,38,24,14,02:130,02:2
02,1,201,127,168,42,7,197,196,38,24,14,02:130,02:2
02,1,204,89,118,30,6,196,195,24,23,1,02:130,02:2
02,1,205,119,157,39,7,204,196,30,24,6,02:130,02:2
02,1,208,119,155,37,7,204,196,30,24,6,02:130,02:2
02,1,211,65,88,24,5,195,194,23,15,8,02:130,02:2
02,1,212,89,120,32,6,211,195,24,23,1,02:130,02:2
02,1,213,121,161,41,7,212,211,32,24,8,02:130,02:2
02,1,216,121,161,41,7,212,211,32,24,8,02:130,02:2
02,1,219,89,121,33,6,211,195,24,23,1,02:130,02:2
02,1,220,122,167,46,7,219,211,33,24,9,02:130,02:2
02,1,223,122,161,40,7,219,211,33,24,9,02:130,02:2
02,1,226,42,66,25,4,194,130,15,13,2,02:130,02:2
02,1,227,67,89,23,5,226,194,25,15,10,02:130,02:2
02,1,228,90,125,36,6,227,226,23,25,-2,02:130,02:2
02,1,229,126,171,46,7,228,227,36,23,13,02:130,02:2
02,1,232,126,165,40,7,228,227,36,23,13,02:130,02:2
02,1,235,90,123,34,6,227,226,23,25,-2,02:130,02:2
02,1,236,124,172,49,7,235,227,34,23,11,02:130,02:2
02,1,239,124,171,48,7,235,227,34,23,11,02:130,02:2
02,1,242,67,90,24,5,226,194,25,15,10,02:130,02:2
02,1,243,91,124,34,6,242,226,24,25,-1,02:130,02:2
02,1,244,125,172,48,7,243,242,34,24,10,02:130,02:2
02,1,247,125,166,42,7,243,242,34,24,10,02:130,02:2
02,1,250,91,126,36,6,242,226,24,25,-1,02:130,02:2
02,1,251,127,175,49,7,250,242,36,24,12,02:130,02:2
02,1,254,127,171,45,7,250,242,36,24,12,02:130,02:2
02,1,258,15,27,13,2,257,1,11,4,7,02:258,02:257
02,1,259,28,42,15,3,258,257,13,11,2,02:258,02:257
02,1,260,43,65,23,4,259,258,15,13,2,02:258,02:257
02,1,261,66,91,26,5,260,259,23,15,8,02:258,02:257
02,1,262,92,130,39,6,261,260,26,23,3,02:258,02:257
02,1,263,131,170,40,7,262,261,39,26,13,02:258,02:257
02,1,266,131,166,36,7,262,261,39,26,13,02:258,02:257
02,1,269,92,121,30,6,261,260,26,23,3,02:258,02:257
02,1,270,122,164,43,7,269,261,30,26,4,02:258,02:257
02,1,273,122,155,34,7,269,261,30,26,4,02:258,02:257
02,1,276,66,89,24,5,260,259,23,15,8,02:258,02:257
02,1,277,90,122,33,6,276,260,24,23,1,02:258,02:257
02,1,278,123,161,39,7,277,276,33,24,9,02:258,02:257
02,1,281,123,159,37,7,277,276,33,24,9,02:258,02:257
02,1,284,90,121,32,6,276,260,24,23,1,02:258,02:257
02,1,285,122,164,43,7,284,276,32,24,8,02:258,02:257
02,1,288,122,161,40,7,284,276,32,24,8,02:258,02:257
02,1,291,43,63,21,4,259,258,15,13,2,02:258,02:257
02,1,292,64,88,25,5,291,259,21,15,6,02:258,02:257
02,1,293,89,125,37,6,292,291,25,21,4,02:258,02:257
02,1,294,126,163,38,7,293,292,37,25,12,02:258,02:257
02,1,297,126,168,43,7,293,292,37,25,12,02:258,02:257
02,1,300,89,120,32,6,292,291,25,21,4,02:258,02:257
02,1,301,121,165,45,7,300,292,32,25,7,02:258,02:257
02,1,304,121,160,40,7,300,292,32,25,7,02:258,02:257
02,1,307,64,89,26,5,291,259,21,15,6,02:258,02:257
02,1,308,90,126,37,6,307,291,26,21,5,02:258,02:257
02,1,309,127,173,47,7,308,307,37,26,11,02:258,02:257
02,1,312,127,169,43,7,308,307,37,26,11,02:258,02:257
02,1,315,90,126,37,6,307,291,26,21,5,02:258,02:257
02,1,316,127,171,45,7,315,307,37,26,11,02:258,02:257
02,1,319,127,172,46,7,315,307,37,26,11,02:258,02:257
02,1,322,28,42,15,3,258,257,13,11,2,02:258,02:257
02,1,323,43,66,24,4,322,258,15,13,2,02:258,02:257
02,1,324,67,92,26,5,323,322,24,15,9,02:258,02:257
02,1,325,93,124,32,6,324,323,26,24,2,02:258,02:257
02,1,326,125,163,39,7,325,324,32,26,6,02:258,02:257
02,1,329,125,165,41,7,325,324,32,26,6,02:258,02:257
02,1,332,93,123,31,6,324,323,26,24,2,02:258,02:257
02,1,333,124,165,42,7,332,324,31,26,5,02:258,02:257
02,1,336,124,160,37,7,332,324,31,26,5,02:258,02:257
02,1,339,67,90,24,5,323,322,24,15,9,02:258,02:257
02,1,340,91,121,31,6,339,323,24,24,0,02:258,02:257
02,1,341,122,166,45,7,340,339,31,24,7,02:258,02:257
02,1,344,122,163,42,7,340,339,31,24,7,02:258,02:257
02,1,347,91,120,30,6,339,323,24,24,0,02:258,02:257
02,1,348,121,159,39,7,347,339,30,24,6,02:258,02:257
02,1,351,121,163,43,7,347,339,30,24,6,02:258,02:257
02,1,354,43,67,25,4,322,258,15,13,2,02:258,02:257
02,1,355,68,92,25,5,354,322,25,15,10,02:258,02:257
02,1,356,93,142,50,6,355,354,25,25,0,02:258,02:257
02,1,357,143,183,41,7,356,355,50,25,25,02:258,02:257
02,1,360,143,180,38,7,356,355,50,25,25,02:258,02:257
02,1,363,93,131,39,6,355,354,25,25,0,02:258,02:257
02,1,364,132,171,40,7,363,355,39,25,14,02:258,02:257
02,1,367,132,172,41,7,363,355,39,25,14,02:258,02:257
02,1,370,68,92,25,5,354,322,25,15,10,02:258,02:257
02,1,371,93,125,33,6,370,354,25,25,0,02:258,02:257
02,1,372,126,165,40,7,371,370,33,25,8,02:258,02:257
02,1,375,126,165,40,7,371,370,33,25,8,02:258,02:257
02,1,378,93,124,32,6,370,354,25,25,0,02:258,02:257
02,1,379,125,161,37,7,378,370,32,25,7,02:258,02:257
02,1,382,125,164,40,7,378,370,32,25,7,02:258,02:257
02,1,385,15,27,13,2,257,1,11,4,7,02:385,02:257
02,1,386,28,42,15,3,385,257,13,11,2,02:385,02:257
02,1,387,43,62,20,4,386,385,15,13,2,02:385,02:257
02,1,388,63,89,27,5,387,386,20,15,5,02:385,02:257
02,1,389,90,127,38,6,388,387,27,20,7,02:385,02:257
02,1,390,128,170,43,7,389,388,38,27,11,02:385,02:257
02,1,393,128,164,37,7,389,388,38,27,11,02:385,02:257
02,1,396,90,120,31,6,388,387,27,20,7,02:385,02:257
02,1,397,121,161,41,7,396,388,31,27,4,02:385,02:257
02,1,400,121,154,34,7,396,388,31,27,4,02:385,02:257
02,1,403,63,88,26,5,387,386,20,15,5,02:385,02:257
02,1,404,89,123,35,6,403,387,26,20,6,02:385,02:257
02,1,405,124,164,41,7,404,403,35,26,9,02:385,02:257
02,1,408,124,162,39,7,404,403,35,26,9,02:385,02:257
02,1,411,89,120,32,6,403,387,26,20,6,02:385,02:257
02,1,412,121,166,46,7,411,403,32,26,6,02:385,02:257
02,1,415,121,163,43,7,411,403,32,26,6,02:385,02:257
02,1,418,43,62,20,4,386,385,15,13,2,02:385,02:257
02,1,419,63,89,27,5,418,386,20,15,5,02:385,02:257
02,1,420,90,126,37,6,419,418,27,20,7,02:385,02:257
02,1,421,127,169,43,7,420,419,37,27,10,02:385,02:257
02,1,424,127,174,48,7,420,419,37,27,10,02:385,02:257
02,1,427,90,119,30,6,419,418,27,20,7,02:385,02:257
02,1,428,120,162,43,7,427,419,30,27,3,02:385,02:257
02,1,431,120,161,42,7,427,419,30,27,3,02:385,02:257
02,1,434,63,89,27,5,418,386,20,15,5,02:385,02:257
02,1,435,90,126,37,6,434,418,27,20,7,02:385,02:257
02,1,436,127,175,49,7,435,434,37,27,10,02:385,02:257
02,1,439,127,172,46,7,435,434,37,27,10,02:385,02:257
02,1,442,90,127,38,6,434,418,27,20,7,02:385,02:257
02,1,443,128,174,47,7,442,434,38,27,11,02:385,02:257
02,1,446,128,174,47,7,442,434,38,27,11,02:385,02:257
02,1,449,28,41,14,3,385,257,13,11,2,02:385,02:257
02,1,450,42,62,21,4,449,385,14,13,1,02:385,02:257
02,1,451,63,87,25,5,450,449,21,14,7,02:385,02:257
02,1,452,88,121,34,6,451,450,25,21,4,02:385,02:257
02,1,453,122,158,37,7,452,451,34,25,9,02:385,02:257
02,1,456,122,160,39,7,452,451,34,25,9,02:385,02:257
02,1,459,88,118,31,6,451,450,25,21,4,02:385,02:257
02,1,460,119,162,44,7,459,451,31,25,6,02:385,02:257
02,1,463,119,157,39,7,459,451,31,25,6,02:385,02:257
02,1,466,63,88,26,5,450,449,21,14,7,02:385,02:257
02,1,467,89,119,31,6,466,450,26,21,5,02:385,02:257
02,1,468,120,161,42,7,467,466,31,26,5,02:385,02:257
02,1,471,120,160,41,7,467,466,31,26,5,02:385,02:257
02,1,474,89,117,29,6,466,450,26,21,5,02:385,02:257
02,1,475,118,155,38,7,474,466,29,26,3,02:385,02:257
02,1,478,118,159,42,7,474,466,29,26,3,02:385,02:257
02,1,481,42,64,23,4,449,385,14,13,1,02:385,02:257
02,1,482,65,90,26,5,481,449,23,14,9,02:385,02:257
02,1,483,91,133,43,6,482,481,26,23,3,02:385,02:257
02,1,484,134,174,41,7,483,482,43,26,17,02:385,02:257
02,1,487,134,173,40,7,483,482,43,26,17,02:385,02:257
02,1,490,91,125,35,6,482,481,26,23,3,02:385,02:257
02,1,491,126,166,41,7,490,482,35,26,9,02:385,02:257
02,1,494,126,172,47,7,490,482,35,26,9,02:385,02:257
02,1,497,65,90,26,5,481,449,23,14,9,02:385,02:257
02,1,498,91,120,30,6,497,481,26,23,3,02:385,02:257
02,1,499,121,163,43,7,498,497,30,26,4,02:385,02:257
02,1,502,121,161,41,7,498,497,30,26,4,02:385,02:257
02,1,505,91,119,29,6,497,481,26,23,3,02:385,02:257
02,1,506,120,161,42,7,505,497,29,26,3,02:385,02:257
02,1,509,120,163,44,7,505,497,29,26,3,02:385,02:257
02,1,514,16,28,13,2,513,512,13,3,10,02:514,02:513
02,1,515,29,46,18,3,514,513,13,13,0,02:514,02:513
02,1,516,47,67,21,4,515,514,18,13,5,02:514,02:513
02,1,517,68,95,28,5,516,515,21,18,3,02:514,02:513
02,1,518,96,122,27,6,517,516,28,21,7,02:514,02:513
02,1,519,123,155,33,7,518,517,27,28,-1,02:514,02:513
02,1,522,123,158,36,7,518,517,27,28,-1,02:514,02:513
02,1,525,96,127,32,6,517,516,28,21,7,02:514,02:513
02,1,526,128,160,33,7,525,517,32,28,4,02:514,02:513
02,1,529,128,185,58,7,525,517,32,28,4,02:514,02:513
02,1,532,68,95,28,5,516,515,21,18,3,02:514,02:513
02,1,533,96,124,29,6,532,516,28,21,7,02:514,02:513
02,1,534,125,158,34,7,533,532,29,28,1,02:514,02:513
02,1,537,125,164,40,7,533,532,29,28,1,02:514,02:513
02,1,540,96,131,36,6,532,516,28,21,7,02:514,02:513
02,1,543,47,70,24,4,515,514,18,13,5,02:514,02:513
02,1,544,71,100,30,5,543,515,24,18,6,02:514,02:513
02,1,545,101,133,33,6,544,543,30,24,6,02:514,02:513
02,1,546,134,171,38,7,545,544,33,30,3,02:514,02:513
02,1,550,101,136,36,6,544,543,30,24,6,02:514,02:513
02,1,551,137,176,40,7,550,544,36,30,6,02:514,02:513
02,1,554,137,186,50,7,550,544,36,30,6,02:514,02:513
02,1,557,71,100,30,5,543,515,24,18,6,02:514,02:513
02,1,558,101,141,41,6,557,543,30,24,6,02:514,02:513
02,1,561,101,147,47,6,557,543,30,24,6,02:514,02:513
02,1,564,29,46,18,3,514,513,13,13,0,02:514,02:513
02,1,565,47,67,21,4,564,514,18,13,5,02:514,02:513
02,1,566,68,93,26,5,565,564,21,18,3,02:514,02:513
02,1,567,94,119,26,6,566,565,26,21,5,02:514,02:513
02,1,568,120,151,32,7,567,566,26,26,0,02:514,02:513
02,1,571,120,156,37,7,567,566,26,26,0,02:514,02:513
02,1,574,94,124,31,6,566,565,26,21,5,02:514,02:513
02,1,575,125,162,38,7,574,566,31,26,5,02:514,02:513
02,1,579,68,91,24,5,565,564,21,18,3,02:514,02:513
02,1,580,92,120,29,6,579,565,24,21,3,02:514,02:513
02,1,581,121,155,35,7,580,579,29,24,5,02:514,02:513
02,1,584,121,166,46,7,580,579,29,24,5,02:514,02:513
02,1,587,92,136,45,6,579,565,24,21,3,02:514,02:513
02,1,590,47,69,23,4,564,514,18,13,5,02:514,02:513
02,1,591,70,95,26,5,590,564,23,18,5,02:514,02:513
02,1,592,96,129,34,6,591,590,26,23,3,02:514,02:513
02,1,593,130,167,38,7,592,591,34,26,8,02:514,02:513
02,1,596,130,188,59,7,592,591,34,26,8,02:514,02:513
02,1,599,96,128,33,6,591,590,26,23,3,02:514,02:513
02,1,600,129,169,41,7,599,591,33,26,7,02:514,02:513
02,1,603,129,180,52,7,599,591,33,26,7,02:514,02:513
02,1,606,70,99,30,5,590,564,23,18,5,02:514,02:513
02,1,607,100,143,44,6,606,590,30,23,7,02:514,02:513
02,1,610,100,145,46,6,606,590,30,23,7,02:514,02:513
02,1,613,16,29,14,2,513,512,13,3,10,02:613,02:513
02,1,614,30,61,32,3,613,513,14,13,1,02:613,02:513
02,1,615,62,91,30,4,614,613,32,14,18,02:613,02:513
02,1,616,92,149,58,5,615,614,30,32,-2,02:613,02:513
02,1,619,92,154,63,5,615,614,30,32,-2,02:613,02:513
02,1,622,62,90,29,4,614,613,32,14,18,02:613,02:513
02,1,623,91,151,61,5,622,614,29,32,-3,02:613,02:513
02,1,626,91,152,62,5,622,614,29,32,-3,02:613,02:513
02,1,629,30,62,33,3,613,513,14,13,1,02:613,02:513
02,1,630,63,96,34,4,629,613,33,14,19,02:613,02:513
02,1,631,97,163,67,5,630,629,34,33,1,02:613,02:513
02,1,634,97,171,75,5,630,629,34,33,1,02:613,02:513
02,1,637,63,95,33,4,629,613,33,14,19,02:613,02:513
02,1,638,96,161,66,5,637,629,33,33,0,02:613,02:513
02,1,641,96,170,75,5,637,629,33,33,0,02:613,02:513
02,1,645,18,31,14,2,644,512,15,3,12,02:645,02:644
02,1,646,32,49,18,3,645,644,14,15,-1,02:645,02:644
02,1,647,50,77,28,4,646,645,18,14,4,02:645,02:644
02,1,648,78,109,32,5,647,646,28,18,10,02:645,02:644
02,1,649,110,154,45,6,648,647,32,28,4,02:645,02:644
02,1,652,110,148,39,6,648,647,32,28,4,02:645,02:644
02,1,655,78,116,39,5,647,646,28,18,10,02:645,02:644
02,1,657,117,160,44,6,655,647,39,28,11,02:645,02:644
02,1,660,50,80,31,4,646,645,18,14,4,02:645,02:644
02,1,661,81,132,52,5,660,646,31,18,13,02:645,02:644
02,1,662,133,184,52,6,661,660,52,31,21,02:645,02:644
02,1,665,133,184,52,6,661,660,52,31,21,02:645,02:644
02,1,668,81,123,43,5,660,646,31,18,13,02:645,02:644
02,1,669,124,172,49,6,668,660,43,31,12,02:645,02:644
02,1,672,124,174,51,6,668,660,43,31,12,02:645,02:644
02,1,675,32,50,19,3,645,644,14,15,-1,02:645,02:644
02,1,676,51,75,25,4,675,645,19,14,5,02:645,02:644
02,1,677,76,107,32,5,676,675,25,19,6,02:645,02:644
02,1,678,108,152,45,6,677,676,32,25,7,02:645,02:644
02,1,681,108,152,45,6,677,676,32,25,7,02:645,02:644
02,1,684,76,112,37,5,676,675,25,19,6,02:645,02:644
02,1,685,113,157,45,6,684,676,37,25,12,02:645,02:644
02,1,688,113,157,45,6,684,676,37,25,12,02:645,02:644
02,1,691,51,77,27,4,675,645,19,14,5,02:645,02:644
02,1,692,78,125,48,5,691,675,27,19,8,02:645,02:644
02,1,693,126,182,57,6,692,691,48,27,21,02:645,02:644
02,1,696,126,176,51,6,692,691,48,27,21,02:645,02:644
02,1,699,78,115,38,5,691,675,27,19,8,02:645,02:644
02,1,700,116,163,48,6,699,691,38,27,11,02:645,02:644
02,1,703,116,166,51,6,699,691,38,27,11,02:645,02:644
02,1,706,18,37,20,2,644,512,15,3,12,02:706,02:644
02,1,707,38,68,31,3,706,644,20,15,5,02:706,02:644
02,1,708,69,109,41,4,707,706,31,20,11,02:706,02:644
02,1,709,110,155,46,5,708,707,41,31,10,02:706,02:644
02,1,712,110,150,41,5,708,707,41,31,10,02:706,02:644
02,1,715,69,110,42,4,707,706,31,20,11,02:706,02:644
02,1,716,111,154,44,5,715,707,42,31,11,02:706,02:644
02,1,719,111,150,40,5,715,707,42,31,11,02:706,02:644
02,1,722,38,105,68,3,706,644,20,15,5,02:706,02:644
