time_index,v1_cx,v1_cy,v1_sx,v1_sy,v1_covxy,v1_entropy,v1_occupancy,v1_edge,v2_cx,v2_cy,v2_sx,v2_sy,v2_covxy,v2_entropy,v2_occupancy,v2_edge,v3_cx,v3_cy,v3_sx,v3_sy,v3_covxy,v3_entropy,v3_occupancy,v3_edge,v4_cx,v4_cy,v4_sx,v4_sy,v4_covxy,v4_entropy,v4_occupancy,v4_edge,mean_cx,sd_cx,mean_cy,sd_cy,mean_sx,sd_sx,mean_sy,sd_sy,mean_covxy,sd_covxy,mean_entropy,sd_entropy,mean_occupancy,sd_occupancy,mean_edge,sd_edge
1,0.4023294580071375,0.542636625303394,0.17599010582796612,0.23252835675588462,-0.0025494962975183898,0.8598616031533051,0.21396422492387104,0.020860096265860772,0.41794991717440155,0.5377053179500808,0.18035928739865498,0.23101521556146762,0.0006160259427629229,0.8640992373546756,0.219320609356432,0.021378971358351553,0.41568900027392464,0.5360520247564023,0.17176276470670412,0.22607396977648087,0.0005638724690125332,0.8569317887861416,0.2262302152499257,0.021005695223309077,0.4240452222235699,0.5421984486428464,0.1794138131904735,0.23483540193024038,0.002716958724347026,0.8683845353840197,0.22757274147727272,0.022083092400658533,0.4150033994197584,0.007929933258794389,0.5396481041631809,0.0028346834452954877,0.17688149278094967,0.003372819660812366,0.23111323600601835,0.0032117323224331996,0.00033684020965102314,0.0018791880491971563,0.8623192911695354,0.004330727655935161,0.22177194775187536,0.005488509647816427,0.021331963812044982,0.00047315801778580673
2,0.39872894187193564,0.5467013737105083,0.17731440805987447,0.23166378462764523,-0.002367583892279859,0.8603924300539213,0.21415885495580808,0.02073762697752901,0.41930580273014173,0.5422470327692391,0.1814664440329771,0.23096632192778818,0.0008669470110957505,0.8655661440706174,0.22041405388907456,0.02107787070797979,0.4150781829824424,0.5395659767710332,0.1716181823845127,0.22618485994354817,0.0004427886872490239,0.8567611236315418,0.2345823250891266,0.021157571249682705,0.42313494977945526,0.5458901928626627,0.18043345314346979,0.2326577071088462,0.0025569929352809257,0.8675221126470394,0.22953350065452316,0.021988027171858784,0.41406196934099376,0.009299881507065096,0.5436011440283608,0.002870860530597746,0.17770812190520854,0.003833888024318723,0.23036816840195695,0.0024888986617211638,0.0003747861853364603,0.0017698493269758134,0.86256045260078,0.004242192531098548,0.2246721836471331,0.007913675752375731,0.02124027402676257,0.00045962033500294205
3,0.399360276622494,0.5455589262338525,0.17606159467000052,0.2305284733926624,-0.00206955336028404,0.8593085782522467,0.22056265587863935,0.020771654056162023,0.4163498983903797,0.5415281297329767,0.17884899838741866,0.2294685685914586,0.0009309795219027176,0.8621524205530777,0.22191928099933156,0.02080519585448947,0.41462959378176406,0.5381535684735704,0.17227370448099294,0.22600605920323685,0.0002479751778675914,0.8564692659252573,0.22843473542873588,0.02080296829803253,0.4218506211713277,0.5434578291901087,0.18145760562089455,0.2331926577944166,0.0024644236375834256,0.8673454072854495,0.226061386173314,0.021620918705188147,0.4130475974914914,0.008340321965725981,0.5421746134076271,0.0027242870422119494,0.17716047578982666,0.0034060426776533204,0.22979893974544358,0.0025760740209272654,0.00039345624426742365,0.0016328975986701873,0.8613189180040078,0.004017894061603597,0.22424451462000522,0.003155224550219267,0.021000184228468045,0.0003586265186261163
4,0.39883948903120797,0.5442390662236323,0.17468128432743624,0.22990713584908362,-0.0020998708603663548,0.8578866495157572,0.2180891962594697,0.0201597162148041,0.4155757179209814,0.537937926112618,0.17824387447674866,0.23042282724563587,0.0008396835069834369,0.8615304119026411,0.22196369241588682,0.020480808002913,0.4133465497168207,0.5354972790984198,0.17200921993862892,0.22677967084658435,0.00017490201590931358,0.8558099337691113,0.22748957794860364,0.020348331382089573,0.4218263378705151,0.5453943655573283,0.18033550958921307,0.23314147742561026,0.0025853685779564754,0.8672002441425943,0.22918115611538176,0.021503112339266266,0.41239702363488134,0.008422060446068032,0.5407671592479997,0.004160570069167641,0.17631747208300672,0.0032052222424860956,0.23006277784172852,0.002258929097630484,0.0003750208101207178,0.0016782941480172038,0.8606068098325259,0.004322490858920116,0.2241809056848355,0.004415166330963624,0.020622991984768232,0.0005207905070173654
5,0.40005389209076025,0.5409518257964191,0.17386880564705562,0.2298881927372034,-0.0021315467491574845,0.8580621398951985,0.22392905012904785,0.020116840047647196,0.41565045429654995,0.5373102706537075,0.17801791205502665,0.23125928601191223,0.0008959979233229367,0.8612723978184076,0.21934382146371809,0.019807941261818958,0.41389498770109556,0.5310276186077165,0.17202515818323363,0.22901287311029492,0.00019652634495174646,0.8559991446223528,0.22577942434454842,0.020006368541732156,0.4242890526674549,0.5426760567267261,0.18038465899089245,0.23404793947636612,0.0027024339234517133,0.867949354146119,0.227236963174948,0.021048411600202495,0.4134720966889652,0.008688769043347509,0.5379914429461423,0.004462855532108368,0.17607413371905206,0.0033021423778121116,0.2310520728339442,0.0019059844328339034,0.000415852860642228,0.0017317867312769976,0.8608207591205195,0.004524345006508481,0.2240723147780656,0.0029710434333477336,0.020244890362850203,0.0004769330241609483
6,0.39933564369736196,0.5425404652744863,0.1745749256400738,0.2277629223109187,-0.0020931543436646877,0.8574323718904996,0.22031476478943848,0.019655655221047556,0.41413128687960926,0.5345178048714752,0.17744335797875435,0.22947318275441064,0.000939860781823532,0.8602627303165331,0.22124461786987523,0.01972799834779327,0.4124332905348514,0.5309054058598205,0.1719893348037729,0.22928551068239278,0.0002510312973094868,0.8560054238070292,0.22404027838123883,0.019776036613316252,0.42365079729182337,0.5436763602306273,0.1794528085511677,0.23483551867868332,0.002701781191270955,0.8678186286702145,0.22865587130496137,0.020889692869444115,0.4123877546009115,0.00866394407911317,0.5379100090591022,0.005368040746535921,0.1758651067434422,0.0028305766475551354,0.23033928360660136,0.0026792879376465032,0.00044987973168482154,0.0017188444244188774,0.8603797886710691,0.004559944540051519,0.22356388308637848,0.003243881060826066,0.0200123457629003,0.000508345737334148
7,0.3985171278923585,0.5383084400437987,0.17319862203001066,0.22994017518717091,-0.00215433258572419,0.8574641159107693,0.22660757680202764,0.019197959829966048,0.41192907054993017,0.5343207645052517,0.17685397216361035,0.23036145463159902,0.000690393665044273,0.8592496493565452,0.21838145278613338,0.018991069807114673,0.4116712110593436,0.5320951119329997,0.17225347306543395,0.2283582762651176,7.92959189281281e-05,0.8568178723682349,0.22382682498236034,0.019009858519260174,0.42336429543308896,0.5418381843013411,0.18150702963111195,0.23414799462337293,0.0025505321978538937,0.8685953989278131,0.22656539113562088,0.020010159874146415,0.4113704262336803,0.008795776424042638,0.5366406251958478,0.0037362973472624887,0.17595327422254173,0.0036377222689211912,0.23070197517681512,0.002125104002201009,0.00029147229902552616,0.0016799903447116524,0.8605317591408407,0.004739975792653632,0.22384531142653558,0.0033497401622863176,0.019302262007621827,0.0004166349479329442
8,0.39892802364544394,0.5415474430774967,0.17316693374546885,0.22869405190981953,-0.002342033076322577,0.8575263774793732,0.22472343824272134,0.01895809915338828,0.4111552683476265,0.5353866334911904,0.17677692950199567,0.22919081821147033,0.0006545909639282693,0.8591333954659938,0.2210064694973633,0.018969612944136054,0.4127773457575551,0.5350644808452499,0.17346962712691147,0.2288539265210406,8.348691663502095e-05,0.858010722217986,0.2214123473707665,0.018890629315746074,0.4237544417789215,0.5456587683307554,0.1813770914767466,0.23355468773962668,0.0026290973589122545,0.8689412087102897,0.22704651782066992,0.01992651366989948,0.4116537698823868,0.008801730002704995,0.5394143314361731,0.004435276437386503,0.17619764546278066,0.003308682840798079,0.2300733710954893,0.0020179216818268226,0.0002562855407882419,0.0017727099406604611,0.8609029259684107,0.004677369716789697,0.22354719323288025,0.0024820187775825143,0.019186213770792472,0.00042847587664436424
9,0.4010868756963241,0.5390916423621115,0.17467854200570387,0.22788430302641308,-0.0022295633687365434,0.8589416740602968,0.22578551837306896,0.01879853386686319,0.41364677478965434,0.5401694828437604,0.17774758103420776,0.22964377300098376,0.001068166215965628,0.8604726820899085,0.21940411931818182,0.018499883548392555,0.41539663790598735,0.5395266785069494,0.17434968829858757,0.22988324417087141,0.0003944835943826806,0.8593584273254606,0.22208397084354575,0.018524294070209262,0.42632226658696404,0.5458631075941025,0.18183888612671217,0.23229249119614073,0.0027884229472337485,0.8705335297223904,0.22700639603758171,0.01951445568128409,0.41411313874473243,0.008952809574510967,0.541162727826731,0.0027407187894887995,0.17715367436630283,0.0030121650204000022,0.22992595284860226,0.0015692583633974016,0.0005053773472113784,0.0018042468419496647,0.8623265782995141,0.0047712283462146175,0.22357000114309455,0.0030116517020352053,0.018834291791687274,0.00040982587961359133
10,0.4032100433490698,0.5436504408209745,0.17655300192934603,0.22703189904539722,-0.002047050830795461,0.8604092506252013,0.22153922457572042,0.018219610790545036,0.4145038651714475,0.5435601094305578,0.17895911065279663,0.22815151784064397,0.0009263711810790565,0.8610681258027444,0.22108711896074718,0.017883333902521805,0.4172246046289243,0.5413369101446077,0.17560771485016435,0.22904088890245614,0.0004535012029914841,0.860327128198166,0.21978415650066846,0.01769694645985035,0.42848466524080747,0.5492868637848946,0.18211136544562367,0.23088889311050403,0.003189827517861236,0.8712815284071079,0.23129095135639482,0.019001734696111647,0.4158557945975623,0.008987557405070104,0.5444585810452586,0.0029375791602255616,0.17830779821948267,0.0025130206799144125,0.22877829972475033,0.0014112342452020862,0.0006306622677840789,0.0018599935497057149,0.863271508258305,0.004633497861403015,0.2234253628483827,0.004586686393946975,0.018200406462257207,0.0004991249159173319
11,0.4023858356998842,0.547412702947321,0.17807000800530345,0.2266442488749394,-0.0017895002570321357,0.8609998999133442,0.2198187969771242,0.017363856379956227,0.41465606971296154,0.548170089814601,0.17891871912228638,0.2264378960437113,0.0008473867929839176,0.8613323498103805,0.2242990013415404,0.01754888300620232,0.421406884359238,0.5461593454192394,0.17800747639734774,0.22882511040533202,0.00018143686246735067,0.86295224866463,0.22162314802436128,0.017194190890726678,0.4308149030233993,0.5515529041949276,0.18383653559541,0.22845309670503644,0.003369881716175289,0.8718798875285607,0.22783179889427363,0.018321749615987593,0.4173159231988708,0.010355442443620662,0.5483237605940223,0.001997855236757613,0.1797081847800869,0.0024105273607545104,0.2275900880072548,0.001059743167148593,0.0006523012786486054,0.0018444111411511355,0.8642910964792289,0.004443208855849199,0.2233931863093249,0.0030179080991739934,0.017607169973218206,0.00043121185733521267
12,0.40325738059251204,0.5489000729683959,0.17990120888037855,0.22400378628776021,-0.0016497979194884994,0.8615466997891084,0.21613287347277924,0.01651511745413051,0.4148474331785663,0.5515610479526505,0.18047940361088433,0.22209025060054402,0.00046760903797496704,0.8616383339232263,0.22364132359904187,0.017054824237121253,0.4236132910660435,0.5458053496083608,0.1808648405023347,0.22661796627125186,0.0002897047867917741,0.8654336242571131,0.2197498774974005,0.016695076147643484,0.4334141489476497,0.5527551643858831,0.18460904048568655,0.22481677187860016,0.0037315942383602738,0.8721080376485524,0.23477415740586008,0.018093499044745213,0.41878306344619287,0.011112332962603362,0.5497554087288226,0.002673641399239083,0.18146362336982103,0.0018481083116173227,0.22438219375953908,0.0016266324511440393,0.0007097775359096289,0.0019322318189641697,0.8651816739045,0.004295529325285915,0.2235745579937704,0.006990034585869347,0.017089629220910115,0.0006112900105301127
13,0.40216284566227783,0.5514119040459274,0.18146780934611365,0.22292381775376222,-0.001317596558138837,0.8619156211248675,0.21595004261363637,0.015571107283963066,0.4143333305162124,0.5543252497136578,0.18145242422924202,0.22330082037195104,0.00010331334654081477,0.8613001093536364,0.22186650656379978,0.016127519684076996,0.42683360976461904,0.547189654767721,0.1825979195069422,0.2288949954023061,0.001037684639596552,0.8679944027271022,0.2209255904634581,0.01625926553507268,0.43749054581838914,0.5517971520027192,0.18622587437943838,0.2258908212901933,0.004639877882369769,0.8725833744642575,0.235085172427399,0.017341599020765083,0.4202050829403746,0.013254474690616242,0.5511809901325064,0.002561742717056344,0.18293600686543407,0.001955386963993453,0.22525261370455316,0.002393065040283307,0.0011158198275920746,0.0022006689302096955,0.865948376917466,0.004638936426793133,0.22345682801707334,0.0070800160080324,0.016324872880969454,0.0006413164637551048
14,0.40446552606748276,0.5567260581428981,0.17913904282424972,0.22327922558263016,-0.0007259055329265882,0.8606219061604874,0.22680759861946678,0.01532504109947887,0.4141915179994672,0.5546320649161238,0.18091720293452232,0.22394936804455426,-4.0430620774026954e-05,0.8596178558708722,0.22191227411987519,0.015703510189249308,0.4309511093057837,0.5421243078091738,0.1859564269658952,0.23176476159900877,0.0010906121265421582,0.8690262631808212,0.20909289552231877,0.015421134273432113,0.44357450623094474,0.5541084458673751,0.18607187163764732,0.2254329209672537,0.0048928810608750185,0.8720720867889417,0.2356841566863488,0.016815081067291286,0.42329566490091963,0.015060684363716945,0.5518977191838927,0.005727049546995524,0.18302113609057863,0.003058598647848986,0.22610656904836174,0.003358434602661676,0.0013042892584291404,0.0021710372800602317,0.8653345280002807,0.005336495852007083,0.2233742312370024,0.009610100735154305,0.015816191657362894,0.0005932487618257928
15,0.40381551915353686,0.55474527597692,0.17628617706068014,0.2230788444771713,-0.0007978287686203737,0.857235811804371,0.23041990112522281,0.015020693460100567,0.4112464910083842,0.5505004156885154,0.1802062513687071,0.22518637844906064,-0.00012253846390064766,0.8574218401124505,0.21750472489137698,0.015066105887788422,0.4355973470985262,0.5412116838155937,0.18617679542783067,0.23276172800413053,0.0008797956584806696,0.8687069041711254,0.20996937502321006,0.015354282783327948,0.4496759978694589,0.5526305277347808,0.18562424352614076,0.2261473623510744,0.004646035966420667,0.8741563157632285,0.2355096783552436,0.01665780198524942,0.4250838387824765,0.018433134289446096,0.5497719758039525,0.005165129653335505,0.1820733668458397,0.004075062488496633,0.22679357832035923,0.0036200395259888447,0.001151366098095079,0.002104083021993105,0.8643802179627939,0.007310161821288374,0.22335091984876335,0.010137179613974276,0.01552472102911659,0.0006665758184486696
16,0.4082357557911173,0.5620174410386042,0.17459909776150842,0.22136391803737238,0.000550742364493707,0.8527821002561953,0.2417200549613785,0.014355849378950224,0.41062675684002736,0.5491130720571796,0.18385815381616857,0.22708087401761215,5.208068560911649e-05,0.853383473873138,0.2102342061933675,0.013801853504472937,0.4474388369087796,0.5383883064554538,0.19098861307648785,0.2352890813401209,0.001927428943476589,0.8709261040537061,0.20567801245389367,0.01489102282352373,0.463773941162,0.557643528250809,0.1865408682596467,0.22721610861164873,0.005417195527478287,0.8742704612743666,0.2392512130496138,0.016213968214313874,0.43251882267548103,0.023813961977076026,0.5517905869505116,0.0090226891068584,0.1839966832284529,0.005993616676919422,0.22773749550168856,0.004958627189840624,0.001986861880264425,0.0020962191404974894,0.8628405348643515,0.009831426094574073,0.2242208716645634,0.016367628240803206,0.014815673480315192,0.0008944516244972804
17,0.4188007815001723,0.5599585006674934,0.17466867160476524,0.21810448834788698,0.002260962799783605,0.8498549694950671,0.25583901840092094,0.013504415638549372,0.4125850609401182,0.5424977685739995,0.18794754900047306,0.22864373195602025,0.0005777766955582932,0.8498550247993294,0.2034848404541741,0.012810322302560826,0.4545152842777147,0.5308178824848105,0.19554311980726574,0.2361524140520722,0.001959409982197488,0.8708225788652441,0.20848562765271883,0.015209701637594993,0.47353014318150977,0.5576965465460256,0.187575119240188,0.22625765711111787,0.005766978774089,0.8702307211517744,0.23828542223707666,0.015832951073131825,0.43985781747487873,0.02517870560917542,0.5477426745680822,0.011856049095220167,0.186433614913173,0.007499866649061689,0.22728957286677434,0.006438445628812046,0.0026412820629070966,0.0019129575666833763,0.8601908235778537,0.010337944425713598,0.22652372718622266,0.0215283946574321,0.014339347662959254,0.0012271305173218218
18,0.423570734039354,0.5714478623594846,0.173835111061035,0.21340097451225934,0.002873203092826129,0.8472162678856175,0.2804401192746878,0.013198783362134654,0.4169394568484077,0.5445170698804038,0.18543063843211666,0.22380478541060897,0.0018055863593294788,0.8488298754698119,0.20575122491861866,0.012245912299699103,0.45684373669363115,0.5288974798533596,0.1926671228946142,0.22882002172462562,0.002015492851487405,0.8690835025222312,0.2563352127397172,0.01899149188045543,0.4875670389091279,0.5503594301837402,0.19103664366627165,0.22334908538947312,0.007051441450951356,0.8773049090275666,0.22184116797571302,0.01685260007881867,0.44623024162263014,0.028252347000442008,0.548805460569247,0.015246402618959235,0.18574237901350937,0.007380066536192229,0.22234371675924175,0.005591526012353004,0.0034364309386485923,0.0021251026857430407,0.8606086387263068,0.012929458794931238,0.2410919312271842,0.029155595269366882,0.015322196905276964,0.0027284735447760883
19,0.4150149722326573,0.5535261795616098,0.16782234839051052,0.20269362028923027,0.0005842312826466398,0.8392894707936435,0.27005155642023343,0.012424689573684037,0.4163611490671195,0.557001157189919,0.1793878637636572,0.21465360198788927,0.0009836690861593032,0.8464967995434387,0.23064973566722616,0.01248270480158781,0.46931849447182766,0.5436825787269531,0.18711045113517003,0.22328554017418065,0.0032597023735040113,0.8662244899363992,0.2605965435606061,0.019624075888600958,0.5054245729524016,0.5553749399305474,0.19259636924473833,0.21919153454544957,0.006658538430596573,0.8731887504818776,0.22096194358567292,0.015472280914620055,0.4515297971810015,0.03805013422420615,0.5523962138522573,0.005178865025123941,0.181729258133519,0.009299672147715871,0.21495607424918745,0.007710032313579495,0.002871535293226632,0.0024128750950506606,0.8562998776888398,0.013867103485847384,0.24556494480843466,0.020330483529459924,0.015000937794623213,0.0029399882004806093
20,0.4165321221918229,0.5503552826454402,0.16291071164678278,0.20088086440679828,0.00021691540002005618,0.8363668701535913,0.2715966083124678,0.01278809844719864,0.41325817407254584,0.5558782343131128,0.17651273979537382,0.21424855263942574,0.0005988039943035323,0.8445933381614739,0.23423693870252485,0.012603496817358017,0.475716442802518,0.5503169028569409,0.18649609927305513,0.2234953204511782,0.0032543766563374638,0.8676981564047503,0.2622968006246727,0.01891566543461306,0.5165761687479511,0.5579031345471286,0.19146510186110496,0.21742215683081884,0.005343319933177101,0.8723499825283781,0.22050644744782383,0.014401547307905337,0.45552072695370943,0.043133132823409664,0.5536133885906556,0.003354605754050742,0.17934616314407917,0.010910346191441789,0.21401172358205528,0.008277155538032916,0.0023533539959595382,0.002085338924657498,0.8552520868120485,0.015145156133776363,0.24715919877187226,0.02063787739418781,0.014677202001768763,0.0025450699014736644
21,0.41390741831787464,0.5453333287937634,0.16074990617924573,0.19904651008054583,-0.0005335765397570123,0.8350029375924519,0.2713396185244526,0.012577290207316766,0.4105445395456949,0.5546404148932068,0.17636605841417619,0.2125288000991753,0.0008881104374602084,0.84565187423903,0.24152894137104436,0.012930814245100532,0.48294901236398763,0.5502015752089753,0.18763405871343083,0.22175316443242812,0.0032886656712682455,0.8699940497549153,0.2642648968549099,0.01964887377970887,0.5216031938165203,0.5555944580883678,0.19004159147315058,0.21587499668811716,0.004146486533607525,0.8721962192566551,0.2202614304812834,0.01430815366331406,0.45725104101101943,0.04706844008902506,0.5514424442460784,0.0040720781789957425,0.17869790369500083,0.011576940832543061,0.2123008678250666,0.008334420505118328,0.0019474215256447417,0.0018649607334669024,0.8557112702107631,0.015857000218351843,0.24934872180792259,0.020083023298492805,0.014866282973860057,0.002835939448788253
22,0.4106240541958787,0.5405968889129629,0.1584571441410607,0.1996783946895592,-0.0009602864930265959,0.8335543583703352,0.26646751990030776,0.012493299127451429,0.4088581695133568,0.550798830033604,0.1754622293356112,0.21291428991102404,0.001060985951831708,0.8460656014114785,0.2440416272059966,0.013154837291744617,0.4893154240969274,0.5455624247080766,0.18791823557671758,0.22005112502206484,0.002802399923540428,0.8715019355506866,0.26760755120520135,0.020497024240580794,0.5251394169204991,0.5526334405025678,0.19026879439635047,0.2166514237284599,0.003231057458312061,0.8732047037819931,0.22321186425375075,0.014637358753411801,0.4584842661816655,0.05036570951617088,0.5473978960393028,0.004706376812387049,0.178026600862435,0.012621958817275231,0.212323808337777,0.007724875936411959,0.0015335392101644002,0.0016533336726596006,0.8560816497786233,0.01687293894658938,0.25033214064131415,0.018261094056765643,0.01519562985329716,0.0031576840683334574
23,0.4019618314688692,0.5397829586248419,0.1544471730998912,0.2044236256612596,-0.0009368232605566486,0.8306636037041467,0.25768901886801177,0.012764732378882596,0.4113791180598976,0.5538637286686154,0.17377007425947472,0.21398501639891496,0.0012616556530284024,0.8469693556160838,0.2503294031877604,0.012958672212960376,0.49659528089575694,0.5479627491205051,0.18928177171765734,0.22049563336535238,0.0025153789300027176,0.8728278295947793,0.2711788142005002,0.02034008252171858,0.5269369673152574,0.553132682134887,0.1878493905939491,0.21719732948379858,0.0021798098288301057,0.8717761041813296,0.2247165199095737,0.014736332426489706,0.4592182994349453,0.05373487489794426,0.5486855296372124,0.005620700420143986,0.17633710241774309,0.014016560575280668,0.21402540122733138,0.006002515259031712,0.0012550052878261442,0.0013461019435594516,0.8555592232740848,0.017711364224502493,0.25097843904146155,0.016905595835429877,0.015199954885012815,0.0030655144175194757
24,0.3985853298047875,0.545745163640066,0.15023704686307565,0.2089961551791473,-0.0009690800274927453,0.8280229017893435,0.2552085236202723,0.013524696888403288,0.41297937574047877,0.5566822684212939,0.1716058623185259,0.2164502394687017,0.001669092448989762,0.8476921882527373,0.2580242741994983,0.013393357780523946,0.49997031609939996,0.5529468152168562,0.18841594658755653,0.2238561269469743,0.0027033042118885316,0.8741736570164055,0.2749464217412258,0.02066273774945241,0.5299183742797836,0.5577938567178561,0.18729937598027505,0.22165374238374685,0.0017477397857397648,0.8711395401712593,0.22223731299669489,0.014900074335779213,0.4603633489811124,0.05583094563507624,0.5532920259990181,0.004712603459128532,0.17438955793735827,0.01544745717714797,0.21773906599464254,0.005719324463335357,0.0012877641047813284,0.0013651088020171609,0.8552570718074364,0.01876844077878189,0.2526041331394228,0.01908849394553495,0.015620216688539714,0.0029705103722660405
25,0.399651309896224,0.5482207571806428,0.14636905595011188,0.213130550202981,-0.001158070872393186,0.8271131121942266,0.2522636096141086,0.014283272835474741,0.41327771454316886,0.5585962387717982,0.17048731566038006,0.2215637135705655,0.0021281349169732693,0.8495716688076815,0.2546708418857479,0.013246264738728853,0.5022962887819283,0.5545459849665356,0.18565164823979427,0.22800812852664668,0.002236207606586168,0.8756079175247218,0.27832536678733966,0.020819289833565284,0.5297570937591455,0.5613955330433746,0.18744046669500003,0.22650440535861607,0.0013650804926496102,0.8713617769683057,0.22187348647318775,0.015046507211225102,0.46124560174511664,0.055842990686316096,0.5556896284905879,0.0049522138798465155,0.17248712163632157,0.016454937467733046,0.2223016994147023,0.005806906909673537,0.0011428380359539653,0.0013702044077253776,0.855913618873734,0.019340375536076315,0.25178332619009597,0.020047735844833513,0.015848833654748495,0.0029399620741172687
26,0.3979852172758646,0.5479754866491695,0.14400739916070743,0.21798333320052674,-0.0013248506220462464,0.8261323277441943,0.2523636493106852,0.01441144536061521,0.41402216369446915,0.55751146856062,0.16962493799180003,0.22291044728297094,0.002667716135104465,0.8505256540417054,0.2629378561480968,0.013180062884405727,0.5014896443101912,0.5549388400933966,0.1854928674164752,0.22968369062354896,0.002057253430235952,0.8769220649929655,0.26866689181986747,0.020531491103793507,0.5311576966156489,0.559564316836675,0.1865301955788936,0.2304496703862815,0.00045848935899417984,0.8707076291381302,0.21954295941956325,0.015006981235273166,0.46116368047404344,0.056434002319763185,0.5549975280349653,0.004372869950737844,0.17141385003696907,0.01718310499337642,0.22525678537333205,0.005122791079979713,0.0009646520755720876,0.0015485661278372461,0.856071918979249,0.019849891553404424,0.2508778391745532,0.019013000318467844,0.015782495146021903,0.0028198765763354015
27,0.3974624829116125,0.5440902763993776,0.14230270859318828,0.22368703877713791,-0.0019335025468677157,0.825234926308039,0.25313240650959123,0.014259455865098733,0.4098975436513399,0.5538622099390239,0.1687848087243302,0.2290075151795907,0.002876112230946243,0.8514813958986319,0.26514968828390145,0.01324784957167877,0.5013476285706221,0.5493305388247619,0.1840354736349746,0.23541188930267873,0.002158664055871879,0.8769372986256757,0.2745200485835603,0.020930756388566993,0.536509829277297,0.5544899558069315,0.1870693956594874,0.23711593832012912,-1.2643852699802187e-05,0.8738808969074877,0.21759949529764558,0.014894215382587495,0.4613043711027179,0.05911381396152378,0.5504432452425237,0.004173233598845092,0.17054809665299514,0.017718449351483947,0.23130559539488413,0.005337258476499505,0.000772157471812651,0.0018898105322863999,0.8568836294349585,0.020747778714481212,0.2526004096686747,0.021582990938285255,0.015833069301982996,0.0030011448072938137
28,0.3987044330516434,0.5365572309682332,0.1386858152062342,0.22937814851317248,-0.0027300104849160138,0.8235228600441521,0.25013444428260634,0.01483811760822257,0.4085008005482806,0.5413806569022109,0.1681821248907037,0.23150594008109598,0.0021107901497975485,0.8518568710873416,0.2702492158470495,0.013242496558187279,0.4996323543867502,0.5402354751351265,0.18489621002492926,0.23846746263214857,0.0020163578025881425,0.8790627573379624,0.275793445552127,0.020838216893356996,0.5352276631940194,0.5449688238592735,0.18811184929286778,0.24075392643650434,0.0008364470172467036,0.8765752337536344,0.21499745153743313,0.015017281979448606,0.4605163127951734,0.058391293400532715,0.540785546716211,0.0030014661666452314,0.16996899985368374,0.0195819761074386,0.23502636941573035,0.004715449448741411,0.0005583961211790953,0.001963829791018132,0.8577544305557726,0.02244353498585371,0.252793639304804,0.02381864483838776,0.015984028259803863,0.002886470723611853
29,0.3980512105923398,0.5322968830208357,0.14131528213832417,0.23358684687770215,-0.004012914019463947,0.8268466212126369,0.25226833887050865,0.015446915946691205,0.4116690778584766,0.5337170227976671,0.1697153446185929,0.23721914422642673,0.0007980300003103077,0.8556305392668898,0.2571701702840098,0.012916653607146179,0.4928152341258869,0.5330543282674224,0.18635412048107575,0.2448476218614789,0.0025264670837231913,0.8817530218122543,0.25334523274054344,0.019199002608036746,0.5290049302826169,0.5420649512376432,0.18925859918428087,0.24607289772341306,0.0023760813337572783,0.8793616238215862,0.2152198067996138,0.015460988237306548,0.45788511321483005,0.05475892519424087,0.5352832963308921,0.003947499814489945,0.1716608366055684,0.019040820976384192,0.24043162767225523,0.005208070815680035,0.0004219160995817075,0.002648446547432434,0.8608979515283418,0.022153328639848882,0.2445008871736689,0.017003294951059306,0.01575589009979517,0.0022415797856302658
30,0.4027344903600351,0.5381877433508657,0.14081025931427552,0.23888578304864905,-0.003243511969268133,0.8282285532170636,0.2563343664847144,0.015791700202755818,0.4164156060855272,0.5407579197970693,0.1728823212039134,0.24436400419882254,0.0026592832005102275,0.857875951856274,0.251651678674616,0.012982527770329579,0.47767728426396294,0.5349135847899433,0.18473626587186293,0.2506770467839136,0.001751229008440285,0.8788528376091772,0.257126275282836,0.018995173117470482,0.5211792810294622,0.5407225553776287,0.1951277238834861,0.2528635306259463,0.0022824826180554893,0.8817418614105306,0.2138361410056447,0.015643889557401803,0.45450166543474685,0.047732070093077575,0.5386454508288767,0.002393387176993857,0.1733891425683845,0.020389725518247998,0.24669759116433287,0.005484634231978414,0.0008623707144344672,0.002392381344005011,0.8616748010232613,0.021394243389522352,0.24473711536195275,0.017962940454750536,0.01585332266198942,0.0021307479407103743
31,0.40675611897840847,0.535533979522216,0.1465119848724221,0.24168971814907048,-0.004502272567696916,0.8317886192321604,0.25805015695984795,0.015965629878492503,0.42199361491062803,0.5257602392242725,0.17417783387591174,0.2501586608934215,-0.0012114451823247202,0.8588311956678137,0.23040056002259274,0.01207891431451126,0.4751143328673732,0.5305731193900625,0.18628514995227555,0.25376063586003716,0.00305675232773185,0.8793192445390295,0.24381511627006966,0.01813471868699751,0.5185658958849432,0.5349337498551398,0.19712654280880276,0.2587447435289812,0.004986000067088749,0.8799744088937478,0.2110461125965538,0.015683555226054052,0.45560749066033823,0.044330088087659855,0.5317002719979227,0.003927695087082909,0.176025377877353,0.01887442628263421,0.2510884396078776,0.006224148055365871,0.0005822586611997405,0.003694113174076716,0.8624783670831879,0.019652538735569915,0.23582798646226605,0.017329291201924862,0.015465704526513831,0.0021732101148888004
32,0.4226111506631007,0.5335171101741019,0.14991768040029824,0.2427751119927419,-0.004336843591801703,0.8368384094142161,0.2599810138001669,0.016940524726705042,0.424413031737908,0.5255058121000926,0.17391880081454783,0.2516131665605184,-0.0006103210902020681,0.8585409701005657,0.23034744885638717,0.012413724468193044,0.4670176249280545,0.5342962811476728,0.18292205401643974,0.2538200268818813,0.002878283941562974,0.8781054487064484,0.24644426053711302,0.018886644882301185,0.5173263252955667,0.5350126385672159,0.19723252525074567,0.26056274245696415,0.003981349152326493,0.8812118110592582,0.2087040728516785,0.015864736454180517,0.45784203315615746,0.03866938618840485,0.5320829604972708,0.00383397535950192,0.17599776512050785,0.017199954404749376,0.2521927619730264,0.006358707148045943,0.00047811710297142383,0.00325584013110564,0.8636741598201221,0.01776470128127138,0.23636919901133638,0.01910919505584052,0.016026407632844946,0.0023502225640688926
33,0.4133891305346472,0.5318226068496397,0.1472078792290006,0.24322565285337852,-0.0034869008371456725,0.833545634932046,0.25328282104635275,0.016754620773035543,0.42852526187137807,0.5266586101039197,0.17825472707000642,0.25088880340404424,-0.0007541170874655412,0.8622975912794715,0.24829527599164627,0.013131241305263837,0.46760992495630754,0.5271226742104252,0.18279641343082623,0.2551583926341953,0.0015721247555138295,0.8773142903076749,0.22747945743012285,0.018142955740235486,0.5087472625167062,0.531891406048788,0.19779036008848155,0.2611197821593639,0.00421939798397785,0.8808195515641413,0.21142654799372398,0.016066960035885616,0.45456789496975974,0.03701151102379009,0.5293738243031931,0.0024887154665428775,0.17651234495457868,0.018398580458492648,0.25259815776274547,0.006518025497682337,0.0003876262037201166,0.0028460959808371093,0.8634942670208334,0.01863807343165418,0.23512102561546147,0.016757338096682797,0.01602394446360512,0.0018298687494862692
34,0.4110868465343558,0.5299545956338884,0.14628227444521885,0.245354885993406,-0.0035241079558637088,0.8348905216401111,0.2533732111686792,0.01747690997120029,0.42519305705663946,0.5194801811036671,0.1801675171484006,0.2516559455992996,-0.0014087827078017477,0.8636972104866598,0.24270084954542687,0.012841152203264768,0.47137896212288755,0.5165731609565151,0.1858781989444515,0.25336118541176567,0.00032661389825547967,0.8810533073389029,0.22715784901010166,0.018053405520811708,0.5122593966483011,0.526292472779896,0.20170967861543132,0.2639612970147691,0.004719717219802693,0.8832805189761233,0.20884494399416964,0.016023436290830244,0.454979565590546,0.03988648307828127,0.5230751026184915,0.00531219354358165,0.17850941728837555,0.020210697042146036,0.2535833285048101,0.006692788077016646,2.83601135981791e-05,0.003032457571494019,0.8657303896104493,0.019352197047377794,0.23301921342959434,0.016783698917675068,0.01609872599652675,0.0020209910111772486
35,0.4252482201017673,0.5297056918371096,0.1423981749453729,0.2486109697185894,-0.003693974681245084,0.839738398074936,0.26175776205636125,0.01725148685729979,0.4274684618998799,0.5212486685765821,0.18503690393129016,0.2579618983550019,-0.0019006180464624977,0.8673496934161234,0.23659656523436742,0.013271397537201426,0.47309426159054835,0.5127775346477241,0.18356948488300306,0.25869748022465083,0.0009987129981133087,0.8809952807537644,0.22649194872086395,0.018607979901836803,0.5130693478778583,0.5289632795120065,0.2073852262128229,0.2707341577726996,0.0056885689059749875,0.8857856381677359,0.20342047088532383,0.016156035225834413,0.4597200728675135,0.03624047844344641,0.5231737936433556,0.006855146757434205,0.17959744749312223,0.023459066965813687,0.25900112651773544,0.007854800713358825,0.0002731722940951787,0.003546707957592494,0.8684672526031398,0.01791280260697663,0.23206668672422914,0.020938977645710583,0.016321724880543106,0.001963629886143805
36,0.4254796615893658,0.5284469508450127,0.1444815053448765,0.2492503490370373,-0.003935080969323949,0.8413467398335739,0.2625458784919462,0.017260006945362682,0.42999095428242,0.5166474157048665,0.1862032904876688,0.258001747016904,-0.0021453664366411535,0.8683278981343757,0.23999424908181408,0.013644985324089177,0.47286251344062363,0.5079648988369689,0.18240689012843567,0.26057070156722956,0.001067500863093806,0.8802740154998833,0.21944021495036506,0.01771777510848592,0.5121223900185539,0.5268801970269362,0.20850045663031727,0.2718344403528394,0.0051586809611339265,0.8864296142065807,0.2017731876206922,0.016750603757558116,0.4601138798327408,0.03526447400591621,0.519984865603446,0.008288103748265553,0.18039803564782456,0.023008040410689254,0.2599143094935026,0.008060681083229153,3.64336045656573e-05,0.0034580954694711278,0.8690945669186034,0.017291714952711437,0.23093838253620438,0.022714857317271398,0.016343342783873973,0.001595018172416729
37,0.43499949900889356,0.5274053663606751,0.14388478460958043,0.24839360471010016,-0.0037378641114105635,0.8433722880378479,0.2632059548101755,0.017851778988889132,0.43444788339916146,0.5178614222147326,0.1899522608492578,0.25913428215617723,-0.0018212990971168339,0.8707275996351265,0.2204804223228179,0.013416840308525357,0.46474989442556924,0.50638741586156,0.17962293088918943,0.25986980831204737,0.00015294341337561,0.8772958123941095,0.22854473077639748,0.01795807186566089,0.5056042285737736,0.5261190201773598,0.21123836101801882,0.272050915304466,0.004435921753964032,0.8880302038130818,0.20048409297478462,0.016865524448968165,0.4599503763518495,0.029069885721423053,0.5194433061535819,0.00838030710329197,0.18117458434151162,0.024360906517477837,0.2598621526206977,0.008375908621779869,-0.000242574510296939,0.0030312613892294407,0.8698564759700413,0.016490900346941215,0.22817880022104386,0.022656661799028147,0.016523053903010888,0.0018432739810175605
38,0.44000298646961095,0.5267015383938789,0.1448371283911416,0.2492426651168003,-0.0030906487415100466,0.8443166929162509,0.2578190092270843,0.017784215786981642,0.4408384532187039,0.5186667899856402,0.19125017608561404,0.2601384730481934,-0.0009526308179392561,0.8722759457654315,0.22052359730113635,0.013357067009525249,0.4628313237590759,0.509081970659616,0.1764684252954156,0.26213523435310104,1.1575425774320311e-05,0.8743555825591323,0.22791307634104363,0.018254077795731266,0.5005399038857997,0.534148460489295,0.21062627613202153,0.2721983024204723,0.0032149594924512043,0.8884995250894655,0.20145071883819818,0.0167301904586499,0.46105316683329767,0.024566791533337823,0.5221496898821074,0.009321825174351681,0.1807955014760482,0.024035928944778143,0.26092866873464177,0.008149348651633768,-0.0002041861603059447,0.0022709549585486757,0.8698619365825702,0.01601514497141373,0.22692660042686563,0.02028135256804255,0.016531387762722016,0.0019139666771056632
39,0.44245974278097977,0.5269258878205656,0.14715800954204605,0.2489297035597742,-0.0028821955191622455,0.8477277365934495,0.26674535328103655,0.017833055577898733,0.4487604750290975,0.5159441781481685,0.19553592739882136,0.26080141111926236,-0.0008597106807629751,0.8740707797721882,0.22165967288984587,0.013850658577271342,0.4618956941387337,0.511509604742579,0.17463011622080202,0.26345043236679905,-0.0001657889304876154,0.872554220882995,0.23091897098936676,0.01791805786898551,0.49327826766681765,0.5335255984566344,0.2126294452379048,0.2744905597686336,0.0029226214687208298,0.8869694525696459,0.19140767191677807,0.01686199490473627,0.46159854490390717,0.019588280404451614,0.5219763172919869,0.008715258431047451,0.18248837459989356,0.024437213901750986,0.2619180267036173,0.009087907119348145,-0.00024626841542300156,0.002084032338668067,0.8703305474545696,0.01420100598160325,0.22768291726925682,0.026872471272151637,0.016615941732222965,0.0016495609747532928
40,0.44262192063236316,0.5253585860328569,0.14512541695742479,0.24837249255291666,-0.0017850054570598991,0.8453256732986181,0.25551725672841946,0.017746380945339986,0.451290034059811,0.5166279751776127,0.19549653938007036,0.2590027168619747,-0.0004499516095152695,0.8737310545565733,0.22332694021057273,0.014139054599813707,0.4593867979432317,0.5109504655793581,0.17303312534827597,0.2634057360038012,-0.0005056893953664849,0.868986323760707,0.22976049076287122,0.017735957032483096,0.48959672537661125,0.5345529474725462,0.2105707185453776,0.2728008343516628,0.0015268273678315243,0.8874219562811125,0.1968801464321524,0.016578228513828806,0.46072386950300426,0.01769256461581099,0.5218724935655935,0.00894067140139153,0.18105645005778717,0.0246729664969916,0.2608954449425888,0.008781324136125979,-0.0003034547735275323,0.0011839853578146436,0.8688662519742527,0.01518349208932365,0.22637120853350395,0.020856471854669108,0.0165499052728664,0.0014706525749686955
41,0.4509231988905246,0.5263570483701789,0.14399968647929604,0.247365273443869,-0.002800206539619284,0.8466592400386752,0.26139813851492727,0.017254111828015405,0.4519585370580982,0.5197182976500495,0.20024160993531825,0.2594182543153966,4.209775421953454e-06,0.8755619878272122,0.2243900781880864,0.01479554221910856,0.4602371700010582,0.5129955953807941,0.17014949316631656,0.2629856646045566,0.0012644515020405142,0.867704906224025,0.22840980389823706,0.01721155856601304,0.4845929391571706,0.5366305813957482,0.21266658831749882,0.2732440244922079,0.001424433833762576,0.884577664089444,0.19387983082200683,0.01680447164952193,0.4619279612767129,0.013574371181445508,0.5239253806991927,0.008724890934712917,0.18176434447460743,0.026727477330678064,0.2607533042140075,0.009246935331712555,-2.6777857098560112e-05,0.0016930856091757888,0.8686259495448391,0.014017404104310053,0.22701946285581437,0.02392161816932423,0.016516421065664734,0.0010089351996824408
42,0.44797948958469014,0.5275506531308548,0.14559351173338736,0.2464891091327455,-0.0029352321620517356,0.8473062661684729,0.2602263548277464,0.017583319847050315,0.4530253223619514,0.5203848776161232,0.1983179006146143,0.25855763510778806,0.0003898992385125608,0.8755892689861675,0.2217302035445306,0.014291401818608935,0.4605014226020316,0.5148420197675437,0.16906052572721095,0.2634996352390889,0.0013019630156182415,0.8638534201641053,0.22359310918703515,0.017172895195524403,0.4859311854390247,0.536051794721257,0.21110203506720085,0.2729828523994679,0.001090961378914184,0.88502221993381,0.19402410994132502,0.016910970309938555,0.4618593549969245,0.014594415007802047,0.5247073363089446,0.007949674629059158,0.18101849328560335,0.025505936986134074,0.2603823079697726,0.009550416930783475,-3.810213225168734e-05,0.0017063928764888205,0.867942793813139,0.014078038120186345,0.2248934443751593,0.02352141223222193,0.016489646792780553,0.0012915827114502714
43,0.45192082509846937,0.5302355116436872,0.14289935771375525,0.2465580993202446,-0.0037360471769242558,0.8437199028226154,0.26000954313101254,0.017089487305029634,0.45142922235496175,0.5224793506230488,0.1991064461186115,0.2605307592533672,0.0006789911409818728,0.8740545620972003,0.21898281311812642,0.014481251105854631,0.4636580812583606,0.5160469566126852,0.1693043699308956,0.2630296150094747,0.0019317890433847794,0.8650850006691716,0.22504763006793033,0.017301925063708014,0.4861355730638538,0.5403724337453175,0.21097907655912723,0.2718835370932766,0.001326622138257034,0.8869590196218637,0.19965124747010546,0.01673853210225355,0.46328592544391134,0.014071174527267104,0.5272835631561847,0.00907433630973762,0.18057231258059742,0.026525004531606836,0.2605005026690908,0.009087923422532935,5.033878642485761e-05,0.0022305087261606823,0.8674546213027128,0.015755417604424345,0.22592280844679366,0.021800400626714005,0.016402798894211458,0.0011275007241845555
44,0.4535895237990049,0.528464671446114,0.1447391758603351,0.24524859482763298,-0.0031917943787047767,0.8454756897284219,0.26007443951994197,0.01682572494638815,0.45320667384656593,0.521611421080226,0.19821516230965205,0.25854901034351363,0.0009138993420089872,0.8734330353148143,0.2204467421457219,0.014374998008970699,0.4607150876891834,0.5142329225115726,0.16741735022881254,0.26186325099115987,0.0009507846068234986,0.8603845877324462,0.21965234224000543,0.017364161970882766,0.4871430892016034,0.5350388956037992,0.20943297074185954,0.27214912533688373,0.0009972001175087022,0.8844017631836336,0.20064911715964798,0.016900857142864253,0.4636635936340894,0.013881772706474787,0.5248369776604279,0.007747410741306354,0.1799511647851648,0.025493779434491638,0.25945249537479753,0.009612273807370751,-8.247757809089716e-05,0.0017954075165987245,0.865923768989829,0.014548469203396995,0.22520566026632932,0.02163528494593731,0.016366435517276467,0.0011681004536535497
45,0.4574094253791945,0.5281604981040586,0.14372719724366653,0.24627348410188496,-0.003671169626988244,0.8453935769782376,0.25876625871902825,0.017116955448986074,0.4485413228640352,0.5192639543705347,0.1964285272585419,0.2596829711387868,0.0017975997361203053,0.8712831816866237,0.22237046619689543,0.01459605277801433,0.4613927987484008,0.5180038117331415,0.16704347670108147,0.26099654452439397,0.0018022056013892146,0.8620119272662182,0.21958387856731335,0.017877379463479007,0.49028669198013936,0.5344605288489439,0.20961704342391924,0.2719002744778031,0.0001897886660677607,0.8861525637707199,0.20267035905934344,0.016804397323561225,0.46440755974294246,0.015648719008877376,0.5249721982641696,0.006733055256531647,0.17920406115680226,0.025632593559206118,0.2597133185607172,0.009093935268156496,2.9606094147259136e-05,0.0022354703042997805,0.8662103124254499,0.014785045687140848,0.2258477406356451,0.020445948590570324,0.01659869625351016,0.0012202988532853077
46,0.45871609605013763,0.5266371247571701,0.14386310271688024,0.244695181090588,-0.00340362463127439,0.8455787729444217,0.2618451932231447,0.0175919244122206,0.4490595373611289,0.522288480240123,0.19729533819959166,0.258750784146982,0.002042706104880893,0.8733292950199621,0.2247934944610876,0.015021283719279702,0.46237842982445204,0.5170014900012692,0.1667070708950973,0.2610652437727327,0.0011327021188685738,0.8604237160203927,0.21711429387683703,0.0181142311151168,0.4897722663545432,0.5369524579939207,0.2098185107421887,0.2713383786714431,3.7176741486460595e-05,0.8862978359191358,0.20235428749814321,0.017141749202564033,0.46498158239756543,0.015117227355617975,0.5257198882481207,0.00732797678107417,0.17942100563843946,0.025833644138391124,0.2589623969204365,0.009502435433703691,-4.775991650961564e-05,0.0020635273818895815,0.866407404975978,0.015109419667120748,0.22652681726480314,0.02192771579602917,0.016967297112295283,0.001175055161283432
47,0.460076253718975,0.52565667933741,0.1422414854694281,0.2434113262713887,-0.0030053586123960597,0.8441229650721728,0.2548316874397442,0.017505484928471454,0.44554068457396717,0.5221159671107697,0.1936863202991546,0.25790488974338843,0.002394441718623623,0.8715323528932682,0.22658572591726084,0.015168178599409818,0.46172467207735307,0.5152213803808972,0.16501786958069656,0.2604782973893337,0.0007750869329811484,0.8584555289693221,0.21584815219396067,0.018495764342120326,0.4946090744291314,0.5372570217011315,0.20722525187832788,0.27166384943502164,-0.00032020038405419717,0.8867847622583204,0.206381555235257,0.016806503887460945,0.4654876711998567,0.017953982866231805,0.5250627621325521,0.007977924224921011,0.17704273180690178,0.025217640720149814,0.2583645907097831,0.010064162668983759,-3.900758621137136e-05,0.001966134100556651,0.865223902298271,0.01577757633847913,0.2259117801965557,0.018162609486267616,0.01699398293936564,0.0012130222122063179
48,0.46048136953169916,0.5242036024435528,0.1418710062250007,0.24204544752874899,-0.0033650740481183626,0.8433846498564975,0.25426786880015534,0.01784523116109526,0.4451247564105949,0.5231296851082142,0.19362683817596388,0.25556426545651134,0.0026738394851451466,0.8716114334197523,0.23112018245280025,0.01574874379599148,0.4647826570182978,0.5130054066193596,0.16499110753121726,0.25929546873393133,0.001176052966901001,0.8574366550199237,0.21486160402417856,0.01950760888089513,0.49308109931947164,0.5405042812313502,0.2079917983407527,0.26968470780659726,-0.0005867736367856959,0.8862727719158826,0.2056312237262329,0.017368622607110952,0.4658674705700159,0.017327930381681452,0.5252107438506192,0.009851493311267038,0.1771201875682336,0.02556924536375715,0.25664747238144725,0.009891585556100221,-2.5488808214477708e-05,0.002247106256168561,0.8646763775530141,0.01597068016718501,0.22647021975084175,0.018461819792489342,0.017617551611273208,0.0013396420006319904
49,0.4663595685463401,0.5242029832957714,0.14147790941501517,0.24220217618426662,-0.003438615087762889,0.843222130490916,0.2513184680173213,0.017699077295652232,0.44600543186991726,0.5224790867236804,0.1949574853636003,0.2561117392770475,0.002917769234511965,0.8713672378876721,0.23122800209291722,0.01566984794481947,0.4658598741888041,0.5128401406825448,0.16466931415335032,0.2590627711028056,0.0012073079067185693,0.8564987740840564,0.21148554650363935,0.018937637716584927,0.49327953172565686,0.539828969592214,0.20813344253132832,0.2694733744846025,-0.0008528246799278168,0.8859379785526057,0.20927748417075165,0.017069407657451737,0.46787610158267956,0.016807925973093683,0.5248377950735527,0.009677880907099442,0.17730953786582354,0.026005980094252177,0.25671251526218053,0.009737480456350254,-4.1590656615042815e-05,0.0023725215601287796,0.8642565302538127,0.01599434366863956,0.22582737519615736,0.01701873619935935,0.017343992653627092,0.0011772793971531546
