sequence,frame,label,x_px,y_px,z_slice,voxel_count
01,15,1,314.0,1394.0,4.0,9
01,15,2,362.0,1340.0,5.0,9
01,15,3,346.0,1401.0,4.0,9
01,15,4,360.0,1483.0,3.0,9
01,15,5,327.0,1490.0,5.0,9
01,15,6,356.0,1449.0,5.0,9
01,15,7,373.0,1507.0,4.0,9
01,15,8,487.0,1191.0,5.0,9
01,15,9,487.0,1160.0,6.0,9
01,15,10,434.0,1195.0,6.0,9
01,15,11,463.0,1212.0,5.0,9
01,15,12,375.0,1377.0,4.0,9
01,15,13,439.0,1282.0,6.0,9
01,15,14,398.0,1362.0,5.0,9
01,15,15,464.0,1260.0,5.0,9
01,15,16,367.0,1296.0,5.0,9
01,15,17,374.0,1262.0,6.0,9
01,15,18,403.0,1264.0,5.0,9
01,15,19,386.0,1315.0,8.0,9
01,15,20,369.0,1427.0,4.0,9
01,15,21,339.0,1356.0,5.0,9
01,15,22,329.0,1435.0,5.0,9
01,15,23,409.0,1212.0,6.0,9
01,15,24,440.0,1227.0,6.0,9
01,15,25,513.0,1176.0,7.0,9
01,15,26,459.0,1178.0,6.0,9
01,15,27,476.0,1237.0,6.0,9
01,15,28,412.0,1295.0,6.0,9
01,15,29,427.0,1250.0,6.0,9
01,15,30,410.0,1332.0,6.0,9
01,15,31,356.0,1526.0,4.0,9
01,15,32,332.0,1570.0,4.0,9
01,15,33,329.0,1537.0,4.0,9
01,15,34,341.0,1604.0,3.0,9
01,15,35,355.0,1647.0,4.0,9
01,15,36,315.0,1607.0,4.0,9
01,15,37,327.0,1640.0,4.0,9
01,15,38,361.0,1574.0,3.0,9
01,15,39,420.0,1746.0,3.0,9
01,15,40,396.0,1710.0,3.0,9
01,15,41,377.0,1607.0,3.0,9
01,15,42,424.0,1816.0,4.0,9
01,15,43,448.0,1869.5,3.0,12
01,15,44,409.0,1875.0,3.0,9
01,15,45,422.0,1902.0,3.0,9
01,15,46,399.0,1686.0,5.0,9
01,15,47,425.0,1693.0,5.0,9
01,15,48,387.0,1652.0,4.0,9
01,15,49,419.0,1658.0,4.0,9
01,15,50,373.0,1684.0,5.0,9
01,15,51,423.0,1783.0,4.0,9
01,15,52,427.0,1720.0,5.0,9
01,15,53,424.0,1850.0,3.0,9
01,15,54,445.0,1770.0,4.0,9
01,15,55,477.0,1769.0,4.0,9
01,15,56,455.0,1741.0,4.0,9
01,15,57,446.0,1700.0,6.0,9
01,15,58,464.0,1801.0,3.0,9
01,15,59,461.0,1890.0,4.0,9
01,15,60,447.0,1825.0,4.0,9
01,15,61,470.0,1852.0,4.0,9
01,15,62,515.0,1147.0,4.0,9
01,15,63,894.0,882.0,4.0,9
01,15,64,912.0,842.0,3.0,9
01,15,65,909.0,921.0,3.0,9
01,15,66,889.0,987.0,3.0,9
01,15,67,859.0,981.0,3.0,9
01,15,68,773.0,988.0,4.0,9
01,15,69,927.0,879.0,3.0,9
01,15,70,962.0,737.0,3.0,9
01,15,71,957.0,654.0,4.0,9
01,15,72,993.0,759.0,5.0,9
01,15,73,964.0,775.0,3.0,9
01,15,74,999.0,808.0,3.0,9
01,15,75,974.0,880.0,4.0,9
01,15,76,964.0,814.0,4.0,9
01,15,77,873.0,926.0,4.0,9
01,15,78,925.0,802.0,4.0,9
01,15,79,947.0,616.0,4.0,9
01,15,80,930.0,762.0,5.0,9
01,15,81,943.0,918.0,4.0,9
01,15,82,824.0,958.0,4.0,9
01,15,83,896.0,956.0,5.0,9
01,15,84,853.0,948.0,4.0,9
01,15,85,946.0,848.0,4.0,9
01,15,86,979.0,683.0,4.0,9
01,15,87,998.0,650.0,5.0,9
01,15,88,982.0,624.0,6.0,9
01,15,89,1011.0,686.0,4.0,9
01,15,90,1002.0,722.0,4.0,9
01,15,91,952.0,698.0,5.0,9
01,15,92,972.0,845.0,7.0,9
01,15,93,827.0,989.0,4.0,9
01,15,94,572.0,1136.0,4.0,9
01,15,95,633.0,1078.0,3.0,9
01,15,96,609.0,1138.0,4.0,9
01,15,97,545.0,1175.0,3.0,9
01,15,98,548.0,1147.0,3.0,9
01,15,99,626.0,1170.0,4.0,9
01,15,100,639.0,1123.0,4.0,9
01,15,101,809.0,1004.0,3.0,9
01,15,102,761.0,1039.0,3.0,9
01,15,103,752.0,1007.0,5.0,9
01,15,104,735.0,1056.0,3.0,9
01,15,105,689.0,1113.0,4.0,9
01,15,106,659.0,1097.0,2.0,9
01,15,107,663.0,1070.0,4.0,9
01,15,108,774.0,1070.0,4.0,9
01,15,109,614.0,1114.0,6.0,9
01,15,110,682.0,1040.0,4.0,9
01,15,111,685.0,1083.0,5.0,9
01,15,112,665.0,1124.0,6.0,9
01,15,113,522.0,1205.0,6.0,9
01,15,114,593.0,1165.0,5.0,9
01,15,115,569.0,1169.0,6.0,9
01,15,116,705.0,1060.0,4.0,9
01,15,117,723.0,1033.0,5.0,9
01,15,118,782.0,1015.0,4.0,9
01,15,119,837.0,1020.0,4.0,9
01,15,120,816.0,1036.0,3.0,9
01,15,121,712.0,1099.0,5.0,9
01,15,122,742.0,1086.0,3.0,9
01,15,123,789.0,1045.0,5.0,9
01,20,1,310.0,1387.0,4.0,9
01,20,2,350.0,1335.0,5.0,9
01,20,3,336.0,1395.0,5.0,9
01,20,4,355.0,1477.0,3.0,9
01,20,5,323.0,1488.0,5.0,9
01,20,6,350.0,1446.0,4.0,9
01,20,7,367.0,1500.0,4.0,9
01,20,8,484.0,1192.0,6.0,9
01,20,9,483.0,1161.0,6.0,9
01,20,10,432.0,1191.0,5.0,9
01,20,11,462.0,1210.0,6.0,9
01,20,12,366.0,1370.0,4.0,9
01,20,13,435.0,1279.0,6.0,9
01,20,14,389.0,1360.0,4.0,9
01,20,15,460.0,1261.0,5.0,9
01,20,16,361.0,1294.0,5.0,9
01,20,17,372.0,1260.0,6.0,9
01,20,18,399.0,1260.0,6.0,9
01,20,19,381.0,1310.0,8.0,9
01,20,20,360.0,1424.0,4.0,9
01,20,21,328.0,1351.0,5.0,9
01,20,22,322.0,1431.0,5.0,9
01,20,23,407.0,1209.0,6.0,9
01,20,24,435.0,1225.0,6.0,9
01,20,25,509.0,1177.0,7.0,9
01,20,26,456.0,1177.0,5.0,9
01,20,27,472.0,1236.0,5.0,9
01,20,28,408.0,1289.0,6.0,9
01,20,29,424.0,1249.0,7.0,9
01,20,30,403.0,1327.0,7.0,9
01,20,31,346.0,1523.0,4.0,9
01,20,32,329.0,1570.0,4.0,9
01,20,33,324.0,1538.0,5.0,9
01,20,35,353.0,1651.0,4.0,9
01,20,36,311.0,1608.0,4.0,9
01,20,37,326.0,1641.0,4.0,9
01,20,38,358.0,1572.0,3.0,9
01,20,39,418.0,1748.0,3.0,9
01,20,40,393.0,1712.0,3.0,9
01,20,41,377.0,1607.0,4.0,9
01,20,42,424.0,1816.0,4.0,9
01,20,43,450.0,1870.0,3.0,9
01,20,44,408.0,1875.0,3.0,9
01,20,45,421.0,1903.0,3.0,9
01,20,46,394.0,1690.0,5.0,9
01,20,47,419.0,1695.0,6.0,9
01,20,48,380.0,1655.0,4.0,9
01,20,50,370.0,1687.0,5.0,9
01,20,51,422.0,1785.0,5.0,9
01,20,52,423.0,1722.0,5.0,9
01,20,53,424.0,1850.0,3.0,9
01,20,54,445.0,1772.0,4.0,9
01,20,55,477.0,1771.0,5.0,9
01,20,56,456.0,1742.0,4.0,9
01,20,57,443.0,1702.0,6.0,9
01,20,58,464.0,1801.0,3.0,9
01,20,59,462.0,1891.0,4.0,9
01,20,60,447.0,1828.0,4.0,9
01,20,61,469.0,1850.0,4.0,9
01,20,62,511.0,1148.0,3.0,9
01,20,63,889.0,877.0,4.0,9
01,20,64,909.0,840.0,3.0,9
01,20,65,907.0,920.0,4.0,9
01,20,67,853.0,976.0,3.0,9
01,20,68,766.0,986.0,4.0,9
01,20,69,929.0,879.0,4.0,9
01,20,70,962.0,734.0,4.0,9
01,20,71,957.0,649.0,4.0,9
01,20,72,991.0,756.0,4.0,9
01,20,73,962.0,774.0,3.0,9
01,20,74,994.0,806.0,3.0,9
01,20,75,974.0,879.0,4.0,9
01,20,76,962.0,808.0,4.0,9
01,20,77,870.0,921.0,4.0,9
01,20,78,926.0,798.0,4.0,9
01,20,79,944.0,611.0,4.0,9
01,20,80,928.0,759.0,4.0,9
01,20,81,940.0,918.0,4.0,9
01,20,82,819.0,957.0,4.0,9
01,20,83,891.0,956.0,4.0,9
01,20,84,852.0,941.0,4.0,9
01,20,85,944.0,845.0,4.0,9
01,20,86,979.0,679.0,5.0,9
01,20,87,999.0,648.0,4.0,9
01,20,88,982.0,620.0,5.0,9
01,20,89,1010.0,682.0,4.0,9
01,20,90,1002.0,722.0,4.0,9
01,20,91,951.0,697.0,5.0,9
01,20,92,971.0,840.0,7.0,9
01,20,93,823.0,989.0,4.0,9
01,20,94,567.0,1133.0,3.0,9
01,20,95,627.0,1079.0,3.0,9
01,20,96,606.0,1139.0,3.0,9
01,20,97,539.0,1177.0,3.0,9
01,20,98,544.0,1146.0,3.0,9
01,20,99,625.0,1168.0,2.0,9
01,20,100,634.0,1122.0,4.0,9
01,20,101,803.0,1005.0,3.0,9
01,20,102,754.0,1034.0,3.0,9
01,20,103,749.0,1006.0,4.0,9
01,20,104,730.0,1054.0,3.0,9
01,20,105,685.0,1113.0,4.0,9
01,20,106,653.0,1096.0,2.0,9
01,20,107,658.0,1071.0,4.0,9
01,20,108,770.0,1068.0,4.0,9
01,20,109,609.0,1113.0,6.0,9
01,20,110,677.0,1040.0,4.0,9
01,20,111,678.0,1085.0,4.0,9
01,20,112,660.0,1124.0,6.0,9
01,20,113,517.0,1207.0,6.0,9
01,20,114,588.0,1165.0,4.0,9
01,20,115,564.0,1168.0,6.0,9
01,20,116,701.0,1057.0,4.0,9
01,20,117,716.0,1030.0,4.0,9
01,20,118,777.0,1012.0,5.0,9
01,20,119,836.0,1018.0,4.0,9
01,20,120,806.0,1036.0,3.0,9
01,20,121,708.0,1097.0,5.0,9
01,20,122,738.0,1082.0,3.0,9
01,20,123,784.0,1041.0,6.0,9
01,20,124,354.0,1608.0,3.0,9
01,20,125,330.0,1597.0,3.0,9
01,20,126,898.0,984.0,4.0,9
01,20,127,874.0,986.0,3.0,9
01,20,128,417.0,1647.0,4.0,9
01,20,129,402.0,1662.0,4.0,9
01,23,1,301.0,1385.0,5.0,9
01,23,2,346.0,1331.0,5.0,9
01,23,3,329.0,1395.0,5.0,9
01,23,4,350.0,1477.0,3.0,9
01,23,5,318.0,1490.0,5.0,9
01,23,6,347.0,1447.0,4.0,9
01,23,7,364.0,1500.0,4.0,9
01,23,8,479.0,1190.0,7.0,9
01,23,9,481.0,1160.0,6.0,9
01,23,10,427.0,1189.0,5.0,9
01,23,11,456.0,1207.0,6.0,9
01,23,12,360.0,1367.0,4.0,9
01,23,13,434.0,1280.0,6.0,9
01,23,14,382.0,1359.0,4.0,9
01,23,15,452.0,1260.0,5.0,9
01,23,16,358.0,1292.0,6.0,9
01,23,17,368.0,1256.0,6.0,9
01,23,18,400.0,1258.0,6.0,9
01,23,19,376.0,1308.0,7.0,9
01,23,20,353.0,1421.0,4.0,9
01,23,21,323.0,1347.0,6.0,9
01,23,22,319.0,1432.0,5.0,9
01,23,23,403.0,1209.0,6.0,9
01,23,24,430.0,1221.0,6.0,9
01,23,25,505.0,1177.0,8.0,9
01,23,26,454.0,1175.0,6.0,9
01,23,27,468.0,1235.0,6.0,9
01,23,28,400.0,1287.0,6.0,9
01,23,29,418.0,1245.0,7.0,9
01,23,30,399.0,1327.0,7.0,9
01,23,31,344.0,1521.0,4.0,9
01,23,32,331.0,1570.0,5.0,9
01,23,33,319.0,1540.0,5.0,9
01,23,35,351.0,1648.0,4.0,9
01,23,36,310.0,1606.0,4.0,9
01,23,37,325.0,1640.0,4.0,9
01,23,38,359.0,1572.0,3.0,9
01,23,39,415.0,1749.0,3.0,9
01,23,40,391.0,1711.0,3.0,9
01,23,41,377.0,1606.0,4.0,9
01,23,42,423.0,1815.0,4.0,9
01,23,43,450.0,1870.0,3.0,9
01,23,44,409.0,1874.0,3.0,9
01,23,45,422.0,1902.0,3.0,9
01,23,46,392.0,1690.0,6.0,9
01,23,47,416.0,1690.0,4.0,9
01,23,48,376.0,1653.0,4.0,9
01,23,50,367.0,1688.0,5.0,9
01,23,51,420.0,1785.0,5.0,9
01,23,52,421.0,1724.0,5.0,9
01,23,53,423.0,1849.0,3.0,9
01,23,54,445.0,1773.0,4.0,9
01,23,55,476.0,1773.0,5.0,9
01,23,56,456.0,1743.0,4.0,9
01,23,57,442.0,1703.0,6.0,9
01,23,58,465.0,1801.0,4.0,9
01,23,59,464.0,1892.0,4.0,9
01,23,60,449.0,1830.0,4.0,9
01,23,61,469.0,1850.0,5.0,9
01,23,62,507.0,1146.0,3.0,9
01,23,63,887.0,874.0,4.0,9
01,23,64,908.0,836.0,3.0,9
01,23,65,906.0,916.0,4.0,9
01,23,67,848.0,974.0,4.0,9
01,23,68,761.0,985.0,4.0,9
01,23,70,959.0,732.0,4.0,9
01,23,71,954.0,645.0,4.0,9
01,23,72,989.0,753.0,4.0,9
01,23,73,962.0,770.0,3.0,9
01,23,74,992.0,801.0,3.0,9
01,23,75,973.0,876.0,4.0,9
01,23,76,958.0,805.0,4.0,9
01,23,77,867.0,918.0,4.0,9
01,23,78,925.0,796.0,4.0,9
01,23,79,941.0,608.0,4.0,9
01,23,80,926.0,756.0,4.0,9
01,23,81,939.0,911.0,4.0,9
01,23,82,813.0,955.0,4.0,9
01,23,83,888.0,955.0,4.0,9
01,23,84,848.0,940.0,4.0,9
01,23,85,944.0,841.0,4.0,9
01,23,86,978.0,677.0,5.0,9
01,23,87,997.0,647.0,4.0,9
01,23,88,979.0,617.0,5.0,9
01,23,89,1011.0,682.0,4.0,9
01,23,90,997.0,718.0,4.0,9
01,23,91,950.0,695.0,5.0,9
01,23,92,971.0,836.0,7.0,9
01,23,93,819.0,985.0,4.0,9
01,23,94,566.0,1132.0,2.0,9
01,23,95,625.0,1078.0,3.0,9
01,23,96,603.0,1137.0,3.0,9
01,23,97,535.0,1174.0,4.0,9
01,23,98,541.0,1147.0,3.0,9
01,23,100,633.0,1124.0,4.0,9
01,23,101,798.0,1001.0,3.0,9
01,23,102,750.0,1033.0,4.0,9
01,23,103,745.0,1005.0,5.0,9
01,23,104,727.0,1052.0,3.0,9
01,23,105,681.0,1113.0,4.0,9
01,23,106,650.0,1096.0,2.0,9
01,23,107,654.0,1070.0,4.0,9
01,23,108,765.0,1064.0,4.0,9
01,23,109,607.0,1115.0,6.0,9
01,23,110,674.0,1041.0,4.0,9
01,23,111,677.0,1085.0,4.0,9
01,23,112,657.0,1124.0,6.0,9
01,23,113,515.0,1205.0,6.0,9
01,23,114,583.0,1161.0,4.0,9
01,23,115,560.0,1169.0,6.0,9
01,23,116,697.0,1056.0,4.0,9
01,23,117,710.0,1028.0,4.0,9
01,23,118,778.0,1009.0,5.0,9
01,23,119,835.0,1018.0,5.0,9
01,23,120,806.0,1035.0,3.0,9
01,23,121,705.0,1096.0,5.0,9
01,23,122,730.0,1081.0,3.0,9
01,23,123,781.0,1039.0,6.0,9
01,23,124,357.0,1608.0,2.0,9
01,23,125,329.0,1595.0,3.0,9
01,23,126,902.0,983.0,4.0,9
01,23,127,871.0,985.0,3.0,9
01,23,128,421.0,1642.0,4.0,9
01,23,129,399.0,1668.0,4.0,9
01,23,130,919.0,885.0,4.0,9
01,23,131,934.0,864.0,4.0,9
01,23,132,627.0,1170.0,4.0,9
01,23,133,609.0,1166.0,3.0,9
01,24,1,301.0,1383.0,5.0,9
01,24,2,344.0,1330.0,5.0,9
01,24,3,328.0,1395.0,5.0,9
01,24,4,350.0,1477.0,3.0,9
01,24,5,318.0,1490.0,5.0,9
01,24,6,347.0,1447.0,5.0,9
01,24,7,364.0,1501.0,5.0,9
01,24,8,478.0,1188.0,7.0,9
01,24,9,480.0,1159.0,6.0,9
01,24,10,426.0,1187.0,5.0,9
01,24,11,455.0,1207.0,6.0,9
01,24,12,357.0,1366.0,4.0,9
01,24,13,431.0,1279.0,6.0,9
01,24,14,381.0,1356.0,5.0,9
01,24,15,451.0,1260.0,5.0,9
01,24,16,356.0,1292.0,6.0,9
01,24,17,368.0,1256.0,6.0,9
01,24,18,399.0,1257.0,6.0,9
01,24,19,375.0,1307.0,7.0,9
01,24,20,353.0,1419.0,4.0,9
01,24,21,322.0,1347.0,6.0,9
01,24,22,318.0,1432.0,6.0,9
01,24,23,403.0,1209.0,6.0,9
01,24,24,430.0,1222.0,6.0,9
01,24,25,505.0,1176.0,8.0,9
01,24,26,454.0,1175.0,5.0,9
01,24,27,466.0,1235.0,6.0,9
01,24,28,397.0,1287.0,6.0,9
01,24,29,417.0,1246.0,8.0,9
01,24,30,397.0,1327.0,7.0,9
01,24,31,343.0,1523.0,4.0,9
01,24,32,331.0,1570.0,5.0,9
01,24,33,319.0,1540.0,5.0,9
01,24,35,350.0,1646.0,4.0,9
01,24,36,310.0,1606.0,4.0,9
01,24,37,326.0,1639.0,4.0,9
01,24,38,360.0,1571.0,4.0,9
01,24,39,414.0,1750.0,4.0,9
01,24,40,391.0,1711.0,3.0,9
01,24,41,377.0,1606.0,4.0,9
01,24,42,422.0,1815.0,4.0,9
01,24,43,450.0,1870.0,3.0,9
01,24,44,408.0,1875.0,4.0,9
01,24,45,422.0,1902.0,4.0,9
01,24,46,390.0,1690.0,6.0,9
01,24,47,417.0,1691.0,4.0,9
01,24,48,377.0,1653.0,4.0,9
01,24,50,367.0,1687.0,5.0,9
01,24,51,419.0,1786.0,5.0,9
01,24,52,421.0,1724.0,5.0,9
01,24,53,423.0,1848.0,4.0,9
01,24,54,445.0,1773.0,4.0,9
01,24,55,476.0,1773.0,5.0,9
01,24,56,456.0,1742.0,4.0,9
01,24,57,442.0,1703.0,6.0,9
01,24,58,465.0,1801.0,4.0,9
01,24,59,463.0,1891.0,4.0,9
01,24,60,449.0,1830.0,4.0,9
01,24,61,469.0,1850.0,5.0,9
01,24,62,506.0,1146.0,3.0,9
01,24,63,885.0,872.0,4.0,9
01,24,64,908.0,835.0,4.0,9
01,24,65,906.0,916.0,4.0,9
01,24,67,847.0,974.0,4.0,9
01,24,68,760.0,985.0,4.0,9
01,24,70,958.0,730.0,4.0,9
01,24,71,953.0,644.0,4.0,9
01,24,72,989.0,752.0,4.0,9
01,24,73,961.0,769.0,4.0,9
01,24,74,990.0,800.0,3.0,9
01,24,75,972.0,875.0,4.0,9
01,24,76,959.0,804.0,4.0,9
01,24,77,867.0,917.0,4.0,9
01,24,78,923.0,795.0,4.0,9
01,24,79,941.0,607.0,4.0,9
01,24,80,925.0,755.0,4.0,9
01,24,81,938.0,909.0,4.0,9
01,24,82,813.0,955.0,4.0,9
01,24,83,886.0,955.0,4.0,9
01,24,84,847.0,940.0,4.0,9
01,24,85,944.0,841.0,4.0,9
01,24,86,977.0,677.0,5.0,9
01,24,87,997.0,646.0,4.0,9
01,24,88,979.0,618.0,5.0,9
01,24,89,1011.0,682.0,4.0,9
01,24,90,997.0,717.0,4.0,9
01,24,91,948.0,693.0,5.0,9
01,24,92,970.0,836.0,7.0,9
01,24,93,818.0,985.0,4.0,9
01,24,94,565.0,1131.0,3.0,9
01,24,95,625.0,1078.0,4.0,9
01,24,96,602.0,1137.0,3.0,9
01,24,97,534.0,1173.0,4.0,9
01,24,98,539.0,1147.0,3.0,9
01,24,100,632.0,1125.0,4.0,9
01,24,101,797.0,1001.0,3.0,9
01,24,102,749.0,1031.0,4.0,9
01,24,103,744.0,1003.0,5.0,9
01,24,104,725.0,1051.0,3.0,9
01,24,105,680.0,1113.0,4.0,9
01,24,106,650.0,1096.0,2.0,9
01,24,107,653.0,1070.0,4.0,9
01,24,108,763.0,1063.0,3.0,9
01,24,109,605.0,1115.0,6.0,9
01,24,110,671.0,1040.0,4.0,9
01,24,111,676.0,1085.0,4.0,9
01,24,112,656.0,1125.0,6.0,9
01,24,113,515.0,1204.0,5.0,9
01,24,114,581.0,1160.0,4.0,9
01,24,115,558.0,1167.0,6.0,9
01,24,116,697.0,1057.0,4.0,9
01,24,117,709.0,1028.0,4.0,9
01,24,118,776.0,1009.0,5.0,9
01,24,120,804.0,1034.0,4.0,9
01,24,121,704.0,1096.0,5.0,9
01,24,122,729.0,1080.0,3.0,9
01,24,123,779.0,1038.0,6.0,9
01,24,124,357.0,1607.0,2.0,9
01,24,125,330.0,1595.0,3.0,9
01,24,126,902.0,983.0,4.0,9
01,24,127,871.0,984.0,3.0,9
01,24,128,421.0,1642.0,4.0,9
01,24,129,400.0,1669.0,4.0,9
01,24,130,917.0,886.0,4.0,9
01,24,131,933.0,862.0,4.0,9
01,24,132,628.0,1171.0,4.0,9
01,24,133,607.0,1167.0,3.0,9
01,24,134,838.0,1015.0,4.0,9
01,24,135,827.0,1015.0,4.0,9
01,25,1,302.0,1382.0,5.0,9
01,25,2,345.0,1329.0,6.0,9
01,25,3,327.0,1395.0,5.0,9
01,25,4,350.0,1477.0,3.0,9
01,25,5,318.0,1490.0,5.0,9
01,25,6,346.0,1447.0,5.0,9
01,25,7,363.0,1503.0,5.0,9
01,25,8,477.0,1187.0,7.0,9
01,25,9,479.0,1158.0,6.0,9
01,25,10,426.0,1187.0,5.0,9
01,25,11,454.0,1206.0,6.0,9
01,25,12,356.0,1365.0,4.0,9
01,25,13,428.0,1278.0,6.0,9
01,25,14,380.0,1354.0,5.0,9
01,25,15,452.0,1260.0,6.0,9
01,25,16,354.0,1291.0,6.0,9
01,25,17,367.0,1256.0,6.0,9
01,25,18,397.0,1257.0,7.0,9
01,25,19,374.0,1307.0,7.0,9
01,25,20,353.0,1416.0,5.0,9
01,25,21,322.0,1347.0,6.0,9
01,25,22,316.0,1433.0,6.0,9
01,25,23,402.0,1208.0,6.0,9
01,25,24,431.0,1222.0,6.0,9
01,25,25,504.0,1174.0,7.0,9
01,25,26,453.0,1174.0,5.0,9
01,25,27,466.0,1235.0,6.0,9
01,25,28,397.0,1287.0,6.0,9
01,25,29,416.0,1246.0,8.0,9
01,25,30,395.0,1326.0,7.0,9
01,25,31,341.0,1525.0,4.0,9
01,25,32,329.0,1569.0,5.0,9
01,25,33,318.0,1539.0,5.0,9
01,25,35,348.0,1644.0,4.0,9
01,25,36,310.0,1606.0,4.0,9
01,25,37,327.0,1638.0,5.0,9
01,25,39,415.0,1751.0,4.0,9
01,25,40,391.0,1711.0,3.0,9
01,25,41,378.0,1605.0,4.0,9
01,25,42,422.0,1815.0,4.0,9
01,25,43,450.0,1870.0,3.0,9
01,25,44,407.0,1875.0,4.0,9
01,25,45,422.0,1902.0,4.0,9
01,25,46,391.0,1691.0,6.0,9
01,25,47,419.0,1693.0,4.0,9
01,25,48,378.0,1653.0,4.0,9
01,25,50,367.0,1686.0,5.0,9
01,25,51,419.0,1786.0,5.0,9
01,25,52,421.0,1725.0,5.0,9
01,25,53,423.0,1849.0,4.0,9
01,25,54,446.0,1773.0,4.0,9
01,25,55,476.0,1774.0,5.0,9
01,25,56,456.0,1742.0,4.0,9
01,25,57,442.0,1703.0,6.0,9
01,25,58,465.0,1801.0,4.0,9
01,25,59,463.0,1892.0,4.0,9
01,25,60,449.0,1830.0,4.0,9
01,25,61,469.0,1850.0,5.0,9
01,25,62,504.0,1146.0,3.0,9
01,25,63,884.0,871.0,4.0,9
01,25,64,907.0,834.0,4.0,9
01,25,65,907.0,916.0,4.0,9
01,25,67,847.0,974.0,4.0,9
01,25,68,758.0,984.0,4.0,9
01,25,70,957.0,729.0,4.0,9
01,25,71,952.0,644.0,4.0,9
01,25,72,990.0,752.0,4.0,9
01,25,73,961.0,770.0,4.0,9
01,25,74,989.0,800.0,3.0,9
01,25,75,972.0,873.0,4.0,9
01,25,76,959.0,804.0,4.0,9
01,25,77,867.0,917.0,4.0,9
01,25,78,921.0,795.0,4.0,9
01,25,79,940.0,605.0,4.0,9
01,25,80,925.0,755.0,4.0,9
01,25,81,936.0,907.0,4.0,9
01,25,82,811.0,954.0,4.0,9
01,25,83,885.0,956.0,4.0,9
01,25,84,846.0,939.0,4.0,9
01,25,85,944.0,841.0,4.0,9
01,25,86,977.0,676.0,5.0,9
01,25,87,996.0,645.0,4.0,9
01,25,88,978.0,619.0,5.0,9
01,25,89,1010.0,680.0,4.0,9
01,25,90,996.0,717.0,4.0,9
01,25,91,947.0,692.0,5.0,9
01,25,92,969.0,836.0,7.0,9
01,25,93,817.0,985.0,4.0,9
01,25,94,563.0,1131.0,4.0,9
01,25,95,624.0,1078.0,4.0,9
01,25,96,600.0,1137.0,3.0,9
01,25,97,532.0,1172.0,4.0,9
01,25,98,538.0,1146.0,3.0,9
01,25,100,630.0,1126.0,4.0,9
01,25,101,796.0,1001.0,3.0,9
01,25,102,749.0,1030.0,4.0,9
01,25,103,742.0,1002.0,5.0,9
01,25,104,722.0,1051.0,3.0,9
01,25,105,679.0,1112.0,4.0,9
01,25,106,649.0,1097.0,2.0,9
01,25,107,652.0,1070.0,4.0,9
01,25,108,760.0,1062.0,3.0,9
01,25,109,603.0,1115.0,6.0,9
01,25,110,668.0,1040.0,4.0,9
01,25,111,674.0,1085.0,4.0,9
01,25,112,654.0,1125.0,6.0,9
01,25,113,515.0,1202.0,5.0,9
01,25,114,580.0,1160.0,4.0,9
01,25,115,556.0,1167.0,6.0,9
01,25,116,696.0,1058.0,4.0,9
01,25,117,708.0,1027.0,4.0,9
01,25,118,773.0,1009.0,5.0,9
01,25,120,804.0,1033.0,4.0,9
01,25,121,702.0,1096.0,5.0,9
01,25,122,728.0,1079.0,3.0,9
01,25,123,778.0,1037.0,6.0,9
01,25,124,356.0,1606.0,2.0,9
01,25,125,331.0,1595.0,3.0,9
01,25,126,903.0,983.0,4.0,9
01,25,127,872.0,983.0,3.0,9
01,25,128,422.0,1643.0,4.0,9
01,25,129,401.0,1670.0,4.0,9
01,25,130,916.0,888.0,4.0,9
01,25,131,933.0,862.0,4.0,9
01,25,132,629.0,1172.0,4.0,9
01,25,133,603.0,1166.0,3.0,9
01,25,134,840.0,1013.0,4.0,9
01,25,135,821.0,1012.0,4.0,9
01,25,136,364.0,1568.0,4.0,9
01,25,137,351.0,1571.0,4.0,9
01,40,1,298.0,1394.0,6.0,9
01,40,3,333.0,1406.0,7.0,9
01,40,6,339.0,1462.0,6.0,9
01,40,7,366.0,1517.0,4.0,9
01,40,8,465.0,1185.0,7.0,9
01,40,9,464.0,1151.0,6.0,9
01,40,10,414.0,1184.0,6.0,9
01,40,11,438.0,1202.0,6.0,9
01,40,13,416.0,1279.0,6.0,9
01,40,16,335.0,1295.0,6.0,9
01,40,17,354.0,1265.0,9.0,9
01,40,18,386.0,1261.0,7.0,9
01,40,19,355.0,1305.0,8.0,9
01,40,21,312.0,1365.0,7.0,9
01,40,22,310.0,1445.0,8.0,9
01,40,23,392.0,1209.0,7.0,9
01,40,24,418.0,1224.0,6.0,9
01,40,25,488.0,1176.0,6.0,9
01,40,26,436.0,1172.0,4.0,9
01,40,27,447.0,1232.0,7.0,9
01,40,28,386.0,1294.0,8.0,9
01,40,29,406.0,1249.0,7.0,9
01,40,30,378.0,1327.0,7.0,9
01,40,32,319.0,1566.0,6.0,9
01,40,33,315.0,1535.0,7.0,9
01,40,35,349.0,1645.0,4.0,9
01,40,36,305.0,1603.0,4.0,9
01,40,37,330.0,1633.0,5.0,9
01,40,39,412.0,1757.0,3.0,9
01,40,40,393.0,1718.0,4.0,9
01,40,42,417.0,1815.0,4.0,9
01,40,43,449.0,1872.0,4.0,9
01,40,44,407.0,1879.0,4.0,9
01,40,45,422.0,1903.0,4.0,9
01,40,46,394.0,1682.0,4.0,9
01,40,50,368.0,1678.0,4.0,9
01,40,51,412.0,1784.0,5.0,9
01,40,53,419.0,1849.0,4.0,9
01,40,54,443.0,1777.0,5.0,9
01,40,55,473.0,1776.0,5.0,9
01,40,56,448.0,1748.0,4.0,9
01,40,58,459.0,1804.0,5.0,9
01,40,59,465.0,1893.0,4.0,9
01,40,60,447.0,1833.0,5.0,9
01,40,62,493.0,1144.0,2.0,9
01,40,63,879.0,872.0,4.0,9
01,40,64,896.0,835.0,3.0,9
01,40,67,831.0,975.0,3.0,9
01,40,68,738.0,982.0,4.0,9
01,40,70,951.0,724.0,3.0,9
01,40,71,942.0,639.0,4.0,9
01,40,72,982.0,749.0,4.0,9
01,40,73,954.0,767.0,3.0,9
01,40,74,994.0,800.0,2.0,9
01,40,75,958.0,864.0,4.0,9
01,40,76,948.0,806.0,4.0,9
01,40,77,854.0,912.0,4.0,9
01,40,78,913.0,790.0,4.0,9
01,40,79,934.0,598.0,4.0,9
01,40,80,918.0,750.0,4.0,9
01,40,82,798.0,950.0,4.0,9
01,40,83,872.0,951.0,3.0,9
01,40,84,830.0,931.0,4.0,9
01,40,85,934.0,834.0,4.0,9
01,40,86,967.0,667.0,5.0,9
01,40,87,989.0,642.0,4.0,9
01,40,90,991.0,717.0,4.0,9
01,40,91,938.0,689.0,5.0,9
01,40,92,960.0,833.0,7.0,9
01,40,93,798.0,984.0,4.0,9
01,40,95,613.0,1087.0,4.0,9
01,40,96,596.0,1147.0,2.0,9
01,40,97,522.0,1170.0,4.0,9
01,40,98,529.0,1144.0,3.0,9
01,40,100,619.0,1134.0,2.0,9
01,40,101,774.0,995.0,3.0,9
01,40,102,728.0,1038.0,4.0,9
01,40,103,717.0,1003.0,4.0,9
01,40,104,709.0,1059.0,5.0,9
01,40,105,672.0,1122.0,3.0,9
01,40,107,639.0,1076.0,4.0,9
01,40,109,591.0,1122.0,6.0,9
01,40,110,654.0,1049.0,4.0,9
01,40,111,664.0,1095.0,4.0,9
01,40,112,644.0,1136.0,5.0,9
01,40,113,495.0,1202.0,5.0,9
01,40,114,574.0,1165.0,5.0,9
01,40,115,542.0,1170.0,6.0,9
01,40,116,678.0,1065.0,3.0,9
01,40,117,692.0,1032.0,5.0,9
01,40,118,747.0,1012.0,4.0,9
01,40,120,792.0,1027.0,4.0,9
01,40,121,689.0,1104.0,5.0,9
01,40,124,341.0,1597.0,1.0,9
01,40,125,328.0,1587.0,6.0,9
01,40,126,885.0,981.0,6.0,9
01,40,127,858.0,981.0,4.0,9
01,40,128,426.0,1659.0,7.0,9
01,40,129,407.0,1666.0,3.0,9
01,40,130,908.0,882.0,4.0,9
01,40,131,918.0,857.0,6.0,9
01,40,132,621.0,1181.0,7.0,9
01,40,133,601.0,1169.0,5.0,9
01,40,134,829.0,1013.0,4.0,9
01,40,135,800.0,1009.0,3.0,9
01,40,136,372.0,1580.0,4.0,9
01,40,137,342.0,1570.0,4.0,9
01,40,138,349.0,1538.0,5.0,9
01,40,139,333.0,1522.0,5.0,9
01,40,140,370.0,1362.0,4.0,9
01,40,141,363.0,1347.0,5.0,9
01,40,142,313.0,1495.0,4.0,9
01,40,143,301.0,1498.0,9.0,9
01,40,144,447.0,1278.0,4.0,9
01,40,145,436.0,1252.0,6.0,9
01,40,146,913.0,911.0,3.0,9
01,40,147,937.0,892.0,4.0,9
01,40,148,986.0,612.0,5.0,9
01,40,149,959.0,612.0,6.0,9
01,40,150,361.0,1413.0,5.0,9
01,40,151,341.0,1431.0,6.0,9
01,40,152,890.0,928.0,4.0,9
01,40,153,897.0,895.0,4.0,9
01,40,154,562.0,1144.0,3.0,9
01,40,155,542.0,1121.0,4.0,9
01,40,156,387.0,1600.0,4.0,9
01,40,157,357.0,1600.0,4.0,9
01,40,158,734.0,1067.0,4.0,9
01,40,159,762.0,1067.0,3.0,9
01,40,160,703.0,1085.0,4.0,9
01,40,161,730.0,1083.0,5.0,9
01,40,162,396.0,1652.0,3.0,9
01,40,163,373.0,1630.0,3.0,9
01,40,164,334.0,1495.0,4.0,9
01,40,165,364.0,1483.0,3.0,9
01,40,166,414.0,1706.0,4.0,9
01,40,167,427.0,1674.0,4.0,9
01,40,168,990.0,689.0,4.0,9
01,40,169,1010.0,664.0,4.0,9
01,40,170,342.0,1361.0,7.0,9
01,40,171,368.0,1388.0,6.0,9
01,40,172,465.0,1693.0,5.0,9
01,40,173,437.0,1705.0,6.0,9
01,40,174,483.0,1852.0,4.0,9
01,40,175,456.0,1853.0,4.0,9
01,40,176,745.0,1041.0,4.0,9
01,40,177,768.0,1032.0,5.0,9
01,40,178,318.0,1343.0,6.0,9
01,40,179,332.0,1330.0,8.0,9
01,40,180,417.0,1739.0,4.0,9
01,40,181,422.0,1715.0,4.0,9
01,40,182,638.0,1114.0,3.0,9
01,40,183,640.0,1100.0,2.0,9
02,15,1,280.0,500.0,10.0,9
02,15,2,308.0,447.0,9.0,9
02,15,4,288.0,565.0,11.0,9
02,15,5,292.0,470.0,9.0,9
02,15,6,354.0,597.0,10.0,9
02,15,7,334.0,594.0,10.0,9
02,15,8,347.0,743.0,9.0,9
02,15,9,322.0,676.0,10.0,9
02,15,10,323.0,714.0,10.0,9
02,15,11,353.0,687.0,11.0,9
02,15,12,350.0,483.0,10.0,9
02,15,13,368.0,393.0,10.0,9
02,15,14,374.0,459.0,11.0,9
02,15,15,385.0,524.0,9.0,9
02,15,16,358.0,513.0,11.0,9
02,15,17,353.0,438.0,10.0,9
02,15,18,375.0,619.0,11.0,9
02,15,19,354.0,631.0,9.0,9
02,15,20,377.0,688.0,11.0,9
02,15,21,441.0,735.0,11.0,9
02,15,22,375.0,662.0,11.0,9
02,15,23,380.0,754.0,10.0,9
02,15,24,282.0,602.0,10.0,9
02,15,25,311.0,413.0,10.0,9
02,15,26,320.0,384.0,11.0,9
02,15,27,280.0,378.0,12.0,9
02,15,28,290.0,346.0,12.0,9
02,15,29,347.0,372.0,11.0,9
02,15,30,360.0,543.0,12.0,9
02,15,31,310.0,637.0,11.0,9
02,15,33,361.0,572.0,11.0,9
02,15,34,329.0,624.0,11.0,9
02,15,35,351.0,656.0,11.0,9
02,15,36,350.0,414.0,10.0,9
02,15,37,373.0,480.0,11.0,9
02,15,38,387.0,418.0,11.0,9
02,15,39,379.0,551.0,12.0,9
02,15,40,385.0,505.0,11.0,9
02,15,41,394.0,689.0,12.0,9
02,15,42,409.0,713.0,11.0,9
02,15,44,422.0,736.0,11.0,9
02,15,45,397.0,735.0,11.0,9
02,15,47,411.0,751.0,12.0,9
02,15,49,475.0,767.0,12.0,9
02,15,51,426.0,809.0,11.0,9
02,15,52,475.0,800.0,9.0,9
02,15,53,446.0,800.0,10.0,9
02,15,54,483.0,829.0,11.0,9
02,15,55,456.0,831.0,11.0,9
02,15,56,483.0,851.0,9.0,9
02,15,57,539.0,911.0,11.0,9
02,15,58,546.0,881.0,9.0,9
02,15,59,520.0,852.0,11.0,9
02,15,60,580.0,886.0,11.0,9
02,15,62,623.0,863.0,8.0,9
02,15,63,629.0,886.0,9.0,9
02,15,64,652.0,875.0,10.0,9
02,15,65,664.0,891.0,11.0,9
02,15,66,703.0,894.0,11.0,9
02,15,67,645.0,902.0,9.0,9
02,15,68,619.0,939.0,9.0,9
02,15,69,649.0,939.0,10.0,9
02,15,70,693.0,933.0,10.0,9
02,15,71,658.0,914.0,10.0,9
02,15,72,670.0,951.0,9.0,9
02,15,73,608.0,878.0,11.0,9
02,15,74,461.0,805.0,11.0,9
02,15,77,494.0,775.0,12.0,9
02,15,78,501.0,793.0,12.0,9
02,15,79,409.0,824.0,10.0,9
02,15,80,433.0,846.0,10.0,9
02,15,81,523.0,874.0,10.0,9
02,15,82,459.0,864.0,9.0,9
02,15,83,504.0,872.0,11.0,9
02,15,84,508.0,834.0,9.0,9
02,15,85,536.0,831.0,11.0,9
02,15,86,567.0,863.0,10.0,9
02,15,87,672.0,865.0,9.0,9
02,15,88,641.0,857.0,10.0,9
02,15,89,540.0,855.0,11.0,9
02,15,90,556.0,834.0,11.0,9
02,15,91,592.0,872.0,9.0,9
02,15,92,564.0,902.0,11.0,9
02,15,93,702.0,965.0,10.0,9
02,15,94,685.0,885.0,10.0,9
02,15,95,572.0,925.0,11.0,9
02,15,96,588.0,943.0,11.0,9
02,15,97,681.0,906.0,10.0,9
02,15,98,712.0,917.0,9.0,9
02,15,99,735.0,919.0,7.0,9
02,15,100,763.0,911.0,8.0,9
02,15,101,726.0,897.0,9.0,9
02,15,102,751.0,939.0,9.0,9
02,15,103,773.0,937.0,11.0,9
02,15,104,804.0,945.0,11.0,9
02,15,105,746.0,965.0,11.0,9
02,15,106,783.0,1031.0,10.0,9
02,15,107,724.0,992.0,9.0,9
02,15,108,759.0,993.0,11.0,9
02,15,109,775.0,963.0,9.0,9
02,15,110,818.0,974.0,10.0,9
02,15,111,860.0,958.0,10.0,9
02,15,112,864.0,987.0,9.0,9
02,15,113,841.0,963.0,9.0,9
02,15,114,883.0,960.0,11.0,9
02,15,115,913.0,968.0,9.0,9
02,15,116,960.0,990.0,11.0,9
02,15,117,1132.0,1015.0,6.0,9
02,15,118,1169.0,1037.0,8.0,9
02,15,120,840.0,996.0,9.0,9
02,15,121,1096.0,1010.0,11.0,9
02,15,122,828.0,930.0,11.0,9
02,15,123,794.0,995.0,9.0,9
02,15,124,885.0,989.0,12.0,9
02,15,125,929.0,944.0,12.0,9
02,15,126,904.0,939.0,11.0,9
02,15,127,938.0,974.0,12.0,9
02,15,128,911.0,996.0,11.0,9
02,15,129,815.0,1036.0,10.0,9
02,15,130,825.0,1009.0,10.0,9
02,15,131,903.0,1038.0,10.0,9
02,15,132,878.0,1027.0,12.0,9
02,15,133,929.0,1017.0,12.0,9
02,15,134,952.0,927.0,12.0,9
02,15,135,1074.0,993.0,11.0,9
02,15,136,1117.0,990.0,11.0,9
02,15,137,981.0,966.0,12.0,9
02,15,138,966.0,951.0,12.0,9
02,15,139,1005.0,969.0,11.0,9
02,15,140,1043.0,1000.0,12.0,9
02,15,141,1013.0,1005.0,12.0,9
02,15,142,1104.0,1031.0,11.0,9
02,15,143,1024.0,1053.0,12.0,9
02,15,144,986.0,1012.0,11.0,9
02,15,145,1049.0,1039.0,12.0,9
02,15,146,1071.0,1026.0,12.0,9
02,15,147,1223.0,1053.0,7.0,9
02,15,148,1140.0,1097.0,7.0,9
02,15,149,1197.0,1111.0,8.0,9
02,15,150,1211.0,1079.0,6.0,9
02,15,151,1249.0,1101.0,7.0,9
02,15,152,1284.0,1103.0,7.0,9
02,15,153,1226.0,1114.0,7.0,9
02,15,154,1165.0,1139.0,6.0,9
02,15,155,1187.0,1144.0,6.0,9
02,15,156,1263.0,1123.0,7.0,9
02,15,157,1217.0,1146.0,8.0,9
02,15,158,1241.0,1146.0,6.0,9
02,15,159,1287.0,1316.0,7.0,9
02,15,160,1316.0,1176.0,7.0,9
02,15,161,1334.0,1237.0,5.0,9
02,15,162,1336.0,1211.0,8.0,9
02,15,163,1315.0,1215.0,8.0,9
02,15,164,1353.0,1185.0,7.0,9
02,15,165,1306.0,1254.0,7.0,9
02,15,166,1336.0,1304.0,7.0,9
02,15,167,1336.0,1346.0,8.0,9
02,15,169,1316.0,1341.0,7.0,9
02,15,170,1359.0,1279.0,8.0,9
02,15,171,1362.0,1323.0,9.0,9
02,15,172,1286.0,1344.0,9.0,9
02,15,173,1070.0,1061.0,10.0,9
02,15,174,1159.0,1076.0,11.0,9
02,15,175,1001.0,1058.0,12.0,9
02,15,176,974.0,1062.0,12.0,9
02,15,177,1101.0,1071.0,12.0,9
02,15,178,1118.0,1085.0,11.0,9
02,15,179,1128.0,1130.0,11.0,9
02,15,180,1165.0,1104.0,7.0,9
02,15,181,1096.0,1109.0,9.0,9
02,15,182,1046.0,1091.0,11.0,9
02,15,183,1076.0,1088.0,11.0,9
02,15,184,1183.0,1084.0,11.0,9
02,15,185,1260.0,1079.0,8.0,9
02,15,186,1269.0,1156.0,7.0,9
02,15,187,1301.0,1188.0,9.0,9
02,15,188,1249.0,1052.0,9.0,9
02,15,189,1285.0,1167.0,9.0,9
02,15,190,1368.0,1206.0,8.0,9
02,15,191,1294.0,1229.0,8.0,9
02,15,192,1328.0,1264.0,9.0,9
02,15,193,1355.0,1229.0,7.0,9
02,15,194,1306.0,1296.0,12.0,9
02,15,195,1335.0,1388.0,11.0,9
02,15,196,1378.0,1231.0,9.0,9
02,15,197,1297.0,1362.0,7.0,9
02,15,198,1319.0,1391.0,7.0,9
02,15,199,470.0,787.0,12.0,9
02,15,200,491.0,806.0,11.0,9
02,15,201,531.0,815.0,9.0,9
02,15,202,338.0,566.0,11.0,9
02,15,203,309.0,551.0,9.0,9
02,15,204,586.0,910.0,10.0,9
02,15,205,616.0,899.0,9.0,9
02,15,206,386.0,718.0,9.0,9
02,15,207,356.0,718.0,10.0,9
02,15,208,416.0,791.0,11.0,9
02,15,209,403.0,768.0,10.0,9
02,15,210,340.0,531.0,11.0,9
02,15,211,318.0,514.0,10.0,9
02,15,212,435.0,769.0,10.0,9
02,15,213,450.0,768.0,10.0,9
02,15,214,1136.0,1051.0,10.0,9
02,15,215,1130.0,1042.0,9.0,9
02,20,1,280.0,504.0,11.0,9
02,20,2,315.0,452.0,9.0,9
02,20,4,289.0,565.0,11.0,9
02,20,5,296.0,476.0,10.0,9
02,20,6,356.0,599.0,11.0,9
02,20,7,336.0,594.0,11.0,9
02,20,8,349.0,742.0,10.0,9
02,20,9,321.0,672.0,11.0,9
02,20,10,323.0,712.0,10.0,9
02,20,11,353.0,685.0,11.0,9
02,20,12,349.0,492.0,9.0,9
02,20,13,374.0,394.0,10.0,9
02,20,14,374.0,464.0,11.0,9
02,20,15,386.0,523.0,9.0,9
02,20,16,362.0,519.0,11.0,9
02,20,17,357.0,443.0,11.0,9
02,20,18,375.0,619.0,10.0,9
02,20,19,356.0,631.0,9.0,9
02,20,20,378.0,689.0,10.0,9
02,20,21,443.0,735.0,11.0,9
02,20,22,374.0,663.0,11.0,9
02,20,23,374.0,749.0,11.0,9
02,20,24,285.0,601.0,9.0,9
02,20,25,319.0,423.0,10.0,9
02,20,26,327.0,391.0,11.0,9
02,20,27,285.0,386.0,12.0,9
02,20,28,294.0,350.0,12.0,9
02,20,29,353.0,375.0,10.0,9
02,20,30,365.0,546.0,12.0,9
02,20,31,315.0,631.0,10.0,9
02,20,33,364.0,574.0,9.0,9
02,20,34,332.0,622.0,11.0,9
02,20,35,353.0,657.0,11.0,9
02,20,36,356.0,420.0,11.0,9
02,20,37,374.0,487.0,11.0,9
02,20,38,389.0,421.0,11.0,9
02,20,39,382.0,554.0,12.0,9
02,20,40,385.0,506.0,11.0,9
02,20,41,396.0,689.0,12.0,9
02,20,42,412.0,712.0,10.0,9
02,20,44,424.0,734.0,11.0,9
02,20,45,395.0,734.0,11.0,9
02,20,47,412.0,744.0,12.0,9
02,20,49,477.0,768.0,11.0,9
02,20,51,430.0,806.0,10.0,9
02,20,52,475.0,797.0,10.0,9
02,20,53,449.0,793.0,11.0,9
02,20,54,484.0,825.0,9.0,9
02,20,55,457.0,829.0,11.0,9
02,20,56,486.0,847.0,9.0,9
02,20,57,540.0,912.0,10.0,9
02,20,58,549.0,876.0,11.0,9
02,20,59,524.0,846.0,11.0,9
02,20,60,580.0,882.0,10.0,9
02,20,62,627.0,861.0,8.0,9
02,20,63,632.0,883.0,9.0,9
02,20,64,653.0,871.0,10.0,9
02,20,65,666.0,886.0,11.0,9
02,20,66,704.0,890.0,11.0,9
02,20,67,646.0,899.0,9.0,9
02,20,68,617.0,928.0,10.0,9
02,20,69,650.0,936.0,11.0,9
02,20,70,695.0,928.0,9.0,9
02,20,71,660.0,911.0,10.0,9
02,20,72,673.0,951.0,11.0,9
02,20,73,611.0,877.0,11.0,9
02,20,74,463.0,803.0,11.0,9
02,20,77,495.0,775.0,11.0,9
02,20,78,502.0,790.0,12.0,9
02,20,79,410.0,822.0,10.0,9
02,20,80,432.0,840.0,10.0,9
02,20,81,524.0,869.0,11.0,9
02,20,82,458.0,864.0,10.0,9
02,20,83,504.0,869.0,11.0,9
02,20,84,509.0,831.0,10.0,9
02,20,85,533.0,831.0,11.0,9
02,20,86,569.0,859.0,11.0,9
02,20,87,673.0,862.0,11.0,9
02,20,88,641.0,854.0,10.0,9
02,20,89,543.0,853.0,11.0,9
02,20,90,551.0,834.0,10.0,9
02,20,91,593.0,872.0,9.0,9
02,20,92,564.0,900.0,10.0,9
02,20,93,704.0,956.0,10.0,9
02,20,94,685.0,882.0,9.0,9
02,20,95,575.0,923.0,11.0,9
02,20,96,591.0,939.0,12.0,9
02,20,97,683.0,905.0,10.0,9
02,20,98,714.0,913.0,10.0,9
02,20,99,737.0,915.0,7.0,9
02,20,100,765.0,911.0,8.0,9
02,20,101,726.0,892.0,9.0,9
02,20,102,752.0,936.0,9.0,9
02,20,103,775.0,936.0,11.0,9
02,20,104,805.0,942.0,11.0,9
02,20,105,747.0,961.0,11.0,9
02,20,106,788.0,1025.0,9.0,9
02,20,107,725.0,990.0,9.0,9
02,20,108,760.0,993.0,9.0,9
02,20,109,774.0,961.0,9.0,9
02,20,111,860.0,952.0,10.0,9
02,20,112,865.0,983.0,10.0,9
02,20,113,840.0,958.0,10.0,9
02,20,114,883.0,959.0,11.0,9
02,20,115,913.0,967.0,10.0,9
02,20,116,959.0,988.0,11.0,9
02,20,117,1132.0,1009.0,7.0,9
02,20,118,1169.0,1037.0,7.0,9
02,20,120,843.0,993.0,9.0,9
02,20,121,1094.0,1009.0,11.0,9
02,20,122,830.0,927.0,11.0,9
02,20,123,790.0,993.0,7.0,9
02,20,124,885.0,988.0,12.0,9
02,20,125,931.0,941.0,12.0,9
02,20,126,903.0,936.0,11.0,9
02,20,127,941.0,972.0,12.0,9
02,20,128,910.0,995.0,11.0,9
02,20,129,818.0,1029.0,9.0,9
02,20,130,823.0,1005.0,9.0,9
02,20,131,904.0,1036.0,9.0,9
02,20,132,880.0,1025.0,12.0,9
02,20,133,929.0,1015.0,12.0,9
02,20,134,953.0,923.0,12.0,9
02,20,135,1073.0,990.0,11.0,9
02,20,136,1117.0,988.0,9.0,9
02,20,137,980.0,965.0,11.0,9
02,20,138,964.0,949.0,12.0,9
02,20,139,1006.0,969.0,11.0,9
02,20,140,1045.0,1003.0,12.0,9
02,20,141,1014.0,1004.0,12.0,9
02,20,142,1100.0,1033.0,11.0,9
02,20,143,1023.0,1052.0,11.0,9
02,20,144,986.0,1010.0,11.0,9
02,20,145,1046.0,1037.0,12.0,9
02,20,146,1069.0,1024.0,11.0,9
02,20,147,1224.0,1053.0,7.0,9
02,20,148,1141.0,1097.0,8.0,9
02,20,149,1197.0,1111.0,8.0,9
02,20,150,1211.0,1079.0,7.0,9
02,20,151,1248.0,1100.0,8.0,9
02,20,152,1281.0,1103.0,7.0,9
02,20,153,1226.0,1113.0,7.0,9
02,20,154,1164.0,1139.0,7.0,9
02,20,155,1189.0,1144.0,6.0,9
02,20,156,1262.0,1123.0,7.0,9
02,20,157,1219.0,1144.0,8.0,9
02,20,158,1241.0,1148.0,7.0,9
02,20,159,1288.0,1319.0,7.0,9
02,20,160,1317.0,1176.0,7.0,9
02,20,161,1336.0,1239.0,6.0,9
02,20,162,1336.0,1211.0,8.0,9
02,20,163,1319.0,1218.0,8.0,9
02,20,164,1352.0,1186.0,7.0,9
02,20,165,1306.0,1254.0,8.0,9
02,20,166,1336.0,1306.0,6.0,9
02,20,167,1338.0,1346.0,8.0,9
02,20,169,1319.0,1336.0,7.0,9
02,20,170,1356.0,1279.0,9.0,9
02,20,172,1289.0,1344.0,9.0,9
02,20,173,1071.0,1060.0,11.0,9
02,20,174,1163.0,1076.0,9.0,9
02,20,175,1001.0,1055.0,12.0,9
02,20,176,973.0,1063.0,12.0,9
02,20,177,1101.0,1068.0,12.0,9
02,20,178,1118.0,1086.0,11.0,9
02,20,179,1128.0,1129.0,11.0,9
02,20,180,1165.0,1106.0,7.0,9
02,20,181,1096.0,1109.0,11.0,9
02,20,182,1046.0,1091.0,11.0,9
02,20,183,1075.0,1089.0,9.0,9
02,20,184,1185.0,1084.0,11.0,9
02,20,185,1259.0,1079.0,8.0,9
02,20,186,1269.0,1156.0,7.0,9
02,20,187,1301.0,1188.0,9.0,9
02,20,188,1248.0,1051.0,9.0,9
02,20,189,1284.0,1172.0,9.0,9
02,20,190,1369.0,1206.0,7.0,9
02,20,191,1296.0,1229.0,9.0,9
02,20,192,1328.0,1266.0,9.0,9
02,20,193,1358.0,1229.0,8.0,9
02,20,194,1309.0,1300.0,12.0,9
02,20,195,1335.0,1386.0,11.0,9
02,20,196,1381.0,1236.0,8.0,9
02,20,197,1297.0,1362.0,7.0,9
02,20,198,1317.0,1393.0,8.0,9
02,20,199,472.0,785.0,12.0,9
02,20,200,496.0,806.0,10.0,9
02,20,201,529.0,814.0,10.0,9
02,20,202,343.0,569.0,11.0,9
02,20,203,310.0,548.0,10.0,9
02,20,204,589.0,907.0,9.0,9
02,20,205,618.0,895.0,10.0,9
02,20,206,387.0,716.0,10.0,9
02,20,207,351.0,710.0,10.0,9
02,20,208,422.0,788.0,10.0,9
02,20,209,398.0,758.0,11.0,9
02,20,210,346.0,541.0,11.0,9
02,20,211,319.0,513.0,9.0,9
02,20,212,426.0,765.0,10.0,9
02,20,213,460.0,767.0,11.0,9
02,20,214,1145.0,1061.0,8.0,9
02,20,215,1124.0,1032.0,8.0,9
02,20,216,1364.0,1304.0,7.0,9
02,20,217,1363.0,1337.0,6.0,9
02,20,218,810.0,970.0,11.0,9
02,20,219,825.0,979.0,11.0,9
02,23,1,279.0,504.0,11.0,9
02,23,2,317.0,454.0,9.0,9
02,23,4,293.0,565.0,10.0,9
02,23,5,294.0,474.0,10.0,9
02,23,6,357.0,599.0,11.0,9
02,23,7,338.0,594.0,11.0,9
02,23,8,348.0,738.0,9.0,9
02,23,9,319.0,669.0,10.0,9
02,23,10,323.0,713.0,9.0,9
02,23,11,351.0,684.0,11.0,9
02,23,13,375.0,394.0,10.0,9
02,23,14,376.0,464.0,11.0,9
02,23,15,386.0,523.0,9.0,9
02,23,16,364.0,522.0,11.0,9
02,23,17,356.0,445.0,11.0,9
02,23,18,376.0,619.0,11.0,9
02,23,19,354.0,629.0,10.0,9
02,23,20,376.0,689.0,10.0,9
02,23,21,445.0,736.0,11.0,9
02,23,22,376.0,664.0,11.0,9
02,23,23,375.0,749.0,10.0,9
02,23,24,284.0,598.0,9.0,9
02,23,25,320.0,424.0,9.0,9
02,23,26,328.0,394.0,10.0,9
02,23,27,285.0,385.0,12.0,9
02,23,28,295.0,350.0,12.0,9
02,23,29,352.0,375.0,10.0,9
02,23,30,366.0,549.0,12.0,9
02,23,31,315.0,629.0,10.0,9
02,23,33,365.0,575.0,9.0,9
02,23,34,335.0,624.0,11.0,9
02,23,35,352.0,655.0,11.0,9
02,23,36,358.0,421.0,10.0,9
02,23,37,378.0,488.0,11.0,9
02,23,38,389.0,421.0,11.0,9
02,23,39,383.0,553.0,12.0,9
02,23,40,386.0,510.0,12.0,9
02,23,41,396.0,689.0,12.0,9
02,23,42,414.0,712.0,10.0,9
02,23,44,426.0,734.0,11.0,9
02,23,45,395.0,732.0,11.0,9
02,23,47,409.0,742.0,12.0,9
02,23,49,478.0,768.0,11.0,9
02,23,51,431.0,802.0,10.0,9
02,23,52,477.0,796.0,11.0,9
02,23,53,449.0,791.0,10.0,9
02,23,54,483.0,823.0,9.0,9
02,23,55,458.0,827.0,10.0,9
02,23,56,486.0,845.0,10.0,9
02,23,57,542.0,911.0,10.0,9
02,23,59,524.0,844.0,10.0,9
02,23,60,581.0,880.0,10.0,9
02,23,62,626.0,859.0,8.0,9
02,23,63,633.0,881.0,10.0,9
02,23,64,654.0,868.0,10.0,9
02,23,65,666.0,883.0,11.0,9
02,23,66,705.0,887.0,10.0,9
02,23,67,645.0,898.0,11.0,9
02,23,68,620.0,926.0,9.0,9
02,23,69,651.0,933.0,11.0,9
02,23,70,697.0,924.0,9.0,9
02,23,71,662.0,909.0,10.0,9
02,23,72,675.0,949.0,11.0,9
02,23,73,611.0,877.0,12.0,9
02,23,74,462.0,800.0,11.0,9
02,23,77,494.0,775.0,11.0,9
02,23,78,505.0,793.0,12.0,9
02,23,79,411.0,817.0,10.0,9
02,23,80,435.0,836.0,9.0,9
02,23,81,525.0,867.0,11.0,9
02,23,82,460.0,862.0,10.0,9
02,23,83,503.0,866.0,10.0,9
02,23,84,508.0,829.0,11.0,9
02,23,85,533.0,829.0,11.0,9
02,23,86,569.0,855.0,9.0,9
02,23,87,674.0,860.0,9.0,9
02,23,88,641.0,851.0,10.0,9
02,23,89,545.0,850.0,11.0,9
02,23,90,552.0,831.0,10.0,9
02,23,91,594.0,869.0,10.0,9
02,23,92,566.0,898.0,10.0,9
02,23,93,705.0,960.0,10.0,9
02,23,94,686.0,881.0,9.0,9
02,23,95,578.0,918.0,11.0,9
02,23,96,595.0,936.0,12.0,9
02,23,97,684.0,901.0,10.0,9
02,23,98,716.0,912.0,10.0,9
02,23,99,736.0,912.0,7.0,9
02,23,100,766.0,909.0,8.0,9
02,23,101,727.0,890.0,9.0,9
02,23,102,753.0,933.0,9.0,9
02,23,103,776.0,934.0,11.0,9
02,23,104,805.0,936.0,11.0,9
02,23,105,749.0,959.0,11.0,9
02,23,106,789.0,1020.0,9.0,9
02,23,107,727.0,987.0,11.0,9
02,23,108,766.0,990.0,9.0,9
02,23,109,773.0,959.0,9.0,9
02,23,111,859.0,950.0,10.0,9
02,23,112,865.0,979.0,10.0,9
02,23,113,838.0,954.0,9.0,9
02,23,114,885.0,959.0,11.0,9
02,23,115,914.0,964.0,10.0,9
02,23,116,961.0,988.0,11.0,9
02,23,117,1132.0,1006.0,7.0,9
02,23,118,1167.0,1038.0,7.0,9
02,23,120,846.0,992.0,9.0,9
02,23,121,1094.0,1008.0,11.0,9
02,23,122,830.0,926.0,10.0,9
02,23,123,793.0,987.0,8.0,9
02,23,124,886.0,985.0,12.0,9
02,23,125,932.0,940.0,12.0,9
02,23,126,903.0,934.0,10.0,9
02,23,127,941.0,970.0,12.0,9
02,23,128,911.0,993.0,10.0,9
02,23,129,818.0,1028.0,9.0,9
02,23,130,826.0,1004.0,9.0,9
02,23,131,903.0,1035.0,11.0,9
02,23,132,880.0,1023.0,12.0,9
02,23,133,930.0,1013.0,12.0,9
02,23,134,954.0,920.0,12.0,9
02,23,135,1074.0,990.0,11.0,9
02,23,136,1120.0,985.0,9.0,9
02,23,137,980.0,964.0,11.0,9
02,23,138,965.0,947.0,12.0,9
02,23,139,1006.0,969.0,11.0,9
02,23,140,1045.0,1003.0,12.0,9
02,23,141,1014.0,1004.0,12.0,9
02,23,142,1100.0,1031.0,11.0,9
02,23,143,1022.0,1050.0,10.0,9
02,23,144,987.0,1010.0,11.0,9
02,23,145,1047.0,1036.0,12.0,9
02,23,146,1070.0,1024.0,11.0,9
02,23,147,1224.0,1052.0,8.0,9
02,23,148,1141.0,1098.0,7.0,9
02,23,149,1199.0,1111.0,8.0,9
02,23,150,1211.0,1079.0,7.0,9
02,23,151,1249.0,1100.0,7.0,9
02,23,152,1281.0,1103.0,7.0,9
02,23,153,1226.0,1111.0,7.0,9
02,23,154,1164.0,1139.0,7.0,9
02,23,155,1189.0,1145.0,5.0,9
02,23,156,1262.0,1125.0,8.0,9
02,23,157,1219.0,1144.0,8.0,9
02,23,158,1241.0,1145.0,6.0,9
02,23,159,1289.0,1316.0,7.0,9
02,23,160,1318.0,1176.0,7.0,9
02,23,161,1336.0,1240.0,5.0,9
02,23,162,1337.0,1210.0,7.0,9
02,23,163,1316.0,1218.0,8.0,9
02,23,164,1354.0,1186.0,7.0,9
02,23,165,1307.0,1256.0,8.0,9
02,23,166,1337.0,1304.0,8.0,9
02,23,167,1339.0,1351.0,8.0,9
02,23,169,1319.0,1336.0,7.0,9
02,23,170,1356.0,1272.0,8.0,9
02,23,172,1291.0,1346.0,9.0,9
02,23,173,1071.0,1060.0,11.0,9
02,23,174,1164.0,1078.0,9.0,9
02,23,175,1001.0,1055.0,12.0,9
02,23,176,972.0,1064.0,12.0,9
02,23,177,1101.0,1067.0,10.0,9
02,23,178,1118.0,1085.0,11.0,9
02,23,179,1127.0,1128.0,11.0,9
02,23,180,1166.0,1106.0,8.0,9
02,23,181,1096.0,1109.0,11.0,9
02,23,182,1046.0,1090.0,11.0,9
02,23,183,1076.0,1088.0,11.0,9
02,23,184,1185.0,1085.0,11.0,9
02,23,185,1260.0,1079.0,7.0,9
02,23,186,1269.0,1155.0,8.0,9
02,23,187,1303.0,1186.0,8.0,9
02,23,188,1246.0,1048.0,9.0,9
02,23,189,1282.0,1174.0,9.0,9
02,23,190,1369.0,1206.0,8.0,9
02,23,191,1296.0,1232.0,8.0,9
02,23,192,1326.0,1266.0,8.0,9
02,23,193,1358.0,1229.0,7.0,9
02,23,194,1308.0,1295.0,12.0,9
02,23,195,1338.0,1386.0,11.0,9
02,23,196,1381.0,1236.0,8.0,9
02,23,197,1298.0,1365.0,7.0,9
02,23,198,1316.0,1391.0,7.0,9
02,23,199,473.0,785.0,12.0,9
02,23,200,499.0,803.0,10.0,9
02,23,201,527.0,813.0,10.0,9
02,23,202,343.0,570.0,11.0,9
02,23,203,313.0,546.0,10.0,9
02,23,204,592.0,903.0,9.0,9
02,23,205,619.0,895.0,9.0,9
02,23,206,388.0,715.0,9.0,9
02,23,207,350.0,709.0,10.0,9
02,23,208,424.0,784.0,10.0,9
02,23,209,398.0,758.0,10.0,9
02,23,210,347.0,543.0,11.0,9
02,23,211,322.0,512.0,10.0,9
02,23,212,425.0,761.0,10.0,9
02,23,213,463.0,767.0,10.0,9
02,23,214,1148.0,1063.0,9.0,9
02,23,215,1124.0,1034.0,7.0,9
02,23,216,1364.0,1300.0,7.0,9
02,23,217,1364.0,1337.0,6.0,9
02,23,218,806.0,963.0,10.0,9
02,23,219,831.0,981.0,10.0,9
02,23,220,355.0,499.0,10.0,9
02,23,221,348.0,493.0,9.0,9
02,23,222,552.0,870.0,9.0,9
02,23,223,546.0,878.0,9.0,9
02,24,1,279.0,504.0,11.0,9
02,24,2,318.0,455.0,9.0,9
02,24,4,294.0,566.0,10.0,9
02,24,5,294.0,474.0,10.0,9
02,24,6,357.0,600.0,11.0,9
02,24,7,338.0,594.0,11.0,9
02,24,8,347.0,738.0,9.0,9
02,24,9,320.0,670.0,11.0,9
02,24,10,324.0,712.0,10.0,9
02,24,11,351.0,684.0,11.0,9
02,24,13,375.0,394.0,11.0,9
02,24,14,376.0,464.0,11.0,9
02,24,15,387.0,522.0,9.0,9
02,24,16,364.0,523.0,11.0,9
02,24,17,357.0,446.0,11.0,9
02,24,18,376.0,619.0,10.0,9
02,24,19,355.0,630.0,11.0,9
02,24,20,376.0,689.0,10.0,9
02,24,21,445.0,736.0,11.0,9
02,24,22,376.0,664.0,11.0,9
02,24,23,376.0,748.0,10.0,9
02,24,24,284.0,599.0,9.0,9
02,24,25,321.0,424.0,9.0,9
02,24,26,328.0,394.0,10.0,9
02,24,27,286.0,386.0,12.0,9
02,24,28,295.0,350.0,11.0,9
02,24,29,353.0,375.0,10.0,9
02,24,30,365.0,550.0,12.0,9
02,24,31,314.0,629.0,11.0,9
02,24,33,364.0,574.0,9.0,9
02,24,34,336.0,624.0,11.0,9
02,24,35,353.0,656.0,11.0,9
02,24,36,358.0,421.0,10.0,9
02,24,37,378.0,489.0,12.0,9
02,24,38,389.0,421.0,11.0,9
02,24,39,383.0,552.0,12.0,9
02,24,40,386.0,510.0,12.0,9
02,24,41,397.0,688.0,12.0,9
02,24,42,414.0,711.0,10.0,9
02,24,44,426.0,734.0,11.0,9
02,24,45,395.0,731.0,11.0,9
02,24,47,409.0,742.0,11.0,9
02,24,49,477.0,767.0,11.0,9
02,24,51,431.0,801.0,10.0,9
02,24,52,477.0,796.0,11.0,9
02,24,53,449.0,789.0,10.0,9
02,24,54,484.0,823.0,10.0,9
02,24,55,458.0,827.0,10.0,9
02,24,56,485.0,843.0,10.0,9
02,24,57,541.0,910.0,10.0,9
02,24,59,524.0,844.0,10.0,9
02,24,60,580.0,878.0,10.0,9
02,24,62,626.0,858.0,8.0,9
02,24,63,634.0,880.0,10.0,9
02,24,64,655.0,866.0,10.0,9
02,24,65,666.0,881.0,11.0,9
02,24,66,705.0,885.0,11.0,9
02,24,67,645.0,897.0,11.0,9
02,24,68,622.0,926.0,8.0,9
02,24,69,651.0,933.0,11.0,9
02,24,70,697.0,922.0,9.0,9
02,24,71,662.0,908.0,10.0,9
02,24,72,676.0,949.0,11.0,9
02,24,73,611.0,876.0,11.0,9
02,24,74,462.0,801.0,11.0,9
02,24,77,494.0,775.0,11.0,9
02,24,78,505.0,793.0,12.0,9
02,24,79,412.0,816.0,9.0,9
02,24,80,435.0,836.0,9.0,9
02,24,81,526.0,867.0,11.0,9
02,24,82,460.0,861.0,10.0,9
02,24,83,504.0,865.0,10.0,9
02,24,84,508.0,829.0,11.0,9
02,24,85,534.0,829.0,12.0,9
02,24,86,566.0,856.0,9.0,9
02,24,87,675.0,858.0,9.0,9
02,24,88,641.0,850.0,10.0,9
02,24,89,545.0,850.0,11.0,9
02,24,90,553.0,828.0,10.0,9
02,24,91,593.0,868.0,11.0,9
02,24,92,566.0,898.0,10.0,9
02,24,93,706.0,959.0,10.0,9
02,24,94,686.0,880.0,9.0,9
02,24,95,580.0,917.0,11.0,9
02,24,96,595.0,934.0,12.0,9
02,24,97,685.0,900.0,10.0,9
02,24,98,717.0,911.0,9.0,9
02,24,99,737.0,911.0,7.0,9
02,24,100,766.0,907.0,8.0,9
02,24,101,726.0,890.0,9.0,9
02,24,102,753.0,931.0,9.0,9
02,24,103,776.0,933.0,11.0,9
02,24,104,804.0,935.0,11.0,9
02,24,105,750.0,958.0,11.0,9
02,24,106,790.0,1020.0,9.0,9
02,24,107,727.0,986.0,11.0,9
02,24,108,766.0,989.0,9.0,9
02,24,109,773.0,959.0,9.0,9
02,24,111,859.0,950.0,11.0,9
02,24,112,864.0,978.0,11.0,9
02,24,113,837.0,953.0,9.0,9
02,24,114,885.0,958.0,11.0,9
02,24,115,915.0,962.0,11.0,9
02,24,116,961.0,988.0,11.0,9
02,24,117,1133.0,1006.0,6.0,9
02,24,118,1167.0,1038.0,7.0,9
02,24,120,847.0,993.0,10.0,9
02,24,121,1094.0,1008.0,11.0,9
02,24,122,830.0,925.0,11.0,9
02,24,123,794.0,985.0,8.0,9
02,24,124,885.0,985.0,12.0,9
02,24,125,932.0,940.0,12.0,9
02,24,126,903.0,934.0,11.0,9
02,24,127,941.0,969.0,12.0,9
02,24,128,911.0,992.0,10.0,9
02,24,129,818.0,1027.0,10.0,9
02,24,130,826.0,1004.0,9.0,9
02,24,131,903.0,1035.0,11.0,9
02,24,132,880.0,1023.0,12.0,9
02,24,133,930.0,1012.0,12.0,9
02,24,134,953.0,920.0,12.0,9
02,24,135,1074.0,990.0,11.0,9
02,24,136,1121.0,985.0,9.0,9
02,24,137,982.0,964.0,11.0,9
02,24,138,965.0,947.0,12.0,9
02,24,139,1006.0,968.0,11.0,9
02,24,140,1045.0,1003.0,12.0,9
02,24,141,1014.0,1004.0,12.0,9
02,24,142,1100.0,1031.0,11.0,9
02,24,143,1022.0,1050.0,11.0,9
02,24,144,988.0,1009.0,11.0,9
02,24,145,1046.0,1036.0,12.0,9
02,24,146,1070.0,1022.0,11.0,9
02,24,147,1224.0,1052.0,8.0,9
02,24,148,1140.0,1098.0,7.0,9
02,24,149,1199.0,1112.0,8.0,9
02,24,150,1211.0,1079.0,7.0,9
02,24,151,1249.0,1101.0,7.0,9
02,24,152,1282.0,1102.0,7.0,9
02,24,153,1226.0,1111.0,7.0,9
02,24,154,1164.0,1139.0,7.0,9
02,24,155,1189.0,1145.0,5.0,9
02,24,156,1262.0,1125.0,8.0,9
02,24,157,1219.0,1144.0,8.0,9
02,24,158,1241.0,1144.0,6.0,9
02,24,159,1289.0,1316.0,7.0,9
02,24,160,1318.0,1176.0,7.0,9
02,24,161,1336.0,1241.0,5.0,9
02,24,162,1337.0,1210.0,7.0,9
02,24,163,1315.0,1219.0,8.0,9
02,24,164,1354.0,1186.0,7.0,9
02,24,165,1306.0,1256.0,8.0,9
02,24,166,1339.0,1303.0,8.0,9
02,24,167,1339.0,1351.0,8.0,9
02,24,169,1320.0,1335.0,8.0,9
02,24,170,1356.0,1271.0,8.0,9
02,24,172,1292.0,1346.0,9.0,9
02,24,173,1071.0,1059.0,11.0,9
02,24,174,1164.0,1077.0,9.0,9
02,24,175,1000.0,1056.0,12.0,9
02,24,176,972.0,1063.0,12.0,9
02,24,177,1101.0,1067.0,10.0,9
02,24,178,1118.0,1084.0,11.0,9
02,24,179,1128.0,1127.0,11.0,9
02,24,180,1166.0,1106.0,7.0,9
02,24,181,1096.0,1109.0,11.0,9
02,24,182,1046.0,1090.0,11.0,9
02,24,183,1075.0,1087.0,11.0,9
02,24,184,1185.0,1084.0,11.0,9
02,24,185,1260.0,1078.0,7.0,9
02,24,186,1269.0,1155.0,8.0,9
02,24,187,1302.0,1185.0,8.0,9
02,24,188,1246.0,1048.0,8.0,9
02,24,189,1282.0,1173.0,9.0,9
02,24,190,1369.0,1206.0,8.0,9
02,24,191,1296.0,1233.0,8.0,9
02,24,192,1326.0,1267.0,7.0,9
02,24,193,1358.0,1229.0,7.0,9
02,24,194,1308.0,1297.0,12.0,9
02,24,195,1338.0,1386.0,11.0,9
02,24,196,1381.0,1236.0,8.0,9
02,24,197,1299.0,1365.0,7.0,9
02,24,198,1316.0,1391.0,7.0,9
02,24,199,474.0,785.0,12.0,9
02,24,200,500.0,804.0,11.0,9
02,24,201,525.0,812.0,11.0,9
02,24,202,342.0,570.0,11.0,9
02,24,203,314.0,545.0,10.0,9
02,24,204,593.0,903.0,9.0,9
02,24,205,619.0,895.0,9.0,9
02,24,206,388.0,716.0,9.0,9
02,24,207,351.0,709.0,10.0,9
02,24,208,424.0,784.0,10.0,9
02,24,209,398.0,758.0,10.0,9
02,24,210,348.0,542.0,11.0,9
02,24,211,323.0,513.0,9.0,9
02,24,212,426.0,760.0,10.0,9
02,24,213,464.0,767.0,9.0,9
02,24,214,1148.0,1063.0,9.0,9
02,24,215,1124.0,1034.0,7.0,9
02,24,216,1365.0,1298.0,7.0,9
02,24,217,1364.0,1341.0,6.0,9
02,24,218,806.0,961.0,10.0,9
02,24,219,832.0,982.0,10.0,9
02,24,220,359.0,501.0,10.0,9
02,24,221,345.0,490.0,9.0,9
02,24,222,554.0,867.0,9.0,9
02,24,223,543.0,882.0,10.0,9
02,25,1,279.0,504.0,11.0,9
02,25,2,319.0,455.0,9.0,9
02,25,4,295.0,566.0,10.0,9
02,25,5,294.0,474.0,10.0,9
02,25,6,357.0,599.0,11.0,9
02,25,7,337.0,594.0,11.0,9
02,25,8,347.0,739.0,9.0,9
02,25,9,321.0,671.0,11.0,9
02,25,10,325.0,711.0,11.0,9
02,25,11,352.0,683.0,11.0,9
02,25,13,375.0,394.0,11.0,9
02,25,14,377.0,465.0,11.0,9
02,25,15,388.0,522.0,9.0,9
02,25,16,364.0,524.0,11.0,9
02,25,17,358.0,447.0,11.0,9
02,25,18,377.0,619.0,10.0,9
02,25,19,356.0,630.0,11.0,9
02,25,20,376.0,688.0,10.0,9
02,25,21,446.0,736.0,11.0,9
02,25,22,376.0,665.0,11.0,9
02,25,23,375.0,749.0,10.0,9
02,25,24,284.0,599.0,9.0,9
02,25,25,321.0,424.0,9.0,9
02,25,26,328.0,394.0,9.0,9
02,25,27,287.0,387.0,12.0,9
02,25,28,295.0,349.0,11.0,9
02,25,29,354.0,375.0,10.0,9
02,25,30,365.0,552.0,12.0,9
02,25,31,313.0,628.0,11.0,9
02,25,33,363.0,573.0,9.0,9
02,25,34,336.0,624.0,11.0,9
02,25,35,354.0,656.0,11.0,9
02,25,36,358.0,421.0,10.0,9
02,25,37,379.0,490.0,12.0,9
02,25,38,389.0,421.0,11.0,9
02,25,39,384.0,551.0,12.0,9
02,25,40,386.0,509.0,12.0,9
02,25,41,397.0,687.0,12.0,9
02,25,42,414.0,711.0,10.0,9
02,25,44,426.0,734.0,11.0,9
02,25,45,394.0,731.0,11.0,9
02,25,47,410.0,742.0,11.0,9
02,25,49,477.0,767.0,11.0,9
02,25,51,432.0,800.0,10.0,9
02,25,52,478.0,796.0,10.0,9
02,25,53,449.0,787.0,9.0,9
02,25,54,484.0,823.0,10.0,9
02,25,55,459.0,826.0,10.0,9
02,25,56,485.0,843.0,10.0,9
02,25,57,540.0,909.0,11.0,9
02,25,59,525.0,843.0,9.0,9
02,25,60,579.0,877.0,11.0,9
02,25,62,627.0,858.0,8.0,9
02,25,63,635.0,879.0,9.0,9
02,25,64,656.0,865.0,9.0,9
02,25,65,666.0,880.0,11.0,9
02,25,66,705.0,883.0,11.0,9
02,25,67,647.0,896.0,10.0,9
02,25,68,623.0,926.0,8.0,9
02,25,69,653.0,932.0,11.0,9
02,25,70,695.0,920.0,9.0,9
02,25,71,661.0,907.0,10.0,9
02,25,72,676.0,949.0,11.0,9
02,25,73,611.0,876.0,11.0,9
02,25,74,463.0,801.0,11.0,9
02,25,77,494.0,775.0,11.0,9
02,25,78,505.0,792.0,12.0,9
02,25,79,411.0,815.0,9.0,9
02,25,80,435.0,835.0,9.0,9
02,25,81,527.0,867.0,11.0,9
02,25,82,460.0,861.0,10.0,9
02,25,83,506.0,864.0,10.0,9
02,25,84,508.0,829.0,11.0,9
02,25,85,533.0,829.0,12.0,9
02,25,87,676.0,857.0,9.0,9
02,25,88,642.0,849.0,10.0,9
02,25,89,544.0,850.0,12.0,9
02,25,90,554.0,826.0,10.0,9
02,25,91,594.0,867.0,10.0,9
02,25,92,566.0,896.0,10.0,9
02,25,93,707.0,958.0,10.0,9
02,25,94,686.0,879.0,9.0,9
02,25,95,581.0,916.0,11.0,9
02,25,96,596.0,933.0,12.0,9
02,25,97,684.0,899.0,10.0,9
02,25,98,718.0,911.0,9.0,9
02,25,99,738.0,910.0,7.0,9
02,25,100,766.0,907.0,7.0,9
02,25,101,726.0,889.0,9.0,9
02,25,102,753.0,930.0,9.0,9
02,25,103,776.0,932.0,11.0,9
02,25,104,804.0,933.0,11.0,9
02,25,105,747.0,957.0,11.0,9
02,25,106,791.0,1019.0,9.0,9
02,25,107,727.0,987.0,11.0,9
02,25,108,766.0,989.0,10.0,9
02,25,109,773.0,958.0,9.0,9
02,25,111,857.0,949.0,11.0,9
02,25,112,865.0,978.0,11.0,9
02,25,113,837.0,952.0,10.0,9
02,25,114,886.0,958.0,10.0,9
02,25,115,915.0,962.0,11.0,9
02,25,116,961.0,986.0,11.0,9
02,25,117,1133.0,1006.0,6.0,9
02,25,118,1168.0,1037.0,7.0,9
02,25,120,847.0,994.0,10.0,9
02,25,121,1094.0,1007.0,11.0,9
02,25,122,830.0,924.0,11.0,9
02,25,123,795.0,986.0,9.0,9
02,25,124,885.0,985.0,12.0,9
02,25,125,933.0,939.0,12.0,9
02,25,126,904.0,933.0,11.0,9
02,25,127,941.0,969.0,12.0,9
02,25,128,910.0,991.0,11.0,9
02,25,129,817.0,1027.0,11.0,9
02,25,130,827.0,1003.0,9.0,9
02,25,131,903.0,1035.0,11.0,9
02,25,132,881.0,1024.0,12.0,9
02,25,133,930.0,1011.0,12.0,9
02,25,134,954.0,920.0,12.0,9
02,25,135,1074.0,989.0,11.0,9
02,25,136,1121.0,985.0,9.0,9
02,25,137,983.0,963.0,11.0,9
02,25,138,965.0,947.0,12.0,9
02,25,139,1006.0,968.0,11.0,9
02,25,140,1045.0,1002.0,11.0,9
02,25,141,1014.0,1004.0,12.0,9
02,25,142,1100.0,1031.0,11.0,9
02,25,143,1022.0,1050.0,11.0,9
02,25,144,988.0,1009.0,11.0,9
02,25,145,1046.0,1037.0,12.0,9
02,25,146,1070.0,1021.0,11.0,9
02,25,147,1224.0,1052.0,8.0,9
02,25,148,1140.0,1097.0,7.0,9
02,25,149,1200.0,1112.0,8.0,9
02,25,150,1211.0,1079.0,7.0,9
02,25,151,1248.0,1101.0,7.0,9
02,25,152,1283.0,1102.0,7.0,9
02,25,153,1226.0,1110.0,7.0,9
02,25,154,1164.0,1139.0,7.0,9
02,25,155,1189.0,1145.0,5.0,9
02,25,156,1262.0,1125.0,8.0,9
02,25,157,1218.0,1144.0,8.0,9
02,25,158,1241.0,1144.0,6.0,9
02,25,159,1290.0,1315.0,6.0,9
02,25,160,1318.0,1176.0,7.0,9
02,25,161,1336.0,1241.0,6.0,9
02,25,162,1337.0,1210.0,7.0,9
02,25,163,1316.0,1219.0,8.0,9
02,25,164,1354.0,1186.0,7.0,9
02,25,165,1306.0,1255.0,7.0,9
02,25,166,1340.0,1304.0,8.0,9
02,25,167,1339.0,1351.0,8.0,9
02,25,169,1321.0,1335.0,8.0,9
02,25,170,1356.0,1271.0,7.0,9
02,25,172,1293.0,1346.0,9.0,9
02,25,173,1070.0,1059.0,11.0,9
02,25,174,1163.0,1077.0,9.0,9
02,25,175,1000.0,1055.0,12.0,9
02,25,176,973.0,1062.0,12.0,9
02,25,177,1102.0,1065.0,11.0,9
02,25,178,1119.0,1084.0,11.0,9
02,25,179,1128.0,1126.0,11.0,9
02,25,180,1166.0,1106.0,7.0,9
02,25,181,1096.0,1109.0,11.0,9
02,25,182,1046.0,1091.0,11.0,9
02,25,183,1075.0,1086.0,11.0,9
02,25,184,1185.0,1083.0,11.0,9
02,25,185,1260.0,1078.0,7.0,9
02,25,186,1269.0,1155.0,7.0,9
02,25,187,1301.0,1184.0,8.0,9
02,25,188,1247.0,1048.0,8.0,9
02,25,189,1283.0,1174.0,9.0,9
02,25,190,1369.0,1206.0,7.0,9
02,25,191,1296.0,1234.0,8.0,9
02,25,192,1326.0,1269.0,7.0,9
02,25,193,1358.0,1230.0,7.0,9
02,25,194,1312.0,1299.0,12.0,9
02,25,195,1339.0,1386.0,11.0,9
02,25,196,1381.0,1235.0,8.0,9
02,25,197,1300.0,1364.0,7.0,9
02,25,198,1316.0,1391.0,8.0,9
02,25,199,474.0,785.0,12.0,9
02,25,200,501.0,806.0,11.0,9
02,25,201,524.0,812.0,11.0,9
02,25,202,341.0,570.0,11.0,9
02,25,203,315.0,545.0,10.0,9
02,25,204,594.0,902.0,9.0,9
02,25,205,619.0,895.0,9.0,9
02,25,206,387.0,716.0,9.0,9
02,25,207,351.0,709.0,10.0,9
02,25,208,424.0,784.0,9.0,9
02,25,209,397.0,757.0,10.0,9
02,25,210,348.0,541.0,11.0,9
02,25,211,323.0,512.0,9.0,9
02,25,212,427.0,760.0,9.0,9
02,25,213,465.0,767.0,10.0,9
02,25,214,1148.0,1063.0,9.0,9
02,25,215,1124.0,1034.0,7.0,9
02,25,216,1365.0,1297.0,7.0,9
02,25,217,1365.0,1344.0,6.0,9
02,25,218,806.0,959.0,10.0,9
02,25,219,833.0,982.0,11.0,9
02,25,220,362.0,502.0,10.0,9
02,25,221,343.0,486.0,9.0,9
02,25,222,554.0,865.0,10.0,9
02,25,223,541.0,884.0,10.0,9
02,25,224,563.0,857.0,10.0,9
02,25,225,575.0,855.0,9.0,9
02,40,1,284.0,509.0,10.0,9
02,40,2,320.0,456.0,9.0,9
02,40,4,304.0,574.0,11.0,9
02,40,5,294.0,471.0,10.0,9
02,40,6,360.0,596.0,11.0,9
02,40,7,343.0,597.0,11.0,9
02,40,8,352.0,731.0,10.0,9
02,40,9,318.0,671.0,11.0,9
02,40,10,324.0,709.0,9.0,9
02,40,11,354.0,675.0,11.0,9
02,40,13,381.0,398.0,11.0,9
02,40,14,378.0,469.0,11.0,9
02,40,15,390.0,523.0,9.0,9
02,40,16,364.0,526.0,11.0,9
02,40,17,364.0,448.0,12.0,9
02,40,18,378.0,618.0,11.0,9
02,40,19,358.0,629.0,11.0,9
02,40,20,380.0,686.0,10.0,9
02,40,21,447.0,729.0,11.0,9
02,40,22,382.0,665.0,12.0,9
02,40,23,381.0,737.0,11.0,9
02,40,24,285.0,603.0,11.0,9
02,40,25,324.0,424.0,10.0,9
02,40,26,339.0,395.0,11.0,9
02,40,27,296.0,386.0,11.0,9
02,40,28,306.0,351.0,11.0,9
02,40,29,360.0,378.0,11.0,9
02,40,30,366.0,554.0,11.0,9
02,40,31,315.0,632.0,11.0,9
02,40,33,367.0,575.0,9.0,9
02,40,34,339.0,629.0,11.0,9
02,40,35,359.0,654.0,11.0,9
02,40,36,358.0,424.0,11.0,9
02,40,37,382.0,489.0,12.0,9
02,40,38,390.0,423.0,12.0,9
02,40,39,389.0,551.0,11.0,9
02,40,40,395.0,506.0,12.0,9
02,40,41,401.0,681.0,10.0,9
02,40,42,419.0,706.0,10.0,9
02,40,44,430.0,731.0,12.0,9
02,40,45,397.0,729.0,11.0,9
02,40,47,412.0,735.0,11.0,9
02,40,51,440.0,794.0,10.0,9
02,40,52,482.0,790.0,10.0,9
02,40,53,452.0,774.0,11.0,9
02,40,54,484.0,814.0,9.0,9
02,40,55,465.0,815.0,11.0,9
02,40,56,489.0,834.0,11.0,9
02,40,57,551.0,905.0,9.0,9
02,40,59,533.0,832.0,11.0,9
02,40,60,581.0,862.0,11.0,9
02,40,62,640.0,843.0,9.0,9
02,40,63,643.0,861.0,10.0,9
02,40,64,660.0,848.0,9.0,9
02,40,65,672.0,864.0,10.0,9
02,40,66,709.0,864.0,9.0,9
02,40,67,656.0,875.0,11.0,9
02,40,69,672.0,917.0,9.0,9
02,40,70,700.0,896.0,9.0,9
02,40,71,664.0,893.0,10.0,9
02,40,72,690.0,932.0,10.0,9
02,40,73,621.0,859.0,9.0,9
02,40,74,463.0,791.0,11.0,9
02,40,77,498.0,764.0,11.0,9
02,40,78,504.0,783.0,12.0,9
02,40,79,416.0,801.0,10.0,9
02,40,80,436.0,820.0,11.0,9
02,40,81,542.0,851.0,11.0,9
02,40,82,464.0,850.0,9.0,9
02,40,84,510.0,820.0,11.0,9
02,40,85,532.0,818.0,12.0,9
02,40,87,680.0,840.0,10.0,9
02,40,88,653.0,829.0,11.0,9
02,40,89,553.0,841.0,12.0,9
02,40,91,602.0,852.0,11.0,9
02,40,92,572.0,885.0,11.0,9
02,40,93,717.0,938.0,10.0,9
02,40,94,691.0,860.0,10.0,9
02,40,95,595.0,897.0,10.0,9
02,40,96,614.0,913.0,11.0,9
02,40,97,685.0,884.0,11.0,9
02,40,98,720.0,896.0,7.0,9
02,40,99,738.0,893.0,7.0,9
02,40,100,767.0,887.0,8.0,9
02,40,101,728.0,869.0,10.0,9
02,40,102,759.0,911.0,10.0,9
02,40,103,781.0,913.0,11.0,9
02,40,104,810.0,914.0,11.0,9
02,40,105,749.0,940.0,11.0,9
02,40,106,792.0,1006.0,11.0,9
02,40,107,739.0,973.0,11.0,9
02,40,108,771.0,968.0,11.0,9
02,40,109,775.0,934.0,11.0,9
02,40,111,859.0,930.0,11.0,9
02,40,112,865.0,959.0,11.0,9
02,40,113,837.0,942.0,10.0,9
02,40,114,886.0,942.0,11.0,9
02,40,115,915.0,943.0,11.0,9
02,40,116,962.0,977.0,12.0,9
02,40,117,1128.0,1009.0,6.0,9
02,40,118,1170.0,1039.0,8.0,9
02,40,120,851.0,982.0,11.0,9
02,40,121,1091.0,1000.0,7.0,9
02,40,122,834.0,908.0,9.0,9
02,40,124,888.0,972.0,11.0,9
02,40,125,935.0,926.0,12.0,9
02,40,126,906.0,917.0,11.0,9
02,40,127,941.0,959.0,12.0,9
02,40,128,911.0,982.0,11.0,9
02,40,129,820.0,1015.0,10.0,9
02,40,130,831.0,992.0,9.0,9
02,40,131,906.0,1027.0,11.0,9
02,40,132,881.0,1010.0,10.0,9
02,40,133,931.0,1005.0,12.0,9
02,40,134,956.0,911.0,11.0,9
02,40,135,1074.0,981.0,11.0,9
02,40,136,1123.0,984.0,11.0,9
02,40,137,981.0,960.0,11.0,9
02,40,138,967.0,937.0,12.0,9
02,40,139,1006.0,964.0,12.0,9
02,40,140,1044.0,991.0,11.0,9
02,40,141,1014.0,1004.0,12.0,9
02,40,142,1102.0,1026.0,12.0,9
02,40,143,1023.0,1045.0,12.0,9
02,40,144,986.0,1003.0,12.0,9
02,40,145,1046.0,1034.0,12.0,9
02,40,146,1068.0,1015.0,11.0,9
02,40,147,1227.0,1050.0,8.0,9
02,40,148,1140.0,1095.0,7.0,9
02,40,149,1201.0,1111.0,7.0,9
02,40,150,1213.0,1073.0,6.0,9
02,40,151,1248.0,1096.0,7.0,9
02,40,152,1283.0,1100.0,8.0,9
02,40,153,1227.0,1111.0,6.0,9
02,40,154,1161.0,1141.0,7.0,9
02,40,155,1189.0,1146.0,6.0,9
02,40,156,1264.0,1123.0,8.0,9
02,40,157,1219.0,1144.0,7.0,9
02,40,158,1244.0,1144.0,6.0,9
02,40,159,1296.0,1319.0,6.0,9
02,40,160,1325.0,1182.0,8.0,9
02,40,161,1350.0,1241.0,5.0,9
02,40,162,1349.0,1211.0,8.0,9
02,40,163,1321.0,1223.0,6.0,9
02,40,164,1373.0,1189.0,6.0,9
02,40,165,1315.0,1258.0,7.0,9
02,40,166,1356.0,1304.0,6.0,9
02,40,167,1362.0,1348.0,6.0,9
02,40,169,1331.0,1335.0,7.0,9
02,40,170,1383.0,1274.0,9.0,9
02,40,172,1301.0,1347.0,7.0,9
02,40,173,1068.0,1057.0,11.0,9
02,40,174,1164.0,1079.0,11.0,9
02,40,175,999.0,1056.0,12.0,9
02,40,176,974.0,1057.0,12.0,9
02,40,177,1100.0,1063.0,12.0,9
02,40,178,1118.0,1086.0,11.0,9
02,40,179,1129.0,1129.0,11.0,9
02,40,180,1166.0,1109.0,6.0,9
02,40,181,1098.0,1106.0,10.0,9
02,40,182,1046.0,1088.0,8.0,9
02,40,183,1074.0,1087.0,7.0,9
02,40,184,1184.0,1082.0,11.0,9
02,40,185,1259.0,1073.0,8.0,9
02,40,186,1271.0,1151.0,8.0,9
02,40,187,1305.0,1195.0,7.0,9
02,40,188,1247.0,1046.0,7.0,9
02,40,189,1288.0,1175.0,7.0,9
02,40,190,1397.0,1208.0,6.0,9
02,40,191,1296.0,1234.0,8.0,9
02,40,192,1343.0,1271.0,8.0,9
02,40,193,1381.0,1233.0,6.0,9
02,40,194,1326.0,1291.0,12.0,9
02,40,195,1358.0,1383.0,9.0,9
02,40,196,1420.0,1237.0,7.0,9
02,40,197,1315.0,1364.0,7.0,9
02,40,198,1327.0,1386.0,7.0,9
02,40,199,478.0,775.0,11.0,9
02,40,200,498.0,803.0,10.0,9
02,40,201,518.0,803.0,11.0,9
02,40,202,337.0,568.0,10.0,9
02,40,203,319.0,541.0,10.0,9
02,40,204,602.0,881.0,10.0,9
02,40,205,626.0,872.0,11.0,9
02,40,206,383.0,709.0,10.0,9
02,40,207,354.0,699.0,11.0,9
02,40,208,425.0,776.0,11.0,9
02,40,209,405.0,754.0,11.0,9
02,40,210,348.0,539.0,11.0,9
02,40,211,335.0,504.0,10.0,9
02,40,212,442.0,756.0,11.0,9
02,40,213,464.0,758.0,9.0,9
02,40,214,1142.0,1063.0,9.0,9
02,40,215,1123.0,1036.0,8.0,9
02,40,216,1402.0,1296.0,6.0,9
02,40,217,1401.0,1337.0,6.0,9
02,40,218,817.0,936.0,10.0,9
02,40,219,833.0,965.0,11.0,9
02,40,220,373.0,503.0,11.0,9
02,40,221,348.0,476.0,9.0,9
02,40,222,560.0,860.0,11.0,9
02,40,223,545.0,872.0,10.0,9
02,40,224,573.0,844.0,11.0,9
02,40,225,591.0,841.0,10.0,9
02,40,226,542.0,811.0,11.0,9
02,40,227,571.0,818.0,9.0,9
02,40,228,812.0,977.0,7.0,9
02,40,229,791.0,944.0,8.0,9
02,40,230,638.0,926.0,11.0,9
02,40,231,633.0,888.0,8.0,9
02,40,232,427.0,757.0,11.0,9
02,40,233,526.0,848.0,11.0,9
02,40,234,503.0,858.0,10.0,9
