budget,rank,panel,mask,robust_worstcase_ambiguity_elimination,expected_failure_worstscenario_ambiguity_elimination,robust_pair_separation,expected_failure_worstscenario_pair_separation,robust_uniform_entropy_bits,expected_failure_worstscenario_uniform_entropy_bits,robust_skew_entropy_bits,robust_truth_rooted_elimination,expected_failure_worstscenario_truth_rooted_worsttruth_elimination,expected_failure_worstscenario_truth_rooted_uniformprior_elimination,cost,burden,k
pilot_tight,1,0010 0100 1000,276,120.0,123.22491999999998,7535.0,7757.037469999999,6.625,6.7283409375000005,5.946439344671015,110.0,117.47927100000001,122.34339731250002,36,15,3
pilot_tight,2,0000 0110 1010,1089,120.0,123.21600000000002,7535.0,7750.500000000002,6.625,6.7283750000000015,5.946439344671015,110.0,117.2452,122.2729,38,16,3
pilot_tight,3,0000 0110 1100,4161,120.0,123.21600000000002,7535.0,7754.2440000000015,6.625,6.727250000000001,5.946439344671015,110.0,117.4252,122.3072125,38,16,3
pilot_tight,4,0000 1010 1100,5121,120.0,123.14400000000003,7535.0,7755.3420000000015,6.625,6.7261250000000015,5.946439344671015,110.0,117.40720000000002,122.31368125000003,38,16,3
pilot_tight,5,0010 0100 1110,16404,120.0,123.20548000000001,7535.0,7747.417730000001,6.625,6.7271653125,5.946439344671015,110.0,117.18390900000003,122.23229081250001,40,17,3
pilot_tight,6,0010 1000 1110,16644,120.0,123.13268000000001,7535.0,7748.527930000002,6.625,6.7260278125,5.946439344671015,110.0,117.16570900000002,122.2388314375,40,17,3
pilot_tight,7,0100 1000 1110,16656,120.0,123.13268000000001,7535.0,7752.313530000001,6.625,6.7248903125,5.946439344671015,110.0,117.34770900000002,122.2735251875,40,17,3
pilot_tight,8,0011 0101 1001,552,120.0,123.12,7535.0,7745.220000000002,6.625,6.7246875,5.946439344671015,110.0,117.099,122.19440625000001,42,18,3
pilot_tight,9,0110 1010 1100,5184,120.0,123.12,7535.0,7745.220000000002,6.625,6.7246875,5.946439344671015,110.0,117.099,122.19440625000001,42,18,3
pilot_tight,10,0001 0111 1011,2178,120.0,123.10892000000003,7535.0,7738.456870000002,6.625,6.7245909375,5.946439344671015,110.0,116.85951100000001,122.12009293749999,44,19,3
pilot_tight,11,0001 0111 1101,8322,120.0,123.10892000000003,7535.0,7742.159270000001,6.625,6.7234784375,5.946439344671015,110.0,117.03751100000001,122.15402418749999,44,19,3
pilot_tight,12,0001 1011 1101,10242,120.0,123.03772000000002,7535.0,7743.245070000001,6.625,6.7223659375,5.946439344671015,110.0,117.019711,122.16042106249999,44,19,3
pilot_tight,13,0011 0101 1111,32808,120.0,123.09600000000003,7535.0,7735.097999999999,6.625,6.723250000000002,5.946439344671015,110.0,116.79080000000002,122.07513125,46,20,3
pilot_tight,14,0011 1001 1111,33288,120.0,123.02400000000003,7535.0,7736.196,6.625,6.722125000000002,5.946439344671015,110.0,116.77280000000002,122.0816,46,20,3
pilot_tight,15,0101 1001 1111,33312,120.0,123.02400000000003,7535.0,7739.9400000000005,6.625,6.721000000000002,5.946439344671015,110.0,116.95280000000002,122.1159125,46,20,3
pilot_tight,16,0000 0101 1010,1057,120.0,123.21600000000002,7516.0,7748.667600000002,6.625,6.7283750000000015,5.946439344671015,110.0,117.1624,122.25056875000001,38,16,3
pilot_tight,17,0010 0111 1000,388,120.0,123.13268000000002,7516.0,7746.851437000002,6.625,6.7260278125,5.946439344671015,110.0,117.09281800000004,122.21719192187503,40,17,3
pilot_tight,18,0001 0100 1011,2066,120.0,123.20548000000001,7516.0,7745.395437000001,6.625,6.7271653125,5.946439344671015,110.0,117.09281800000002,122.20752317187502,40,17,3
pilot_tight,19,0010 1000 1101,8452,120.0,123.13268000000001,7516.0,7746.851437000001,6.625,6.7260278125,5.946439344671015,110.0,117.09281800000002,122.21719192187501,40,17,3
pilot_tight,20,0001 0100 1110,16402,120.0,123.20548000000001,7516.0,7745.395437000001,6.625,6.7271653125,5.946439344671015,110.0,117.09281800000002,122.20752317187502,40,17,3
pilot_extended,1,0001 0101 1000 1100,4386,124.0,123.85923600000001,7832.0,7823.011904000003,6.75,6.746295875000002,6.246439344671016,120.0,119.37452000000002,123.07286450000004,52,22,4
pilot_extended,2,0010 0110 1000 1100,4420,124.0,123.85923600000001,7832.0,7823.902824000002,6.75,6.746295875000002,6.246439344671016,120.0,119.46357200000001,123.08354468750002,52,22,4
pilot_extended,3,0001 0100 1001 1100,4626,124.0,123.91860400000002,7832.0,7822.715464000002,6.75,6.747223500000004,6.246439344671016,120.0,119.40460400000002,123.06921025000004,52,22,4
pilot_extended,4,0000 0101 1001 1100,4641,124.0,123.85968000000003,7832.0,7823.4111600000015,6.75,6.746307499999998,6.246439344671016,120.0,119.46496000000002,123.077134375,52,22,4
pilot_extended,5,0000 0110 1010 1100,5185,124.0,123.85968000000003,7832.0,7824.6362400000025,6.75,6.746307499999998,6.246439344671016,120.0,119.56828000000002,123.092125,52,22,4
pilot_extended,6,0001 0100 1000 1101,8466,124.0,123.85966443999999,7832.0,7823.409161879999,6.75,6.74630636625,6.246439344671016,120.0,119.46492227999997,123.07709983437506,52,22,4
pilot_extended,7,0000 0101 1000 1101,8481,124.0,123.9180128,7832.0,7822.736406799999,6.75,6.747210199999999,6.246439344671016,120.0,119.40320479999997,123.06951408124999,52,22,4
pilot_extended,8,0000 0100 1001 1101,8721,124.0,123.8593072,7832.0,7823.031134799999,6.75,6.7462929250000006,6.246439344671016,120.0,119.375052,123.07335193124999,52,22,4
pilot_extended,9,0010 0100 1000 1110,16660,124.0,123.85966443999999,7832.0,7824.634107419999,6.75,6.74630636625,6.246439344671016,120.0,119.56823093999999,123.09208881406255,52,22,4
pilot_extended,10,0000 0100 1010 1110,17425,124.0,123.8593072,7832.0,7823.912118799998,6.75,6.7462929250000006,6.246439344671016,120.0,119.46311039999999,123.08391309374998,52,22,4
pilot_extended,11,0011 0110 1001 1100,4680,124.0,123.84360000000004,7832.0,7822.537200000002,6.75,6.745837499999998,6.246439344671016,120.0,119.49840000000002,123.06780000000002,56,24,4
pilot_extended,12,0010 0111 1001 1100,4740,124.0,123.908516,7832.0,7822.455583999998,6.75,6.746856500000002,6.246439344671016,120.0,119.46746,123.0683660625,56,24,4
pilot_extended,13,0001 0111 1010 1100,5250,124.0,123.908516,7832.0,7822.826698,6.75,6.746856500000002,6.246439344671016,120.0,119.483578,123.07316359375001,56,24,4
pilot_extended,14,0001 0110 1011 1100,6210,124.0,123.84404400000001,7832.0,7822.836815999999,6.75,6.745849125000002,6.246439344671016,120.0,119.48367800000001,123.0733810625,56,24,4
pilot_extended,15,0011 0110 1000 1101,8520,124.0,123.90851600000002,7832.0,7822.455583999999,6.75,6.7468565000000025,6.246439344671016,120.0,119.46746000000002,123.06836606250002,56,24,4
pilot_extended,16,0010 0111 1000 1101,8580,124.0,123.84368676000001,7832.0,7822.59261572,6.75,6.745860683750002,6.246439344671016,120.0,119.49939224000005,123.06857521125004,56,24,4
pilot_extended,17,0000 0111 1010 1101,9345,124.0,123.84414880000004,7832.0,7822.891809200001,6.75,6.745873575000001,6.246439344671016,120.0,119.4848796,123.07414255625004,56,24,4
pilot_extended,18,0000 0110 1011 1101,10305,124.0,123.90957120000003,7832.0,7822.8574536000015,6.75,6.746895800000001,6.246439344671016,120.0,119.4851796,123.07378387500005,56,24,4
pilot_extended,19,0011 0101 1000 1110,16680,124.0,123.90851600000002,7832.0,7822.826698000001,6.75,6.7468565000000025,6.246439344671016,120.0,119.48357800000001,123.07316359375002,56,24,4
pilot_extended,20,0011 0100 1001 1110,16920,124.0,123.84404400000003,7832.0,7822.836816000001,6.75,6.745849125000003,6.246439344671016,120.0,119.48367800000003,123.07338106250002,56,24,4
